{
	"start":	{
		"connected":	[{
				"socket":	5,
				"local_host":	"10.120.139.106",
				"local_port":	35055,
				"remote_host":	"10.120.139.104",
				"remote_port":	5201
			}],
		"version":	"iperf 3.5",
		"system_info":	"Linux KN6GFJ-CHTEST-A 4.9.152 #0 Wed Jan 30 12:21:02 2019 mips",
		"timestamp":	{
			"time":	"Wed, 30 Jan 2019 17:02:02 GMT",
			"timesecs":	1548867722
		},
		"connecting_to":	{
			"host":	"10.120.139.104",
			"port":	5201
		},
		"cookie":	"ctfa3hnfdk5xzdem2tjw7s2mu5dyrpnigmsl",
		"sock_bufsize":	0,
		"sndbuf_actual":	163840,
		"rcvbuf_actual":	163840,
		"test_start":	{
			"protocol":	"UDP",
			"num_streams":	1,
			"blksize":	1448,
			"omit":	1,
			"duration":	5,
			"bytes":	0,
			"blocks":	0,
			"reverse":	0,
			"tos":	118
		}
	},
	"intervals":	[{
			"streams":	[{
					"socket":	5,
					"start":	0,
					"end":	1.0001440048217773,
					"seconds":	1.0001440048217773,
					"bytes":	1248176,
					"bits_per_second":	9983970.2601420581,
					"packets":	862,
					"omitted":	true
				}],
			"sum":	{
				"start":	0,
				"end":	1.0001440048217773,
				"seconds":	1.0001440048217773,
				"bytes":	1248176,
				"bits_per_second":	9983970.2601420581,
				"packets":	862,
				"omitted":	true
			}
		}, {
			"streams":	[{
					"socket":	5,
					"start":	0.00084590911865234375,
					"end":	0.99923610687255859,
					"seconds":	1.0000820159912109,
					"bytes":	1251072,
					"bits_per_second":	10007755.204037145,
					"packets":	864,
					"omitted":	false
				}],
			"sum":	{
				"start":	0.00084590911865234375,
				"end":	0.99923610687255859,
				"seconds":	1.0000820159912109,
				"bytes":	1251072,
				"bits_per_second":	10007755.204037145,
				"packets":	864,
				"omitted":	false
			}
		}, {
			"streams":	[{
					"socket":	5,
					"start":	0.99923610687255859,
					"end":	1.9994111061096191,
					"seconds":	1.0001749992370605,
					"bytes":	1251072,
					"bits_per_second":	10006824.813292276,
					"packets":	864,
					"omitted":	false
				}],
			"sum":	{
				"start":	0.99923610687255859,
				"end":	1.9994111061096191,
				"seconds":	1.0001749992370605,
				"bytes":	1251072,
				"bits_per_second":	10006824.813292276,
				"packets":	864,
				"omitted":	false
			}
		}, {
			"streams":	[{
					"socket":	5,
					"start":	1.9994111061096191,
					"end":	3.0002760887145996,
					"seconds":	1.0008649826049805,
					"bytes":	1249624,
					"bits_per_second":	9988352.249052152,
					"packets":	863,
					"omitted":	false
				}],
			"sum":	{
				"start":	1.9994111061096191,
				"end":	3.0002760887145996,
				"seconds":	1.0008649826049805,
				"bytes":	1249624,
				"bits_per_second":	9988352.249052152,
				"packets":	863,
				"omitted":	false
			}
		}, {
			"streams":	[{
					"socket":	5,
					"start":	3.0002760887145996,
					"end":	3.9996161460876465,
					"seconds":	0.99934005737304688,
					"bytes":	1249624,
					"bits_per_second":	10003593.797970004,
					"packets":	863,
					"omitted":	false
				}],
			"sum":	{
				"start":	3.0002760887145996,
				"end":	3.9996161460876465,
				"seconds":	0.99934005737304688,
				"bytes":	1249624,
				"bits_per_second":	10003593.797970004,
				"packets":	863,
				"omitted":	false
			}
		}, {
			"streams":	[{
					"socket":	5,
					"start":	3.9996161460876465,
					"end":	4.999251127243042,
					"seconds":	0.99963498115539551,
					"bytes":	1249624,
					"bits_per_second":	10000642.422942525,
					"packets":	863,
					"omitted":	false
				}],
			"sum":	{
				"start":	3.9996161460876465,
				"end":	4.999251127243042,
				"seconds":	0.99963498115539551,
				"bytes":	1249624,
				"bits_per_second":	10000642.422942525,
				"packets":	863,
				"omitted":	false
			}
		}],
	"end":	{
		"streams":	[{
				"udp":	{
					"socket":	5,
					"start":	0,
					"end":	4.999251127243042,
					"seconds":	4.999251127243042,
					"bytes":	6251016,
					"bits_per_second":	10003123.813381664,
					"jitter_ms":	1.357259357453797,
					"lost_packets":	0,
					"packets":	4317,
					"lost_percent":	0,
					"out_of_order":	0
				}
			}],
		"sum":	{
			"start":	0,
			"end":	5.0548040866851807,
			"seconds":	5.0548040866851807,
			"bytes":	6251016,
			"bits_per_second":	10003123.813381664,
			"jitter_ms":	1.357259357453797,
			"lost_packets":	0,
			"packets":	4317,
			"lost_percent":	0
		},
		"cpu_utilization_percent":	{
			"host_total":	31.417164092675794,
			"host_user":	2.9485995217043954,
			"host_system":	28.503128709809154,
			"remote_total":	12.73872490509024,
			"remote_user":	3.8588206369176405,
			"remote_system":	8.9579764785588072
		}
	}
}
