{
	"start":	{
		"connected":	[{
				"socket":	5,
				"local_host":	"10.120.139.106",
				"local_port":	55239,
				"remote_host":	"10.120.139.104",
				"remote_port":	5201
			}],
		"version":	"iperf 3.5",
		"system_info":	"Linux KN6GFJ-CHTEST-A 4.9.152 #0 Wed Jan 30 12:21:02 2019 mips",
		"timestamp":	{
			"time":	"Wed, 30 Jan 2019 17:02:48 GMT",
			"timesecs":	1548867768
		},
		"connecting_to":	{
			"host":	"10.120.139.104",
			"port":	5201
		},
		"cookie":	"iel75ptf6we2oamv3zpz2dhesiy65muhs2zw",
		"sock_bufsize":	0,
		"sndbuf_actual":	163840,
		"rcvbuf_actual":	163840,
		"test_start":	{
			"protocol":	"UDP",
			"num_streams":	1,
			"blksize":	1448,
			"omit":	1,
			"duration":	5,
			"bytes":	0,
			"blocks":	0,
			"reverse":	0,
			"tos":	118
		}
	},
	"intervals":	[{
			"streams":	[{
					"socket":	5,
					"start":	0,
					"end":	1.0005881786346436,
					"seconds":	1.0005881786346436,
					"bytes":	1582664,
					"bits_per_second":	12653869.264453076,
					"packets":	1093,
					"omitted":	true
				}],
			"sum":	{
				"start":	0,
				"end":	1.0005881786346436,
				"seconds":	1.0005881786346436,
				"bytes":	1582664,
				"bits_per_second":	12653869.264453076,
				"packets":	1093,
				"omitted":	true
			}
		}, {
			"streams":	[{
					"socket":	5,
					"start":	0.0010309219360351562,
					"end":	0.9990389347076416,
					"seconds":	1.0000698566436768,
					"bytes":	1417592,
					"bits_per_second":	11339943.829584582,
					"packets":	979,
					"omitted":	false
				}],
			"sum":	{
				"start":	0.0010309219360351562,
				"end":	0.9990389347076416,
				"seconds":	1.0000698566436768,
				"bytes":	1417592,
				"bits_per_second":	11339943.829584582,
				"packets":	979,
				"omitted":	false
			}
		}, {
			"streams":	[{
					"socket":	5,
					"start":	0.9990389347076416,
					"end":	1.9992818832397461,
					"seconds":	1.0002429485321045,
					"bytes":	1337952,
					"bits_per_second":	10701016.203821255,
					"packets":	924,
					"omitted":	false
				}],
			"sum":	{
				"start":	0.9990389347076416,
				"end":	1.9992818832397461,
				"seconds":	1.0002429485321045,
				"bytes":	1337952,
				"bits_per_second":	10701016.203821255,
				"packets":	924,
				"omitted":	false
			}
		}, {
			"streams":	[{
					"socket":	5,
					"start":	1.9992818832397461,
					"end":	2.9990639686584473,
					"seconds":	0.99978208541870117,
					"bytes":	1482752,
					"bits_per_second":	11864601.469661539,
					"packets":	1024,
					"omitted":	false
				}],
			"sum":	{
				"start":	1.9992818832397461,
				"end":	2.9990639686584473,
				"seconds":	0.99978208541870117,
				"bytes":	1482752,
				"bits_per_second":	11864601.469661539,
				"packets":	1024,
				"omitted":	false
			}
		}, {
			"streams":	[{
					"socket":	5,
					"start":	2.9990639686584473,
					"end":	3.999039888381958,
					"seconds":	0.99997591972351074,
					"bytes":	1448000,
					"bits_per_second":	11584278.952640109,
					"packets":	1000,
					"omitted":	false
				}],
			"sum":	{
				"start":	2.9990639686584473,
				"end":	3.999039888381958,
				"seconds":	0.99997591972351074,
				"bytes":	1448000,
				"bits_per_second":	11584278.952640109,
				"packets":	1000,
				"omitted":	false
			}
		}, {
			"streams":	[{
					"socket":	5,
					"start":	3.999039888381958,
					"end":	4.9986860752105713,
					"seconds":	0.99964618682861328,
					"bytes":	1413248,
					"bits_per_second":	11309985.621881217,
					"packets":	976,
					"omitted":	false
				}],
			"sum":	{
				"start":	3.999039888381958,
				"end":	4.9986860752105713,
				"seconds":	0.99964618682861328,
				"bytes":	1413248,
				"bits_per_second":	11309985.621881217,
				"packets":	976,
				"omitted":	false
			}
		}],
	"end":	{
		"streams":	[{
				"udp":	{
					"socket":	5,
					"start":	0,
					"end":	4.9986860752105713,
					"seconds":	4.9986860752105713,
					"bytes":	7099544,
					"bits_per_second":	11362256.230024895,
					"jitter_ms":	1.5235455683043306,
					"lost_packets":	0,
					"packets":	4903,
					"lost_percent":	0,
					"out_of_order":	0
				}
			}],
		"sum":	{
			"start":	0,
			"end":	5.0789492130279541,
			"seconds":	5.0789492130279541,
			"bytes":	7099544,
			"bits_per_second":	11362256.230024895,
			"jitter_ms":	1.5235455683043306,
			"lost_packets":	0,
			"packets":	4903,
			"lost_percent":	0
		},
		"cpu_utilization_percent":	{
			"host_total":	26.306011822694654,
			"host_user":	5.5719500169862535,
			"host_system":	20.648991239419644,
			"remote_total":	12.061167578523875,
			"remote_user":	4.3777901571955,
			"remote_system":	7.661132775092125
		}
	}
}
