{
	"start":	{
		"connected":	[{
				"socket":	5,
				"local_host":	"10.120.139.106",
				"local_port":	38257,
				"remote_host":	"10.120.139.104",
				"remote_port":	5201
			}],
		"version":	"iperf 3.5",
		"system_info":	"Linux KN6GFJ-CHTEST-A 4.9.152 #0 Wed Jan 30 12:21:02 2019 mips",
		"timestamp":	{
			"time":	"Wed, 30 Jan 2019 16:45:44 GMT",
			"timesecs":	1548866744
		},
		"connecting_to":	{
			"host":	"10.120.139.104",
			"port":	5201
		},
		"cookie":	"sumb6swvzica3pncvbwsqnlix5enktflfdtp",
		"sock_bufsize":	0,
		"sndbuf_actual":	163840,
		"rcvbuf_actual":	163840,
		"test_start":	{
			"protocol":	"UDP",
			"num_streams":	1,
			"blksize":	1448,
			"omit":	1,
			"duration":	5,
			"bytes":	0,
			"blocks":	0,
			"reverse":	0,
			"tos":	118
		}
	},
	"intervals":	[{
			"streams":	[{
					"socket":	5,
					"start":	0,
					"end":	1.0006790161132812,
					"seconds":	1.0006790161132812,
					"bytes":	932512,
					"bits_per_second":	7455033.9118487965,
					"packets":	644,
					"omitted":	true
				}],
			"sum":	{
				"start":	0,
				"end":	1.0006790161132812,
				"seconds":	1.0006790161132812,
				"bytes":	932512,
				"bits_per_second":	7455033.9118487965,
				"packets":	644,
				"omitted":	true
			}
		}, {
			"streams":	[{
					"socket":	5,
					"start":	0.00050902366638183594,
					"end":	0.99956297874450684,
					"seconds":	1.0000720024108887,
					"bytes":	703728,
					"bits_per_second":	5629418.6682839822,
					"packets":	486,
					"omitted":	false
				}],
			"sum":	{
				"start":	0.00050902366638183594,
				"end":	0.99956297874450684,
				"seconds":	1.0000720024108887,
				"bytes":	703728,
				"bits_per_second":	5629418.6682839822,
				"packets":	486,
				"omitted":	false
			}
		}, {
			"streams":	[{
					"socket":	5,
					"start":	0.99956297874450684,
					"end":	1.9995639324188232,
					"seconds":	1.0000009536743164,
					"bytes":	671872,
					"bits_per_second":	5374970.874028326,
					"packets":	464,
					"omitted":	false
				}],
			"sum":	{
				"start":	0.99956297874450684,
				"end":	1.9995639324188232,
				"seconds":	1.0000009536743164,
				"bytes":	671872,
				"bits_per_second":	5374970.874028326,
				"packets":	464,
				"omitted":	false
			}
		}, {
			"streams":	[{
					"socket":	5,
					"start":	1.9995639324188232,
					"end":	2.9995830059051514,
					"seconds":	1.0000190734863281,
					"bytes":	571960,
					"bits_per_second":	4575592.7274946691,
					"packets":	395,
					"omitted":	false
				}],
			"sum":	{
				"start":	1.9995639324188232,
				"end":	2.9995830059051514,
				"seconds":	1.0000190734863281,
				"bytes":	571960,
				"bits_per_second":	4575592.7274946691,
				"packets":	395,
				"omitted":	false
			}
		}, {
			"streams":	[{
					"socket":	5,
					"start":	2.9995830059051514,
					"end":	3.9995639324188232,
					"seconds":	0.99998092651367188,
					"bytes":	663184,
					"bits_per_second":	5305573.195777813,
					"packets":	458,
					"omitted":	false
				}],
			"sum":	{
				"start":	2.9995830059051514,
				"end":	3.9995639324188232,
				"seconds":	0.99998092651367188,
				"bytes":	663184,
				"bits_per_second":	5305573.195777813,
				"packets":	458,
				"omitted":	false
			}
		}, {
			"streams":	[{
					"socket":	5,
					"start":	3.9995639324188232,
					"end":	4.99904990196228,
					"seconds":	0.999485969543457,
					"bytes":	812328,
					"bits_per_second":	6501966.2086586636,
					"packets":	561,
					"omitted":	false
				}],
			"sum":	{
				"start":	3.9995639324188232,
				"end":	4.99904990196228,
				"seconds":	0.999485969543457,
				"bytes":	812328,
				"bits_per_second":	6501966.2086586636,
				"packets":	561,
				"omitted":	false
			}
		}],
	"end":	{
		"streams":	[{
				"udp":	{
					"socket":	5,
					"start":	0,
					"end":	4.99904990196228,
					"seconds":	4.99904990196228,
					"bytes":	3423072,
					"bits_per_second":	5477956.1190718887,
					"jitter_ms":	3.0231961353836714,
					"lost_packets":	3,
					"packets":	2364,
					"lost_percent":	0.12690355329949238,
					"out_of_order":	0
				}
			}],
		"sum":	{
			"start":	0,
			"end":	5.1121180057525635,
			"seconds":	5.1121180057525635,
			"bytes":	3423072,
			"bits_per_second":	5477956.1190718887,
			"jitter_ms":	3.0231961353836714,
			"lost_packets":	3,
			"packets":	2364,
			"lost_percent":	0.12690355329949238
		},
		"cpu_utilization_percent":	{
			"host_total":	17.368470004751977,
			"host_user":	3.2749658011696212,
			"host_system":	14.082352945029372,
			"remote_total":	6.4101936481698472,
			"remote_user":	2.1818129256324972,
			"remote_system":	4.227262543412964
		}
	}
}
