{
	"start":	{
		"connected":	[{
				"socket":	5,
				"local_host":	"10.120.139.106",
				"local_port":	55439,
				"remote_host":	"10.120.139.104",
				"remote_port":	5201
			}],
		"version":	"iperf 3.5",
		"system_info":	"Linux KN6GFJ-CHTEST-A 4.9.152 #0 Wed Jan 30 12:21:02 2019 mips",
		"timestamp":	{
			"time":	"Wed, 30 Jan 2019 16:49:12 GMT",
			"timesecs":	1548866952
		},
		"connecting_to":	{
			"host":	"10.120.139.104",
			"port":	5201
		},
		"cookie":	"i7fisqujs3iy77hpe5fka2p2e65mavscvcnn",
		"sock_bufsize":	0,
		"sndbuf_actual":	163840,
		"rcvbuf_actual":	163840,
		"test_start":	{
			"protocol":	"UDP",
			"num_streams":	1,
			"blksize":	1448,
			"omit":	1,
			"duration":	5,
			"bytes":	0,
			"blocks":	0,
			"reverse":	0,
			"tos":	118
		}
	},
	"intervals":	[{
			"streams":	[{
					"socket":	5,
					"start":	0,
					"end":	1.0001490116119385,
					"seconds":	1.0001490116119385,
					"bytes":	666080,
					"bits_per_second":	5327846.0890661078,
					"packets":	460,
					"omitted":	true
				}],
			"sum":	{
				"start":	0,
				"end":	1.0001490116119385,
				"seconds":	1.0001490116119385,
				"bytes":	666080,
				"bits_per_second":	5327846.0890661078,
				"packets":	460,
				"omitted":	true
			}
		}, {
			"streams":	[{
					"socket":	5,
					"start":	0.00039696693420410156,
					"end":	0.99965095520019531,
					"seconds":	1.0000479221343994,
					"bytes":	729792,
					"bits_per_second":	5838056.227884816,
					"packets":	504,
					"omitted":	false
				}],
			"sum":	{
				"start":	0.00039696693420410156,
				"end":	0.99965095520019531,
				"seconds":	1.0000479221343994,
				"bytes":	729792,
				"bits_per_second":	5838056.227884816,
				"packets":	504,
				"omitted":	false
			}
		}, {
			"streams":	[{
					"socket":	5,
					"start":	0.99965095520019531,
					"end":	1.9996559619903564,
					"seconds":	1.0000050067901611,
					"bytes":	576304,
					"bits_per_second":	4610408.9166499972,
					"packets":	398,
					"omitted":	false
				}],
			"sum":	{
				"start":	0.99965095520019531,
				"end":	1.9996559619903564,
				"seconds":	1.0000050067901611,
				"bytes":	576304,
				"bits_per_second":	4610408.9166499972,
				"packets":	398,
				"omitted":	false
			}
		}, {
			"streams":	[{
					"socket":	5,
					"start":	1.9996559619903564,
					"end":	2.9996480941772461,
					"seconds":	0.99999213218688965,
					"bytes":	576304,
					"bits_per_second":	4610468.2743027331,
					"packets":	398,
					"omitted":	false
				}],
			"sum":	{
				"start":	1.9996559619903564,
				"end":	2.9996480941772461,
				"seconds":	0.99999213218688965,
				"bytes":	576304,
				"bits_per_second":	4610468.2743027331,
				"packets":	398,
				"omitted":	false
			}
		}, {
			"streams":	[{
					"socket":	5,
					"start":	2.9996480941772461,
					"end":	3.9997210502624512,
					"seconds":	1.0000729560852051,
					"bytes":	486528,
					"bits_per_second":	3891940.0592894214,
					"packets":	336,
					"omitted":	false
				}],
			"sum":	{
				"start":	2.9996480941772461,
				"end":	3.9997210502624512,
				"seconds":	1.0000729560852051,
				"bytes":	486528,
				"bits_per_second":	3891940.0592894214,
				"packets":	336,
				"omitted":	false
			}
		}, {
			"streams":	[{
					"socket":	5,
					"start":	3.9997210502624512,
					"end":	4.9996781349182129,
					"seconds":	0.99995708465576172,
					"bytes":	527072,
					"bits_per_second":	4216756.9635766614,
					"packets":	364,
					"omitted":	false
				}],
			"sum":	{
				"start":	3.9997210502624512,
				"end":	4.9996781349182129,
				"seconds":	0.99995708465576172,
				"bytes":	527072,
				"bits_per_second":	4216756.9635766614,
				"packets":	364,
				"omitted":	false
			}
		}],
	"end":	{
		"streams":	[{
				"udp":	{
					"socket":	5,
					"start":	0,
					"end":	4.9996781349182129,
					"seconds":	4.9996781349182129,
					"bytes":	2896000,
					"bits_per_second":	4633898.2980109369,
					"jitter_ms":	3.8485044874364331,
					"lost_packets":	5,
					"packets":	2000,
					"lost_percent":	0.25,
					"out_of_order":	0
				}
			}],
		"sum":	{
			"start":	0,
			"end":	5.1103320121765137,
			"seconds":	5.1103320121765137,
			"bytes":	2896000,
			"bits_per_second":	4633898.2980109369,
			"jitter_ms":	3.8485044874364331,
			"lost_packets":	5,
			"packets":	2000,
			"lost_percent":	0.25
		},
		"cpu_utilization_percent":	{
			"host_total":	12.792851399238522,
			"host_user":	1.9584492150453943,
			"host_system":	10.771470682749669,
			"remote_total":	5.0776256553717323,
			"remote_user":	1.089788788034991,
			"remote_system":	3.9504843566268417
		}
	}
}
