{
	"start":	{
		"connected":	[{
				"socket":	5,
				"local_host":	"10.120.139.106",
				"local_port":	33877,
				"remote_host":	"10.120.139.104",
				"remote_port":	5201
			}],
		"version":	"iperf 3.5",
		"system_info":	"Linux KN6GFJ-CHTEST-A 4.9.152 #0 Wed Jan 30 12:21:02 2019 mips",
		"timestamp":	{
			"time":	"Wed, 30 Jan 2019 16:57:11 GMT",
			"timesecs":	1548867431
		},
		"connecting_to":	{
			"host":	"10.120.139.104",
			"port":	5201
		},
		"cookie":	"im2sxa5qrsflvyboaso5pn2ujkdheowgz44h",
		"sock_bufsize":	0,
		"sndbuf_actual":	163840,
		"rcvbuf_actual":	163840,
		"test_start":	{
			"protocol":	"UDP",
			"num_streams":	1,
			"blksize":	1448,
			"omit":	1,
			"duration":	5,
			"bytes":	0,
			"blocks":	0,
			"reverse":	0,
			"tos":	117
		}
	},
	"intervals":	[{
			"streams":	[{
					"socket":	5,
					"start":	0,
					"end":	1.0003790855407715,
					"seconds":	1.0003790855407715,
					"bytes":	750064,
					"bits_per_second":	5998238.15464547,
					"packets":	518,
					"omitted":	true
				}],
			"sum":	{
				"start":	0,
				"end":	1.0003790855407715,
				"seconds":	1.0003790855407715,
				"bytes":	750064,
				"bits_per_second":	5998238.15464547,
				"packets":	518,
				"omitted":	true
			}
		}, {
			"streams":	[{
					"socket":	5,
					"start":	0.0011000633239746094,
					"end":	0.99915194511413574,
					"seconds":	1.0002520084381104,
					"bytes":	751512,
					"bits_per_second":	6010581.2827987866,
					"packets":	519,
					"omitted":	false
				}],
			"sum":	{
				"start":	0.0011000633239746094,
				"end":	0.99915194511413574,
				"seconds":	1.0002520084381104,
				"bytes":	751512,
				"bits_per_second":	6010581.2827987866,
				"packets":	519,
				"omitted":	false
			}
		}, {
			"streams":	[{
					"socket":	5,
					"start":	0.99915194511413574,
					"end":	1.9991769790649414,
					"seconds":	1.0000250339508057,
					"bytes":	750064,
					"bits_per_second":	6000361.7872382021,
					"packets":	518,
					"omitted":	false
				}],
			"sum":	{
				"start":	0.99915194511413574,
				"end":	1.9991769790649414,
				"seconds":	1.0000250339508057,
				"bytes":	750064,
				"bits_per_second":	6000361.7872382021,
				"packets":	518,
				"omitted":	false
			}
		}, {
			"streams":	[{
					"socket":	5,
					"start":	1.9991769790649414,
					"end":	2.999629020690918,
					"seconds":	1.0004520416259766,
					"bytes":	750064,
					"bits_per_second":	5997800.7443992179,
					"packets":	518,
					"omitted":	false
				}],
			"sum":	{
				"start":	1.9991769790649414,
				"end":	2.999629020690918,
				"seconds":	1.0004520416259766,
				"bytes":	750064,
				"bits_per_second":	5997800.7443992179,
				"packets":	518,
				"omitted":	false
			}
		}, {
			"streams":	[{
					"socket":	5,
					"start":	2.999629020690918,
					"end":	3.9992668628692627,
					"seconds":	0.99963784217834473,
					"bytes":	748616,
					"bits_per_second":	5991097.7229006495,
					"packets":	517,
					"omitted":	false
				}],
			"sum":	{
				"start":	2.999629020690918,
				"end":	3.9992668628692627,
				"seconds":	0.99963784217834473,
				"bytes":	748616,
				"bits_per_second":	5991097.7229006495,
				"packets":	517,
				"omitted":	false
			}
		}, {
			"streams":	[{
					"socket":	5,
					"start":	3.9992668628692627,
					"end":	4.9988958835601807,
					"seconds":	0.999629020690918,
					"bytes":	750064,
					"bits_per_second":	6002738.8919267273,
					"packets":	518,
					"omitted":	false
				}],
			"sum":	{
				"start":	3.9992668628692627,
				"end":	4.9988958835601807,
				"seconds":	0.999629020690918,
				"bytes":	750064,
				"bits_per_second":	6002738.8919267273,
				"packets":	518,
				"omitted":	false
			}
		}],
	"end":	{
		"streams":	[{
				"udp":	{
					"socket":	5,
					"start":	0,
					"end":	4.9988958835601807,
					"seconds":	4.9988958835601807,
					"bytes":	3750320,
					"bits_per_second":	6001837.3454564484,
					"jitter_ms":	0.26762015962831609,
					"lost_packets":	0,
					"packets":	2590,
					"lost_percent":	0,
					"out_of_order":	0
				}
			}],
		"sum":	{
			"start":	0,
			"end":	5.0468690395355225,
			"seconds":	5.0468690395355225,
			"bytes":	3750320,
			"bits_per_second":	6001837.3454564484,
			"jitter_ms":	0.26762015962831609,
			"lost_packets":	0,
			"packets":	2590,
			"lost_percent":	0
		},
		"cpu_utilization_percent":	{
			"host_total":	28.427030939151056,
			"host_user":	3.43937584172582,
			"host_system":	25.0583097040024,
			"remote_total":	7.7799763379425864,
			"remote_user":	3.4759279118298703,
			"remote_system":	4.2483563366809518
		}
	}
}
