{
	"start":	{
		"connected":	[{
				"socket":	5,
				"local_host":	"10.120.139.106",
				"local_port":	38636,
				"remote_host":	"10.120.139.104",
				"remote_port":	5201
			}],
		"version":	"iperf 3.5",
		"system_info":	"Linux KN6GFJ-CHTEST-A 4.9.152 #0 Wed Jan 30 12:21:02 2019 mips",
		"timestamp":	{
			"time":	"Wed, 30 Jan 2019 16:53:26 GMT",
			"timesecs":	1548867206
		},
		"connecting_to":	{
			"host":	"10.120.139.104",
			"port":	5201
		},
		"cookie":	"uunlof7i625m24ulmkzkjc5ybpednbpgka5h",
		"sock_bufsize":	0,
		"sndbuf_actual":	163840,
		"rcvbuf_actual":	163840,
		"test_start":	{
			"protocol":	"UDP",
			"num_streams":	1,
			"blksize":	1448,
			"omit":	1,
			"duration":	5,
			"bytes":	0,
			"blocks":	0,
			"reverse":	0,
			"tos":	118
		}
	},
	"intervals":	[{
			"streams":	[{
					"socket":	5,
					"start":	0,
					"end":	1.0001609325408936,
					"seconds":	1.0001609325408936,
					"bytes":	1201840,
					"bits_per_second":	9613172.9276547041,
					"packets":	830,
					"omitted":	true
				}],
			"sum":	{
				"start":	0,
				"end":	1.0001609325408936,
				"seconds":	1.0001609325408936,
				"bytes":	1201840,
				"bits_per_second":	9613172.9276547041,
				"packets":	830,
				"omitted":	true
			}
		}, {
			"streams":	[{
					"socket":	5,
					"start":	0.00042200088500976562,
					"end":	1.0000901222229004,
					"seconds":	1.0005121231079102,
					"bytes":	948440,
					"bits_per_second":	7583636.2446371363,
					"packets":	655,
					"omitted":	false
				}],
			"sum":	{
				"start":	0.00042200088500976562,
				"end":	1.0000901222229004,
				"seconds":	1.0005121231079102,
				"bytes":	948440,
				"bits_per_second":	7583636.2446371363,
				"packets":	655,
				"omitted":	false
			}
		}, {
			"streams":	[{
					"socket":	5,
					"start":	1.0000901222229004,
					"end":	2.000075101852417,
					"seconds":	0.9999849796295166,
					"bytes":	729792,
					"bits_per_second":	5838423.6952869426,
					"packets":	504,
					"omitted":	false
				}],
			"sum":	{
				"start":	1.0000901222229004,
				"end":	2.000075101852417,
				"seconds":	0.9999849796295166,
				"bytes":	729792,
				"bits_per_second":	5838423.6952869426,
				"packets":	504,
				"omitted":	false
			}
		}, {
			"streams":	[{
					"socket":	5,
					"start":	2.000075101852417,
					"end":	3.0000779628753662,
					"seconds":	1.0000028610229492,
					"bytes":	1139576,
					"bits_per_second":	9116581.9172499161,
					"packets":	787,
					"omitted":	false
				}],
			"sum":	{
				"start":	2.000075101852417,
				"end":	3.0000779628753662,
				"seconds":	1.0000028610229492,
				"bytes":	1139576,
				"bits_per_second":	9116581.9172499161,
				"packets":	787,
				"omitted":	false
			}
		}, {
			"streams":	[{
					"socket":	5,
					"start":	3.0000779628753662,
					"end":	4.0000741481781006,
					"seconds":	0.99999618530273438,
					"bytes":	1099032,
					"bits_per_second":	8792289.539922867,
					"packets":	759,
					"omitted":	false
				}],
			"sum":	{
				"start":	3.0000779628753662,
				"end":	4.0000741481781006,
				"seconds":	0.99999618530273438,
				"bytes":	1099032,
				"bits_per_second":	8792289.539922867,
				"packets":	759,
				"omitted":	false
			}
		}, {
			"streams":	[{
					"socket":	5,
					"start":	4.0000741481781006,
					"end":	4.9999120235443115,
					"seconds":	0.99983787536621094,
					"bytes":	1145368,
					"bits_per_second":	9164429.77982194,
					"packets":	791,
					"omitted":	false
				}],
			"sum":	{
				"start":	4.0000741481781006,
				"end":	4.9999120235443115,
				"seconds":	0.99983787536621094,
				"bytes":	1145368,
				"bits_per_second":	9164429.77982194,
				"packets":	791,
				"omitted":	false
			}
		}],
	"end":	{
		"streams":	[{
				"udp":	{
					"socket":	5,
					"start":	0,
					"end":	4.9999120235443115,
					"seconds":	4.9999120235443115,
					"bytes":	5062208,
					"bits_per_second":	8099675.3161453083,
					"jitter_ms":	2.1299999529396954,
					"lost_packets":	2,
					"packets":	3496,
					"lost_percent":	0.057208237986270026,
					"out_of_order":	0
				}
			}],
		"sum":	{
			"start":	0,
			"end":	5.0634379386901855,
			"seconds":	5.0634379386901855,
			"bytes":	5062208,
			"bits_per_second":	8099675.3161453083,
			"jitter_ms":	2.1299999529396954,
			"lost_packets":	2,
			"packets":	3496,
			"lost_percent":	0.057208237986270026
		},
		"cpu_utilization_percent":	{
			"host_total":	18.931988950140418,
			"host_user":	2.2945421855678214,
			"host_system":	16.553482910167855,
			"remote_total":	8.4544560517654261,
			"remote_user":	2.0680581389048474,
			"remote_system":	6.3420449593081987
		}
	}
}
