{
	"start":	{
		"connected":	[{
				"socket":	5,
				"local_host":	"10.120.139.106",
				"local_port":	54055,
				"remote_host":	"10.120.139.104",
				"remote_port":	5201
			}],
		"version":	"iperf 3.5",
		"system_info":	"Linux KN6GFJ-CHTEST-A 4.9.152 #0 Wed Jan 30 12:21:02 2019 mips",
		"timestamp":	{
			"time":	"Wed, 30 Jan 2019 16:48:27 GMT",
			"timesecs":	1548866907
		},
		"connecting_to":	{
			"host":	"10.120.139.104",
			"port":	5201
		},
		"cookie":	"ivomdi3mxu6x4qqqiel35xjv3oyz2l3d52ic",
		"sock_bufsize":	0,
		"sndbuf_actual":	163840,
		"rcvbuf_actual":	163840,
		"test_start":	{
			"protocol":	"UDP",
			"num_streams":	1,
			"blksize":	1448,
			"omit":	1,
			"duration":	5,
			"bytes":	0,
			"blocks":	0,
			"reverse":	0,
			"tos":	117
		}
	},
	"intervals":	[{
			"streams":	[{
					"socket":	5,
					"start":	0,
					"end":	1.0001599788665771,
					"seconds":	1.0001599788665771,
					"bytes":	687800,
					"bits_per_second":	5501519.8730862522,
					"packets":	475,
					"omitted":	true
				}],
			"sum":	{
				"start":	0,
				"end":	1.0001599788665771,
				"seconds":	1.0001599788665771,
				"bytes":	687800,
				"bits_per_second":	5501519.8730862522,
				"packets":	475,
				"omitted":	true
			}
		}, {
			"streams":	[{
					"socket":	5,
					"start":	0.00039792060852050781,
					"end":	1.0000729560852051,
					"seconds":	1.0004708766937256,
					"bytes":	673320,
					"bits_per_second":	5384024.788208792,
					"packets":	465,
					"omitted":	false
				}],
			"sum":	{
				"start":	0.00039792060852050781,
				"end":	1.0000729560852051,
				"seconds":	1.0004708766937256,
				"bytes":	673320,
				"bits_per_second":	5384024.788208792,
				"packets":	465,
				"omitted":	false
			}
		}, {
			"streams":	[{
					"socket":	5,
					"start":	1.0000729560852051,
					"end":	2.0000741481781006,
					"seconds":	1.0000011920928955,
					"bytes":	501008,
					"bits_per_second":	4008059.2220210768,
					"packets":	346,
					"omitted":	false
				}],
			"sum":	{
				"start":	1.0000729560852051,
				"end":	2.0000741481781006,
				"seconds":	1.0000011920928955,
				"bytes":	501008,
				"bits_per_second":	4008059.2220210768,
				"packets":	346,
				"omitted":	false
			}
		}, {
			"streams":	[{
					"socket":	5,
					"start":	2.0000741481781006,
					"end":	3.0000741481781006,
					"seconds":	1,
					"bytes":	628432,
					"bits_per_second":	5027456,
					"packets":	434,
					"omitted":	false
				}],
			"sum":	{
				"start":	2.0000741481781006,
				"end":	3.0000741481781006,
				"seconds":	1,
				"bytes":	628432,
				"bits_per_second":	5027456,
				"packets":	434,
				"omitted":	false
			}
		}, {
			"streams":	[{
					"socket":	5,
					"start":	3.0000741481781006,
					"end":	4.0000369548797607,
					"seconds":	0.99996280670166016,
					"bytes":	653048,
					"bits_per_second":	5224578.31930013,
					"packets":	451,
					"omitted":	false
				}],
			"sum":	{
				"start":	3.0000741481781006,
				"end":	4.0000369548797607,
				"seconds":	0.99996280670166016,
				"bytes":	653048,
				"bits_per_second":	5224578.31930013,
				"packets":	451,
				"omitted":	false
			}
		}, {
			"streams":	[{
					"socket":	5,
					"start":	4.0000369548797607,
					"end":	4.9999439716339111,
					"seconds":	0.99990701675415039,
					"bytes":	763096,
					"bits_per_second":	6105335.6939298231,
					"packets":	527,
					"omitted":	false
				}],
			"sum":	{
				"start":	4.0000369548797607,
				"end":	4.9999439716339111,
				"seconds":	0.99990701675415039,
				"bytes":	763096,
				"bits_per_second":	6105335.6939298231,
				"packets":	527,
				"omitted":	false
			}
		}],
	"end":	{
		"streams":	[{
				"udp":	{
					"socket":	5,
					"start":	0,
					"end":	4.9999439716339111,
					"seconds":	4.9999439716339111,
					"bytes":	3218904,
					"bits_per_second":	5150304.1126248585,
					"jitter_ms":	3.1017815461172296,
					"lost_packets":	1,
					"packets":	2223,
					"lost_percent":	0.0449842555105713,
					"out_of_order":	0
				}
			}],
		"sum":	{
			"start":	0,
			"end":	5.1082448959350586,
			"seconds":	5.1082448959350586,
			"bytes":	3218904,
			"bits_per_second":	5150304.1126248585,
			"jitter_ms":	3.1017815461172296,
			"lost_packets":	1,
			"packets":	2223,
			"lost_percent":	0.0449842555105713
		},
		"cpu_utilization_percent":	{
			"host_total":	13.153892365588154,
			"host_user":	3.1152566250031151,
			"host_system":	10.001613375010002,
			"remote_total":	5.7205952086870751,
			"remote_user":	1.3700974317386632,
			"remote_system":	4.3843117815637225
		}
	}
}
