{
	"start":	{
		"connected":	[{
				"socket":	5,
				"local_host":	"10.120.139.106",
				"local_port":	36106,
				"remote_host":	"10.120.139.104",
				"remote_port":	5201
			}],
		"version":	"iperf 3.5",
		"system_info":	"Linux KN6GFJ-CHTEST-A 4.9.152 #0 Wed Jan 30 12:21:02 2019 mips",
		"timestamp":	{
			"time":	"Wed, 30 Jan 2019 16:44:36 GMT",
			"timesecs":	1548866676
		},
		"connecting_to":	{
			"host":	"10.120.139.104",
			"port":	5201
		},
		"cookie":	"ghngss7hiv7rjrn3w5c7nfvvv4q4pbieoojx",
		"sock_bufsize":	0,
		"sndbuf_actual":	163840,
		"rcvbuf_actual":	163840,
		"test_start":	{
			"protocol":	"UDP",
			"num_streams":	1,
			"blksize":	1448,
			"omit":	1,
			"duration":	5,
			"bytes":	0,
			"blocks":	0,
			"reverse":	0,
			"tos":	118
		}
	},
	"intervals":	[{
			"streams":	[{
					"socket":	5,
					"start":	0,
					"end":	1.0001599788665771,
					"seconds":	1.0001599788665771,
					"bytes":	1020840,
					"bits_per_second":	8165413.7063701218,
					"packets":	705,
					"omitted":	true
				}],
			"sum":	{
				"start":	0,
				"end":	1.0001599788665771,
				"seconds":	1.0001599788665771,
				"bytes":	1020840,
				"bits_per_second":	8165413.7063701218,
				"packets":	705,
				"omitted":	true
			}
		}, {
			"streams":	[{
					"socket":	5,
					"start":	0.00040102005004882812,
					"end":	0.9996340274810791,
					"seconds":	1.0000350475311279,
					"bytes":	784816,
					"bits_per_second":	6278307.960806313,
					"packets":	542,
					"omitted":	false
				}],
			"sum":	{
				"start":	0.00040102005004882812,
				"end":	0.9996340274810791,
				"seconds":	1.0000350475311279,
				"bytes":	784816,
				"bits_per_second":	6278307.960806313,
				"packets":	542,
				"omitted":	false
			}
		}, {
			"streams":	[{
					"socket":	5,
					"start":	0.9996340274810791,
					"end":	1.9996340274810791,
					"seconds":	1,
					"bytes":	877488,
					"bits_per_second":	7019904,
					"packets":	606,
					"omitted":	false
				}],
			"sum":	{
				"start":	0.9996340274810791,
				"end":	1.9996340274810791,
				"seconds":	1,
				"bytes":	877488,
				"bits_per_second":	7019904,
				"packets":	606,
				"omitted":	false
			}
		}, {
			"streams":	[{
					"socket":	5,
					"start":	1.9996340274810791,
					"end":	3.0007259845733643,
					"seconds":	1.0010919570922852,
					"bytes":	631328,
					"bits_per_second":	5045114.9509479189,
					"packets":	436,
					"omitted":	false
				}],
			"sum":	{
				"start":	1.9996340274810791,
				"end":	3.0007259845733643,
				"seconds":	1.0010919570922852,
				"bytes":	631328,
				"bits_per_second":	5045114.9509479189,
				"packets":	436,
				"omitted":	false
			}
		}, {
			"streams":	[{
					"socket":	5,
					"start":	3.0007259845733643,
					"end":	3.9996349811553955,
					"seconds":	0.99890899658203125,
					"bytes":	554584,
					"bits_per_second":	4441517.7110036742,
					"packets":	383,
					"omitted":	false
				}],
			"sum":	{
				"start":	3.0007259845733643,
				"end":	3.9996349811553955,
				"seconds":	0.99890899658203125,
				"bytes":	554584,
				"bits_per_second":	4441517.7110036742,
				"packets":	383,
				"omitted":	false
			}
		}, {
			"streams":	[{
					"socket":	5,
					"start":	3.9996349811553955,
					"end":	5.0003509521484375,
					"seconds":	1.000715970993042,
					"bytes":	609608,
					"bits_per_second":	4873374.8050013976,
					"packets":	421,
					"omitted":	false
				}],
			"sum":	{
				"start":	3.9996349811553955,
				"end":	5.0003509521484375,
				"seconds":	1.000715970993042,
				"bytes":	609608,
				"bits_per_second":	4873374.8050013976,
				"packets":	421,
				"omitted":	false
			}
		}],
	"end":	{
		"streams":	[{
				"udp":	{
					"socket":	5,
					"start":	0,
					"end":	5.0003509521484375,
					"seconds":	5.0003509521484375,
					"bytes":	3457824,
					"bits_per_second":	5532130.0974113755,
					"jitter_ms":	1.2951874375060362,
					"lost_packets":	4,
					"packets":	2388,
					"lost_percent":	0.16750418760469013,
					"out_of_order":	0
				}
			}],
		"sum":	{
			"start":	0,
			"end":	5.0967681407928467,
			"seconds":	5.0967681407928467,
			"bytes":	3457824,
			"bits_per_second":	5532130.0974113755,
			"jitter_ms":	1.2951874375060362,
			"lost_packets":	4,
			"packets":	2388,
			"lost_percent":	0.16750418760469013
		},
		"cpu_utilization_percent":	{
			"host_total":	17.227629252517218,
			"host_user":	2.9435409227412084,
			"host_system":	14.227114459915841,
			"remote_total":	5.9405594329695122,
			"remote_user":	1.9295283195665509,
			"remote_system":	3.9796521591060112
		}
	}
}
