{
	"start":	{
		"connected":	[{
				"socket":	5,
				"local_host":	"10.120.139.106",
				"local_port":	38156,
				"remote_host":	"10.120.139.104",
				"remote_port":	5201
			}],
		"version":	"iperf 3.5",
		"system_info":	"Linux KN6GFJ-CHTEST-A 4.9.152 #0 Wed Jan 30 12:21:02 2019 mips",
		"timestamp":	{
			"time":	"Wed, 30 Jan 2019 16:57:41 GMT",
			"timesecs":	1548867461
		},
		"connecting_to":	{
			"host":	"10.120.139.104",
			"port":	5201
		},
		"cookie":	"fpnfr5rvynryehzesdvea3aq6vdvxgjq5jj5",
		"sock_bufsize":	0,
		"sndbuf_actual":	163840,
		"rcvbuf_actual":	163840,
		"test_start":	{
			"protocol":	"UDP",
			"num_streams":	1,
			"blksize":	1448,
			"omit":	1,
			"duration":	5,
			"bytes":	0,
			"blocks":	0,
			"reverse":	0,
			"tos":	118
		}
	},
	"intervals":	[{
			"streams":	[{
					"socket":	5,
					"start":	0,
					"end":	1.0003769397735596,
					"seconds":	1.0003769397735596,
					"bytes":	1249624,
					"bits_per_second":	9993225.1559725776,
					"packets":	863,
					"omitted":	true
				}],
			"sum":	{
				"start":	0,
				"end":	1.0003769397735596,
				"seconds":	1.0003769397735596,
				"bytes":	1249624,
				"bits_per_second":	9993225.1559725776,
				"packets":	863,
				"omitted":	true
			}
		}, {
			"streams":	[{
					"socket":	5,
					"start":	0.00058197975158691406,
					"end":	0.9994199275970459,
					"seconds":	1.0000019073486328,
					"bytes":	1251072,
					"bits_per_second":	10008556.910192661,
					"packets":	864,
					"omitted":	false
				}],
			"sum":	{
				"start":	0.00058197975158691406,
				"end":	0.9994199275970459,
				"seconds":	1.0000019073486328,
				"bytes":	1251072,
				"bits_per_second":	10008556.910192661,
				"packets":	864,
				"omitted":	false
			}
		}, {
			"streams":	[{
					"socket":	5,
					"start":	0.9994199275970459,
					"end":	1.9996309280395508,
					"seconds":	1.0002110004425049,
					"bytes":	1251072,
					"bits_per_second":	10006464.631534837,
					"packets":	864,
					"omitted":	false
				}],
			"sum":	{
				"start":	0.9994199275970459,
				"end":	1.9996309280395508,
				"seconds":	1.0002110004425049,
				"bytes":	1251072,
				"bits_per_second":	10006464.631534837,
				"packets":	864,
				"omitted":	false
			}
		}, {
			"streams":	[{
					"socket":	5,
					"start":	1.9996309280395508,
					"end":	3.0005218982696533,
					"seconds":	1.0008909702301025,
					"bytes":	1249624,
					"bits_per_second":	9988092.9065647516,
					"packets":	863,
					"omitted":	false
				}],
			"sum":	{
				"start":	1.9996309280395508,
				"end":	3.0005218982696533,
				"seconds":	1.0008909702301025,
				"bytes":	1249624,
				"bits_per_second":	9988092.9065647516,
				"packets":	863,
				"omitted":	false
			}
		}, {
			"streams":	[{
					"socket":	5,
					"start":	3.0005218982696533,
					"end":	3.999445915222168,
					"seconds":	0.99892401695251465,
					"bytes":	1249624,
					"bits_per_second":	10007760.180297298,
					"packets":	863,
					"omitted":	false
				}],
			"sum":	{
				"start":	3.0005218982696533,
				"end":	3.999445915222168,
				"seconds":	0.99892401695251465,
				"bytes":	1249624,
				"bits_per_second":	10007760.180297298,
				"packets":	863,
				"omitted":	false
			}
		}, {
			"streams":	[{
					"socket":	5,
					"start":	3.999445915222168,
					"end":	4.9993588924407959,
					"seconds":	0.99991297721862793,
					"bytes":	1248176,
					"bits_per_second":	9986277.0336030163,
					"packets":	862,
					"omitted":	false
				}],
			"sum":	{
				"start":	3.999445915222168,
				"end":	4.9993588924407959,
				"seconds":	0.99991297721862793,
				"bytes":	1248176,
				"bits_per_second":	9986277.0336030163,
				"packets":	862,
				"omitted":	false
			}
		}],
	"end":	{
		"streams":	[{
				"udp":	{
					"socket":	5,
					"start":	0,
					"end":	4.9993588924407959,
					"seconds":	4.9993588924407959,
					"bytes":	6249568,
					"bits_per_second":	10000591.090908978,
					"jitter_ms":	0.74505024582594426,
					"lost_packets":	0,
					"packets":	4316,
					"lost_percent":	0,
					"out_of_order":	0
				}
			}],
		"sum":	{
			"start":	0,
			"end":	5.0484480857849121,
			"seconds":	5.0484480857849121,
			"bytes":	6249568,
			"bits_per_second":	10000591.090908978,
			"jitter_ms":	0.74505024582594426,
			"lost_packets":	0,
			"packets":	4316,
			"lost_percent":	0
		},
		"cpu_utilization_percent":	{
			"host_total":	31.137685806508152,
			"host_user":	6.5522158365418717,
			"host_system":	24.570809387032018,
			"remote_total":	12.296874512679503,
			"remote_user":	3.4348581218113359,
			"remote_system":	8.7932367918370176
		}
	}
}
