{
	"start":	{
		"connected":	[{
				"socket":	5,
				"local_host":	"10.120.139.106",
				"local_port":	39711,
				"remote_host":	"10.120.139.104",
				"remote_port":	5201
			}],
		"version":	"iperf 3.5",
		"system_info":	"Linux KN6GFJ-CHTEST-A 4.9.152 #0 Wed Jan 30 12:21:02 2019 mips",
		"timestamp":	{
			"time":	"Wed, 30 Jan 2019 16:51:27 GMT",
			"timesecs":	1548867087
		},
		"connecting_to":	{
			"host":	"10.120.139.104",
			"port":	5201
		},
		"cookie":	"dfqjlj4go2snit4jequ2js6hngfpeux2emdt",
		"sock_bufsize":	0,
		"sndbuf_actual":	163840,
		"rcvbuf_actual":	163840,
		"test_start":	{
			"protocol":	"UDP",
			"num_streams":	1,
			"blksize":	1448,
			"omit":	1,
			"duration":	5,
			"bytes":	0,
			"blocks":	0,
			"reverse":	0,
			"tos":	118
		}
	},
	"intervals":	[{
			"streams":	[{
					"socket":	5,
					"start":	0,
					"end":	1.0001568794250488,
					"seconds":	1.0001568794250488,
					"bytes":	941200,
					"bits_per_second":	7528418.94596423,
					"packets":	650,
					"omitted":	true
				}],
			"sum":	{
				"start":	0,
				"end":	1.0001568794250488,
				"seconds":	1.0001568794250488,
				"bytes":	941200,
				"bits_per_second":	7528418.94596423,
				"packets":	650,
				"omitted":	true
			}
		}, {
			"streams":	[{
					"socket":	5,
					"start":	0.00041413307189941406,
					"end":	0.99966788291931152,
					"seconds":	1.0000820159912109,
					"bytes":	677664,
					"bits_per_second":	5420867.4021867868,
					"packets":	468,
					"omitted":	false
				}],
			"sum":	{
				"start":	0.00041413307189941406,
				"end":	0.99966788291931152,
				"seconds":	1.0000820159912109,
				"bytes":	677664,
				"bits_per_second":	5420867.4021867868,
				"packets":	468,
				"omitted":	false
			}
		}, {
			"streams":	[{
					"socket":	5,
					"start":	0.99966788291931152,
					"end":	1.9996218681335449,
					"seconds":	0.9999539852142334,
					"bytes":	616848,
					"bits_per_second":	4935011.0834777616,
					"packets":	426,
					"omitted":	false
				}],
			"sum":	{
				"start":	0.99966788291931152,
				"end":	1.9996218681335449,
				"seconds":	0.9999539852142334,
				"bytes":	616848,
				"bits_per_second":	4935011.0834777616,
				"packets":	426,
				"omitted":	false
			}
		}, {
			"streams":	[{
					"socket":	5,
					"start":	1.9996218681335449,
					"end":	2.9996230602264404,
					"seconds":	1.0000011920928955,
					"bytes":	561824,
					"bits_per_second":	4494586.6420351956,
					"packets":	388,
					"omitted":	false
				}],
			"sum":	{
				"start":	1.9996218681335449,
				"end":	2.9996230602264404,
				"seconds":	1.0000011920928955,
				"bytes":	561824,
				"bits_per_second":	4494586.6420351956,
				"packets":	388,
				"omitted":	false
			}
		}, {
			"streams":	[{
					"socket":	5,
					"start":	2.9996230602264404,
					"end":	3.9996230602264404,
					"seconds":	1,
					"bytes":	776128,
					"bits_per_second":	6209024,
					"packets":	536,
					"omitted":	false
				}],
			"sum":	{
				"start":	2.9996230602264404,
				"end":	3.9996230602264404,
				"seconds":	1,
				"bytes":	776128,
				"bits_per_second":	6209024,
				"packets":	536,
				"omitted":	false
			}
		}, {
			"streams":	[{
					"socket":	5,
					"start":	3.9996230602264404,
					"end":	4.9996378421783447,
					"seconds":	1.0000147819519043,
					"bytes":	735584,
					"bits_per_second":	5884585.0143473409,
					"packets":	508,
					"omitted":	false
				}],
			"sum":	{
				"start":	3.9996230602264404,
				"end":	4.9996378421783447,
				"seconds":	1.0000147819519043,
				"bytes":	735584,
				"bits_per_second":	5884585.0143473409,
				"packets":	508,
				"omitted":	false
			}
		}],
	"end":	{
		"streams":	[{
				"udp":	{
					"socket":	5,
					"start":	0,
					"end":	4.9996378421783447,
					"seconds":	4.9996378421783447,
					"bytes":	3368048,
					"bits_per_second":	5389267.1530504934,
					"jitter_ms":	2.4871739567669944,
					"lost_packets":	0,
					"packets":	2326,
					"lost_percent":	0,
					"out_of_order":	0
				}
			}],
		"sum":	{
			"start":	0,
			"end":	5.1022119522094727,
			"seconds":	5.1022119522094727,
			"bytes":	3368048,
			"bits_per_second":	5389267.1530504934,
			"jitter_ms":	2.4871739567669944,
			"lost_packets":	0,
			"packets":	2326,
			"lost_percent":	0
		},
		"cpu_utilization_percent":	{
			"host_total":	13.215311801235725,
			"host_user":	4.259758779690519,
			"host_system":	8.8471913116649237,
			"remote_total":	6.1441544539234005,
			"remote_user":	1.9196497681268756,
			"remote_system":	4.1135352174147339
		}
	}
}
