{
	"start":	{
		"connected":	[{
				"socket":	5,
				"local_host":	"10.120.139.106",
				"local_port":	47650,
				"remote_host":	"10.120.139.104",
				"remote_port":	5201
			}],
		"version":	"iperf 3.5",
		"system_info":	"Linux KN6GFJ-CHTEST-A 4.9.152 #0 Wed Jan 30 12:21:02 2019 mips",
		"timestamp":	{
			"time":	"Wed, 30 Jan 2019 16:43:57 GMT",
			"timesecs":	1548866637
		},
		"connecting_to":	{
			"host":	"10.120.139.104",
			"port":	5201
		},
		"cookie":	"muu3lnwuecu7z6xpfs72c6mvqlpn5rdrgza3",
		"sock_bufsize":	0,
		"sndbuf_actual":	163840,
		"rcvbuf_actual":	163840,
		"test_start":	{
			"protocol":	"UDP",
			"num_streams":	1,
			"blksize":	1448,
			"omit":	1,
			"duration":	5,
			"bytes":	0,
			"blocks":	0,
			"reverse":	0,
			"tos":	117
		}
	},
	"intervals":	[{
			"streams":	[{
					"socket":	5,
					"start":	0,
					"end":	1.0001850128173828,
					"seconds":	1.0001850128173828,
					"bytes":	622640,
					"bits_per_second":	4980198.5994259939,
					"packets":	430,
					"omitted":	true
				}],
			"sum":	{
				"start":	0,
				"end":	1.0001850128173828,
				"seconds":	1.0001850128173828,
				"bytes":	622640,
				"bits_per_second":	4980198.5994259939,
				"packets":	430,
				"omitted":	true
			}
		}, {
			"streams":	[{
					"socket":	5,
					"start":	0.00065207481384277344,
					"end":	0.99937105178833008,
					"seconds":	1.0000231266021729,
					"bytes":	618296,
					"bits_per_second":	4946253.609960516,
					"packets":	427,
					"omitted":	false
				}],
			"sum":	{
				"start":	0.00065207481384277344,
				"end":	0.99937105178833008,
				"seconds":	1.0000231266021729,
				"bytes":	618296,
				"bits_per_second":	4946253.609960516,
				"packets":	427,
				"omitted":	false
			}
		}, {
			"streams":	[{
					"socket":	5,
					"start":	0.99937105178833008,
					"end":	1.9993929862976074,
					"seconds":	1.0000219345092773,
					"bytes":	560376,
					"bits_per_second":	4482909.6695762631,
					"packets":	387,
					"omitted":	false
				}],
			"sum":	{
				"start":	0.99937105178833008,
				"end":	1.9993929862976074,
				"seconds":	1.0000219345092773,
				"bytes":	560376,
				"bits_per_second":	4482909.6695762631,
				"packets":	387,
				"omitted":	false
			}
		}, {
			"streams":	[{
					"socket":	5,
					"start":	1.9993929862976074,
					"end":	2.9994640350341797,
					"seconds":	1.0000710487365723,
					"bytes":	411232,
					"bits_per_second":	3289622.2764934553,
					"packets":	284,
					"omitted":	false
				}],
			"sum":	{
				"start":	1.9993929862976074,
				"end":	2.9994640350341797,
				"seconds":	1.0000710487365723,
				"bytes":	411232,
				"bits_per_second":	3289622.2764934553,
				"packets":	284,
				"omitted":	false
			}
		}, {
			"streams":	[{
					"socket":	5,
					"start":	2.9994640350341797,
					"end":	3.9996860027313232,
					"seconds":	1.0002219676971436,
					"bytes":	815224,
					"bits_per_second":	6520344.6941036675,
					"packets":	563,
					"omitted":	false
				}],
			"sum":	{
				"start":	2.9994640350341797,
				"end":	3.9996860027313232,
				"seconds":	1.0002219676971436,
				"bytes":	815224,
				"bits_per_second":	6520344.6941036675,
				"packets":	563,
				"omitted":	false
			}
		}, {
			"streams":	[{
					"socket":	5,
					"start":	3.9996860027313232,
					"end":	4.9993739128112793,
					"seconds":	0.999687910079956,
					"bytes":	657392,
					"bits_per_second":	5260777.8357341234,
					"packets":	454,
					"omitted":	false
				}],
			"sum":	{
				"start":	3.9996860027313232,
				"end":	4.9993739128112793,
				"seconds":	0.999687910079956,
				"bytes":	657392,
				"bits_per_second":	5260777.8357341234,
				"packets":	454,
				"omitted":	false
			}
		}],
	"end":	{
		"streams":	[{
				"udp":	{
					"socket":	5,
					"start":	0,
					"end":	4.9993739128112793,
					"seconds":	4.9993739128112793,
					"bytes":	3062520,
					"bits_per_second":	4900645.6462911209,
					"jitter_ms":	1.3510184090107233,
					"lost_packets":	1,
					"packets":	2115,
					"lost_percent":	0.047281323877068557,
					"out_of_order":	0
				}
			}],
		"sum":	{
			"start":	0,
			"end":	5.1201539039611816,
			"seconds":	5.1201539039611816,
			"bytes":	3062520,
			"bits_per_second":	4900645.6462911209,
			"jitter_ms":	1.3510184090107233,
			"lost_packets":	1,
			"packets":	2115,
			"lost_percent":	0.047281323877068557
		},
		"cpu_utilization_percent":	{
			"host_total":	18.023224841135075,
			"host_user":	3.4422713876926996,
			"host_system":	14.588673976411917,
			"remote_total":	6.0169560820084991,
			"remote_user":	2.4571262188881748,
			"remote_system":	3.5491823161718083
		}
	}
}
