{
	"start":	{
		"connected":	[{
				"socket":	5,
				"local_host":	"10.120.139.106",
				"local_port":	36231,
				"remote_host":	"10.120.139.104",
				"remote_port":	5201
			}],
		"version":	"iperf 3.5",
		"system_info":	"Linux KN6GFJ-CHTEST-A 4.9.152 #0 Wed Jan 30 12:21:02 2019 mips",
		"timestamp":	{
			"time":	"Wed, 30 Jan 2019 16:55:04 GMT",
			"timesecs":	1548867304
		},
		"connecting_to":	{
			"host":	"10.120.139.104",
			"port":	5201
		},
		"cookie":	"a2li2jmym45bmpjxt7kfobzchkrdosvgk6us",
		"sock_bufsize":	0,
		"sndbuf_actual":	163840,
		"rcvbuf_actual":	163840,
		"test_start":	{
			"protocol":	"UDP",
			"num_streams":	1,
			"blksize":	1448,
			"omit":	1,
			"duration":	5,
			"bytes":	0,
			"blocks":	0,
			"reverse":	0,
			"tos":	118
		}
	},
	"intervals":	[{
			"streams":	[{
					"socket":	5,
					"start":	0,
					"end":	1.0001649856567383,
					"seconds":	1.0001649856567383,
					"bytes":	1004912,
					"bits_per_second":	8037969.8502654117,
					"packets":	694,
					"omitted":	true
				}],
			"sum":	{
				"start":	0,
				"end":	1.0001649856567383,
				"seconds":	1.0001649856567383,
				"bytes":	1004912,
				"bits_per_second":	8037969.8502654117,
				"packets":	694,
				"omitted":	true
			}
		}, {
			"streams":	[{
					"socket":	5,
					"start":	0.00040698051452636719,
					"end":	0.99961090087890625,
					"seconds":	1.0000178813934326,
					"bytes":	1268448,
					"bits_per_second":	10147402.550302679,
					"packets":	876,
					"omitted":	false
				}],
			"sum":	{
				"start":	0.00040698051452636719,
				"end":	0.99961090087890625,
				"seconds":	1.0000178813934326,
				"bytes":	1268448,
				"bits_per_second":	10147402.550302679,
				"packets":	876,
				"omitted":	false
			}
		}, {
			"streams":	[{
					"socket":	5,
					"start":	0.99961090087890625,
					"end":	1.9996190071105957,
					"seconds":	1.0000081062316895,
					"bytes":	1366912,
					"bits_per_second":	10935207.356675595,
					"packets":	944,
					"omitted":	false
				}],
			"sum":	{
				"start":	0.99961090087890625,
				"end":	1.9996190071105957,
				"seconds":	1.0000081062316895,
				"bytes":	1366912,
				"bits_per_second":	10935207.356675595,
				"packets":	944,
				"omitted":	false
			}
		}, {
			"streams":	[{
					"socket":	5,
					"start":	1.9996190071105957,
					"end":	3.0012140274047852,
					"seconds":	1.0015950202941895,
					"bytes":	1275688,
					"bits_per_second":	10189251.936378866,
					"packets":	881,
					"omitted":	false
				}],
			"sum":	{
				"start":	1.9996190071105957,
				"end":	3.0012140274047852,
				"seconds":	1.0015950202941895,
				"bytes":	1275688,
				"bits_per_second":	10189251.936378866,
				"packets":	881,
				"omitted":	false
			}
		}, {
			"streams":	[{
					"socket":	5,
					"start":	3.0012140274047852,
					"end":	3.9996209144592285,
					"seconds":	0.99840688705444336,
					"bytes":	1075864,
					"bits_per_second":	8620645.6622035131,
					"packets":	743,
					"omitted":	false
				}],
			"sum":	{
				"start":	3.0012140274047852,
				"end":	3.9996209144592285,
				"seconds":	0.99840688705444336,
				"bytes":	1075864,
				"bits_per_second":	8620645.6622035131,
				"packets":	743,
				"omitted":	false
			}
		}, {
			"streams":	[{
					"socket":	5,
					"start":	3.9996209144592285,
					"end":	4.9997069835662842,
					"seconds":	1.0000860691070557,
					"bytes":	1307544,
					"bits_per_second":	10459451.764326353,
					"packets":	903,
					"omitted":	false
				}],
			"sum":	{
				"start":	3.9996209144592285,
				"end":	4.9997069835662842,
				"seconds":	1.0000860691070557,
				"bytes":	1307544,
				"bits_per_second":	10459451.764326353,
				"packets":	903,
				"omitted":	false
			}
		}],
	"end":	{
		"streams":	[{
				"udp":	{
					"socket":	5,
					"start":	0,
					"end":	4.9997069835662842,
					"seconds":	4.9997069835662842,
					"bytes":	6294456,
					"bits_per_second":	10071719.83588554,
					"jitter_ms":	0.66301903076921542,
					"lost_packets":	0,
					"packets":	4347,
					"lost_percent":	0,
					"out_of_order":	0
				}
			}],
		"sum":	{
			"start":	0,
			"end":	5.1359879970550537,
			"seconds":	5.1359879970550537,
			"bytes":	6294456,
			"bits_per_second":	10071719.83588554,
			"jitter_ms":	0.66301903076921542,
			"lost_packets":	0,
			"packets":	4347,
			"lost_percent":	0
		},
		"cpu_utilization_percent":	{
			"host_total":	21.930997428266259,
			"host_user":	15.068752398038015,
			"host_system":	6.805243018468782,
			"remote_total":	8.9928222157859654,
			"remote_user":	1.6294321062487498,
			"remote_system":	7.3324444781193749
		}
	}
}
