{
	"start":	{
		"connected":	[{
				"socket":	5,
				"local_host":	"10.120.139.106",
				"local_port":	56725,
				"remote_host":	"10.120.139.104",
				"remote_port":	5201
			}],
		"version":	"iperf 3.5",
		"system_info":	"Linux KN6GFJ-CHTEST-A 4.9.152 #0 Wed Jan 30 12:21:02 2019 mips",
		"timestamp":	{
			"time":	"Wed, 30 Jan 2019 16:56:41 GMT",
			"timesecs":	1548867401
		},
		"connecting_to":	{
			"host":	"10.120.139.104",
			"port":	5201
		},
		"cookie":	"uewng4u75medeowi2ove7ih2xzatju73wt3u",
		"sock_bufsize":	0,
		"sndbuf_actual":	163840,
		"rcvbuf_actual":	163840,
		"test_start":	{
			"protocol":	"UDP",
			"num_streams":	1,
			"blksize":	1448,
			"omit":	1,
			"duration":	5,
			"bytes":	0,
			"blocks":	0,
			"reverse":	0,
			"tos":	117
		}
	},
	"intervals":	[{
			"streams":	[{
					"socket":	5,
					"start":	0,
					"end":	1.0001821517944336,
					"seconds":	1.0001821517944336,
					"bytes":	250504,
					"bits_per_second":	2003667.0284553193,
					"packets":	173,
					"omitted":	true
				}],
			"sum":	{
				"start":	0,
				"end":	1.0001821517944336,
				"seconds":	1.0001821517944336,
				"bytes":	250504,
				"bits_per_second":	2003667.0284553193,
				"packets":	173,
				"omitted":	true
			}
		}, {
			"streams":	[{
					"socket":	5,
					"start":	0.00042581558227539062,
					"end":	1.0000691413879395,
					"seconds":	1.0004949569702148,
					"bytes":	250504,
					"bits_per_second":	2003040.58110276,
					"packets":	173,
					"omitted":	false
				}],
			"sum":	{
				"start":	0.00042581558227539062,
				"end":	1.0000691413879395,
				"seconds":	1.0004949569702148,
				"bytes":	250504,
				"bits_per_second":	2003040.58110276,
				"packets":	173,
				"omitted":	false
			}
		}, {
			"streams":	[{
					"socket":	5,
					"start":	1.0000691413879395,
					"end":	2.0001590251922607,
					"seconds":	1.0000898838043213,
					"bytes":	250504,
					"bits_per_second":	2003851.8861691747,
					"packets":	173,
					"omitted":	false
				}],
			"sum":	{
				"start":	1.0000691413879395,
				"end":	2.0001590251922607,
				"seconds":	1.0000898838043213,
				"bytes":	250504,
				"bits_per_second":	2003851.8861691747,
				"packets":	173,
				"omitted":	false
			}
		}, {
			"streams":	[{
					"socket":	5,
					"start":	2.0001590251922607,
					"end":	3.0000710487365723,
					"seconds":	0.99991202354431152,
					"bytes":	249056,
					"bits_per_second":	1992623.3039358025,
					"packets":	172,
					"omitted":	false
				}],
			"sum":	{
				"start":	2.0001590251922607,
				"end":	3.0000710487365723,
				"seconds":	0.99991202354431152,
				"bytes":	249056,
				"bits_per_second":	1992623.3039358025,
				"packets":	172,
				"omitted":	false
			}
		}, {
			"streams":	[{
					"socket":	5,
					"start":	3.0000710487365723,
					"end":	4.00007700920105,
					"seconds":	1.0000059604644775,
					"bytes":	250504,
					"bits_per_second":	2004020.0551096492,
					"packets":	173,
					"omitted":	false
				}],
			"sum":	{
				"start":	3.0000710487365723,
				"end":	4.00007700920105,
				"seconds":	1.0000059604644775,
				"bytes":	250504,
				"bits_per_second":	2004020.0551096492,
				"packets":	173,
				"omitted":	false
			}
		}, {
			"streams":	[{
					"socket":	5,
					"start":	4.00007700920105,
					"end":	4.9995970726013184,
					"seconds":	0.99952006340026855,
					"bytes":	249056,
					"bits_per_second":	1993404.7078773873,
					"packets":	172,
					"omitted":	false
				}],
			"sum":	{
				"start":	4.00007700920105,
				"end":	4.9995970726013184,
				"seconds":	0.99952006340026855,
				"bytes":	249056,
				"bits_per_second":	1993404.7078773873,
				"packets":	172,
				"omitted":	false
			}
		}],
	"end":	{
		"streams":	[{
				"udp":	{
					"socket":	5,
					"start":	0,
					"end":	4.9995970726013184,
					"seconds":	4.9995970726013184,
					"bytes":	1249624,
					"bits_per_second":	1999559.5354644267,
					"jitter_ms":	0.26607042028506456,
					"lost_packets":	0,
					"packets":	863,
					"lost_percent":	0,
					"out_of_order":	0
				}
			}],
		"sum":	{
			"start":	0,
			"end":	5.0465271472930908,
			"seconds":	5.0465271472930908,
			"bytes":	1249624,
			"bits_per_second":	1999559.5354644267,
			"jitter_ms":	0.26607042028506456,
			"lost_packets":	0,
			"packets":	863,
			"lost_percent":	0
		},
		"cpu_utilization_percent":	{
			"host_total":	12.885013003607876,
			"host_user":	3.7727276082465262,
			"host_system":	9.0217399327634329,
			"remote_total":	3.43886363748933,
			"remote_user":	1.2382633274281931,
			"remote_system":	2.20135702653901
		}
	}
}
