{
	"start":	{
		"connected":	[{
				"socket":	5,
				"local_host":	"10.120.139.106",
				"local_port":	43621,
				"remote_host":	"10.120.139.104",
				"remote_port":	5201
			}],
		"version":	"iperf 3.5",
		"system_info":	"Linux KN6GFJ-CHTEST-A 4.9.152 #0 Wed Jan 30 12:21:02 2019 mips",
		"timestamp":	{
			"time":	"Wed, 30 Jan 2019 16:49:42 GMT",
			"timesecs":	1548866982
		},
		"connecting_to":	{
			"host":	"10.120.139.104",
			"port":	5201
		},
		"cookie":	"abuemo4ypmbgdnbioj6ga3gbnprsx5gy5xt5",
		"sock_bufsize":	0,
		"sndbuf_actual":	163840,
		"rcvbuf_actual":	163840,
		"test_start":	{
			"protocol":	"UDP",
			"num_streams":	1,
			"blksize":	1448,
			"omit":	1,
			"duration":	5,
			"bytes":	0,
			"blocks":	0,
			"reverse":	0,
			"tos":	118
		}
	},
	"intervals":	[{
			"streams":	[{
					"socket":	5,
					"start":	0,
					"end":	1.0001599788665771,
					"seconds":	1.0001599788665771,
					"bytes":	891968,
					"bits_per_second":	7134602.6143602766,
					"packets":	616,
					"omitted":	true
				}],
			"sum":	{
				"start":	0,
				"end":	1.0001599788665771,
				"seconds":	1.0001599788665771,
				"bytes":	891968,
				"bits_per_second":	7134602.6143602766,
				"packets":	616,
				"omitted":	true
			}
		}, {
			"streams":	[{
					"socket":	5,
					"start":	0.00061011314392089844,
					"end":	1.0000710487365723,
					"seconds":	1.0006811618804932,
					"bytes":	787712,
					"bits_per_second":	6297406.44678248,
					"packets":	544,
					"omitted":	false
				}],
			"sum":	{
				"start":	0.00061011314392089844,
				"end":	1.0000710487365723,
				"seconds":	1.0006811618804932,
				"bytes":	787712,
				"bits_per_second":	6297406.44678248,
				"packets":	544,
				"omitted":	false
			}
		}, {
			"streams":	[{
					"socket":	5,
					"start":	1.0000710487365723,
					"end":	2.0000720024108887,
					"seconds":	1.0000009536743164,
					"bytes":	608160,
					"bits_per_second":	4865275.3601118466,
					"packets":	420,
					"omitted":	false
				}],
			"sum":	{
				"start":	1.0000710487365723,
				"end":	2.0000720024108887,
				"seconds":	1.0000009536743164,
				"bytes":	608160,
				"bits_per_second":	4865275.3601118466,
				"packets":	420,
				"omitted":	false
			}
		}, {
			"streams":	[{
					"socket":	5,
					"start":	2.0000720024108887,
					"end":	3.0000379085540771,
					"seconds":	0.99996590614318848,
					"bytes":	635672,
					"bits_per_second":	5085549.3859925736,
					"packets":	439,
					"omitted":	false
				}],
			"sum":	{
				"start":	2.0000720024108887,
				"end":	3.0000379085540771,
				"seconds":	0.99996590614318848,
				"bytes":	635672,
				"bits_per_second":	5085549.3859925736,
				"packets":	439,
				"omitted":	false
			}
		}, {
			"streams":	[{
					"socket":	5,
					"start":	3.0000379085540771,
					"end":	4.0000720024108887,
					"seconds":	1.0000340938568115,
					"bytes":	670424,
					"bits_per_second":	5363209.1475152746,
					"packets":	463,
					"omitted":	false
				}],
			"sum":	{
				"start":	3.0000379085540771,
				"end":	4.0000720024108887,
				"seconds":	1.0000340938568115,
				"bytes":	670424,
				"bits_per_second":	5363209.1475152746,
				"packets":	463,
				"omitted":	false
			}
		}, {
			"streams":	[{
					"socket":	5,
					"start":	4.0000720024108887,
					"end":	4.9994370937347412,
					"seconds":	0.99936509132385254,
					"bytes":	573408,
					"bits_per_second":	4590178.3440557048,
					"packets":	396,
					"omitted":	false
				}],
			"sum":	{
				"start":	4.0000720024108887,
				"end":	4.9994370937347412,
				"seconds":	0.99936509132385254,
				"bytes":	573408,
				"bits_per_second":	4590178.3440557048,
				"packets":	396,
				"omitted":	false
			}
		}],
	"end":	{
		"streams":	[{
				"udp":	{
					"socket":	5,
					"start":	0,
					"end":	4.9994370937347412,
					"seconds":	4.9994370937347412,
					"bytes":	3275376,
					"bits_per_second":	5241191.6599245584,
					"jitter_ms":	1.2290968023854183,
					"lost_packets":	0,
					"packets":	2262,
					"lost_percent":	0,
					"out_of_order":	0
				}
			}],
		"sum":	{
			"start":	0,
			"end":	5.089771032333374,
			"seconds":	5.089771032333374,
			"bytes":	3275376,
			"bits_per_second":	5241191.6599245584,
			"jitter_ms":	1.2290968023854183,
			"lost_packets":	0,
			"packets":	2262,
			"lost_percent":	0
		},
		"cpu_utilization_percent":	{
			"host_total":	13.790901069891257,
			"host_user":	3.1107677260140569,
			"host_system":	10.642100115311248,
			"remote_total":	5.8123697751613452,
			"remote_user":	0.96030958185925819,
			"remote_system":	4.8015479092962909
		}
	}
}
