{
	"start":	{
		"connected":	[{
				"socket":	5,
				"local_host":	"10.120.139.106",
				"local_port":	51977,
				"remote_host":	"10.120.139.104",
				"remote_port":	5201
			}],
		"version":	"iperf 3.5",
		"system_info":	"Linux KN6GFJ-CHTEST-A 4.9.152 #0 Wed Jan 30 12:21:02 2019 mips",
		"timestamp":	{
			"time":	"Wed, 30 Jan 2019 16:49:05 GMT",
			"timesecs":	1548866945
		},
		"connecting_to":	{
			"host":	"10.120.139.104",
			"port":	5201
		},
		"cookie":	"gng6x4tac274lx6vkb7o6lzloivxqqll6vbb",
		"sock_bufsize":	0,
		"sndbuf_actual":	163840,
		"rcvbuf_actual":	163840,
		"test_start":	{
			"protocol":	"UDP",
			"num_streams":	1,
			"blksize":	1448,
			"omit":	1,
			"duration":	5,
			"bytes":	0,
			"blocks":	0,
			"reverse":	0,
			"tos":	118
		}
	},
	"intervals":	[{
			"streams":	[{
					"socket":	5,
					"start":	0,
					"end":	1.0008790493011475,
					"seconds":	1.0008790493011475,
					"bytes":	768888,
					"bits_per_second":	6145701.6252812361,
					"packets":	531,
					"omitted":	true
				}],
			"sum":	{
				"start":	0,
				"end":	1.0008790493011475,
				"seconds":	1.0008790493011475,
				"bytes":	768888,
				"bits_per_second":	6145701.6252812361,
				"packets":	531,
				"omitted":	true
			}
		}, {
			"streams":	[{
					"socket":	5,
					"start":	0.0016710758209228516,
					"end":	1.0000159740447998,
					"seconds":	1.0016870498657227,
					"bytes":	511144,
					"bits_per_second":	4082265.0153540028,
					"packets":	353,
					"omitted":	false
				}],
			"sum":	{
				"start":	0.0016710758209228516,
				"end":	1.0000159740447998,
				"seconds":	1.0016870498657227,
				"bytes":	511144,
				"bits_per_second":	4082265.0153540028,
				"packets":	353,
				"omitted":	false
			}
		}, {
			"streams":	[{
					"socket":	5,
					"start":	1.0000159740447998,
					"end":	2.0000169277191162,
					"seconds":	1.0000009536743164,
					"bytes":	637120,
					"bits_per_second":	5096955.1391647914,
					"packets":	440,
					"omitted":	false
				}],
			"sum":	{
				"start":	1.0000159740447998,
				"end":	2.0000169277191162,
				"seconds":	1.0000009536743164,
				"bytes":	637120,
				"bits_per_second":	5096955.1391647914,
				"packets":	440,
				"omitted":	false
			}
		}, {
			"streams":	[{
					"socket":	5,
					"start":	2.0000169277191162,
					"end":	3.0000169277191162,
					"seconds":	1,
					"bytes":	679112,
					"bits_per_second":	5432896,
					"packets":	469,
					"omitted":	false
				}],
			"sum":	{
				"start":	2.0000169277191162,
				"end":	3.0000169277191162,
				"seconds":	1,
				"bytes":	679112,
				"bits_per_second":	5432896,
				"packets":	469,
				"omitted":	false
			}
		}, {
			"streams":	[{
					"socket":	5,
					"start":	3.0000169277191162,
					"end":	4.0000190734863281,
					"seconds":	1.0000021457672119,
					"bytes":	529968,
					"bits_per_second":	4239734.9025158593,
					"packets":	366,
					"omitted":	false
				}],
			"sum":	{
				"start":	3.0000169277191162,
				"end":	4.0000190734863281,
				"seconds":	1.0000021457672119,
				"bytes":	529968,
				"bits_per_second":	4239734.9025158593,
				"packets":	366,
				"omitted":	false
			}
		}, {
			"streams":	[{
					"socket":	5,
					"start":	4.0000190734863281,
					"end":	4.9984340667724609,
					"seconds":	0.99841499328613281,
					"bytes":	802192,
					"bits_per_second":	6427723.9856721759,
					"packets":	554,
					"omitted":	false
				}],
			"sum":	{
				"start":	4.0000190734863281,
				"end":	4.9984340667724609,
				"seconds":	0.99841499328613281,
				"bytes":	802192,
				"bits_per_second":	6427723.9856721759,
				"packets":	554,
				"omitted":	false
			}
		}],
	"end":	{
		"streams":	[{
				"udp":	{
					"socket":	5,
					"start":	0,
					"end":	4.9984340667724609,
					"seconds":	4.9984340667724609,
					"bytes":	3159536,
					"bits_per_second":	5056841.3351746285,
					"jitter_ms":	0.97304093412765524,
					"lost_packets":	2,
					"packets":	2182,
					"lost_percent":	0.091659028414298807,
					"out_of_order":	0
				}
			}],
		"sum":	{
			"start":	0,
			"end":	5.1864109039306641,
			"seconds":	5.1864109039306641,
			"bytes":	3159536,
			"bits_per_second":	5056841.3351746285,
			"jitter_ms":	0.97304093412765524,
			"lost_packets":	2,
			"packets":	2182,
			"lost_percent":	0.091659028414298807
		},
		"cpu_utilization_percent":	{
			"host_total":	14.856825365713764,
			"host_user":	3.5287009296041809,
			"host_system":	11.227684776013302,
			"remote_total":	5.6939811293302816,
			"remote_user":	1.34842508669362,
			"remote_system":	4.3149602774195834
		}
	}
}
