{
	"start":	{
		"connected":	[{
				"socket":	5,
				"local_host":	"10.120.139.106",
				"local_port":	57633,
				"remote_host":	"10.120.139.104",
				"remote_port":	5201
			}],
		"version":	"iperf 3.5",
		"system_info":	"Linux KN6GFJ-CHTEST-A 4.9.152 #0 Wed Jan 30 12:21:02 2019 mips",
		"timestamp":	{
			"time":	"Wed, 30 Jan 2019 17:00:55 GMT",
			"timesecs":	1548867655
		},
		"connecting_to":	{
			"host":	"10.120.139.104",
			"port":	5201
		},
		"cookie":	"2ljwc2wdevugrzy52ebwju3yguowbcsjxhdf",
		"sock_bufsize":	0,
		"sndbuf_actual":	163840,
		"rcvbuf_actual":	163840,
		"test_start":	{
			"protocol":	"UDP",
			"num_streams":	1,
			"blksize":	1448,
			"omit":	1,
			"duration":	5,
			"bytes":	0,
			"blocks":	0,
			"reverse":	0,
			"tos":	117
		}
	},
	"intervals":	[{
			"streams":	[{
					"socket":	5,
					"start":	0,
					"end":	1.0001749992370605,
					"seconds":	1.0001749992370605,
					"bytes":	125976,
					"bits_per_second":	1007631.6652273472,
					"packets":	87,
					"omitted":	true
				}],
			"sum":	{
				"start":	0,
				"end":	1.0001749992370605,
				"seconds":	1.0001749992370605,
				"bytes":	125976,
				"bits_per_second":	1007631.6652273472,
				"packets":	87,
				"omitted":	true
			}
		}, {
			"streams":	[{
					"socket":	5,
					"start":	0.00042009353637695312,
					"end":	1.0000710487365723,
					"seconds":	1.0004911422729492,
					"bytes":	124528,
					"bits_per_second":	995734.95247218781,
					"packets":	86,
					"omitted":	false
				}],
			"sum":	{
				"start":	0.00042009353637695312,
				"end":	1.0000710487365723,
				"seconds":	1.0004911422729492,
				"bytes":	124528,
				"bits_per_second":	995734.95247218781,
				"packets":	86,
				"omitted":	false
			}
		}, {
			"streams":	[{
					"socket":	5,
					"start":	1.0000710487365723,
					"end":	2.0000059604644775,
					"seconds":	0.99993491172790527,
					"bytes":	125976,
					"bits_per_second":	1007873.6007511627,
					"packets":	87,
					"omitted":	false
				}],
			"sum":	{
				"start":	1.0000710487365723,
				"end":	2.0000059604644775,
				"seconds":	0.99993491172790527,
				"bytes":	125976,
				"bits_per_second":	1007873.6007511627,
				"packets":	87,
				"omitted":	false
			}
		}, {
			"streams":	[{
					"socket":	5,
					"start":	2.0000059604644775,
					"end":	3.0000710487365723,
					"seconds":	1.0000650882720947,
					"bytes":	124528,
					"bits_per_second":	996159.16172143223,
					"packets":	86,
					"omitted":	false
				}],
			"sum":	{
				"start":	2.0000059604644775,
				"end":	3.0000710487365723,
				"seconds":	1.0000650882720947,
				"bytes":	124528,
				"bits_per_second":	996159.16172143223,
				"packets":	86,
				"omitted":	false
			}
		}, {
			"streams":	[{
					"socket":	5,
					"start":	3.0000710487365723,
					"end":	4.0000720024108887,
					"seconds":	1.0000009536743164,
					"bytes":	124528,
					"bits_per_second":	996223.04992766387,
					"packets":	86,
					"omitted":	false
				}],
			"sum":	{
				"start":	3.0000710487365723,
				"end":	4.0000720024108887,
				"seconds":	1.0000009536743164,
				"bytes":	124528,
				"bits_per_second":	996223.04992766387,
				"packets":	86,
				"omitted":	false
			}
		}, {
			"streams":	[{
					"socket":	5,
					"start":	4.0000720024108887,
					"end":	4.9996190071105957,
					"seconds":	0.999547004699707,
					"bytes":	124528,
					"bits_per_second":	996675.48931257578,
					"packets":	86,
					"omitted":	false
				}],
			"sum":	{
				"start":	4.0000720024108887,
				"end":	4.9996190071105957,
				"seconds":	0.999547004699707,
				"bytes":	124528,
				"bits_per_second":	996675.48931257578,
				"packets":	86,
				"omitted":	false
			}
		}],
	"end":	{
		"streams":	[{
				"udp":	{
					"socket":	5,
					"start":	0,
					"end":	4.9996190071105957,
					"seconds":	4.9996190071105957,
					"bytes":	624088,
					"bits_per_second":	998616.89318710868,
					"jitter_ms":	0.27818688491789811,
					"lost_packets":	0,
					"packets":	431,
					"lost_percent":	0,
					"out_of_order":	0
				}
			}],
		"sum":	{
			"start":	0,
			"end":	5.0471899509429932,
			"seconds":	5.0471899509429932,
			"bytes":	624088,
			"bits_per_second":	998616.89318710868,
			"jitter_ms":	0.27818688491789811,
			"lost_packets":	0,
			"packets":	431,
			"lost_percent":	0
		},
		"cpu_utilization_percent":	{
			"host_total":	9.0536179799792613,
			"host_user":	3.9307088099795453,
			"host_system":	5.07716554622358,
			"remote_total":	0.9946735521141854,
			"remote_user":	0,
			"remote_system":	0.94518772373381088
		}
	}
}
