{
	"start":	{
		"connected":	[{
				"socket":	5,
				"local_host":	"10.120.139.106",
				"local_port":	54243,
				"remote_host":	"10.120.139.104",
				"remote_port":	5201
			}],
		"version":	"iperf 3.5",
		"system_info":	"Linux KN6GFJ-CHTEST-A 4.9.152 #0 Wed Jan 30 12:21:02 2019 mips",
		"timestamp":	{
			"time":	"Wed, 30 Jan 2019 16:43:42 GMT",
			"timesecs":	1548866622
		},
		"connecting_to":	{
			"host":	"10.120.139.104",
			"port":	5201
		},
		"cookie":	"hisqsszgufudsa24c2aqbshzpvf3yue7isib",
		"sock_bufsize":	0,
		"sndbuf_actual":	163840,
		"rcvbuf_actual":	163840,
		"test_start":	{
			"protocol":	"UDP",
			"num_streams":	1,
			"blksize":	1448,
			"omit":	1,
			"duration":	5,
			"bytes":	0,
			"blocks":	0,
			"reverse":	0,
			"tos":	117
		}
	},
	"intervals":	[{
			"streams":	[{
					"socket":	5,
					"start":	0,
					"end":	1.0003049373626709,
					"seconds":	1.0003049373626709,
					"bytes":	375032,
					"bits_per_second":	2999341.3887471659,
					"packets":	259,
					"omitted":	true
				}],
			"sum":	{
				"start":	0,
				"end":	1.0003049373626709,
				"seconds":	1.0003049373626709,
				"bytes":	375032,
				"bits_per_second":	2999341.3887471659,
				"packets":	259,
				"omitted":	true
			}
		}, {
			"streams":	[{
					"socket":	5,
					"start":	0.00040411949157714844,
					"end":	0.99963283538818359,
					"seconds":	1.0000369548797607,
					"bytes":	375032,
					"bits_per_second":	3000145.129997456,
					"packets":	259,
					"omitted":	false
				}],
			"sum":	{
				"start":	0.00040411949157714844,
				"end":	0.99963283538818359,
				"seconds":	1.0000369548797607,
				"bytes":	375032,
				"bits_per_second":	3000145.129997456,
				"packets":	259,
				"omitted":	false
			}
		}, {
			"streams":	[{
					"socket":	5,
					"start":	0.99963283538818359,
					"end":	1.9996368885040283,
					"seconds":	1.0000040531158447,
					"bytes":	375032,
					"bits_per_second":	3000243.8396641556,
					"packets":	259,
					"omitted":	false
				}],
			"sum":	{
				"start":	0.99963283538818359,
				"end":	1.9996368885040283,
				"seconds":	1.0000040531158447,
				"bytes":	375032,
				"bits_per_second":	3000243.8396641556,
				"packets":	259,
				"omitted":	false
			}
		}, {
			"streams":	[{
					"socket":	5,
					"start":	1.9996368885040283,
					"end":	2.99969482421875,
					"seconds":	1.0000579357147217,
					"bytes":	375032,
					"bits_per_second":	3000082.1880942089,
					"packets":	259,
					"omitted":	false
				}],
			"sum":	{
				"start":	1.9996368885040283,
				"end":	2.99969482421875,
				"seconds":	1.0000579357147217,
				"bytes":	375032,
				"bits_per_second":	3000082.1880942089,
				"packets":	259,
				"omitted":	false
			}
		}, {
			"streams":	[{
					"socket":	5,
					"start":	2.99969482421875,
					"end":	3.9997389316558838,
					"seconds":	1.0000441074371338,
					"bytes":	375032,
					"bits_per_second":	3000123.6722337333,
					"packets":	259,
					"omitted":	false
				}],
			"sum":	{
				"start":	2.99969482421875,
				"end":	3.9997389316558838,
				"seconds":	1.0000441074371338,
				"bytes":	375032,
				"bits_per_second":	3000123.6722337333,
				"packets":	259,
				"omitted":	false
			}
		}, {
			"streams":	[{
					"socket":	5,
					"start":	3.9997389316558838,
					"end":	4.9996469020843506,
					"seconds":	0.9999079704284668,
					"bytes":	375032,
					"bits_per_second":	3000532.1376870028,
					"packets":	259,
					"omitted":	false
				}],
			"sum":	{
				"start":	3.9997389316558838,
				"end":	4.9996469020843506,
				"seconds":	0.9999079704284668,
				"bytes":	375032,
				"bits_per_second":	3000532.1376870028,
				"packets":	259,
				"omitted":	false
			}
		}],
	"end":	{
		"streams":	[{
				"udp":	{
					"socket":	5,
					"start":	0,
					"end":	4.9996469020843506,
					"seconds":	4.9996469020843506,
					"bytes":	1875160,
					"bits_per_second":	3000467.891791713,
					"jitter_ms":	1.3480616621985961,
					"lost_packets":	0,
					"packets":	1295,
					"lost_percent":	0,
					"out_of_order":	0
				}
			}],
		"sum":	{
			"start":	0,
			"end":	5.045759916305542,
			"seconds":	5.045759916305542,
			"bytes":	1875160,
			"bits_per_second":	3000467.891791713,
			"jitter_ms":	1.3480616621985961,
			"lost_packets":	0,
			"packets":	1295,
			"lost_percent":	0
		},
		"cpu_utilization_percent":	{
			"host_total":	17.693569594071061,
			"host_user":	2.6182101424551774,
			"host_system":	15.054708319117271,
			"remote_total":	3.9393693990372243,
			"remote_user":	2.6212612709061109,
			"remote_system":	1.3796111952137424
		}
	}
}
