{
	"start":	{
		"connected":	[{
				"socket":	5,
				"local_host":	"10.120.139.106",
				"local_port":	36043,
				"remote_host":	"10.120.139.104",
				"remote_port":	5201
			}],
		"version":	"iperf 3.5",
		"system_info":	"Linux KN6GFJ-CHTEST-A 4.9.152 #0 Wed Jan 30 12:21:02 2019 mips",
		"timestamp":	{
			"time":	"Wed, 30 Jan 2019 16:52:11 GMT",
			"timesecs":	1548867131
		},
		"connecting_to":	{
			"host":	"10.120.139.104",
			"port":	5201
		},
		"cookie":	"s7hfpckvayaqfekavctoj44vfz54oobwipjv",
		"sock_bufsize":	0,
		"sndbuf_actual":	163840,
		"rcvbuf_actual":	163840,
		"test_start":	{
			"protocol":	"UDP",
			"num_streams":	1,
			"blksize":	1448,
			"omit":	1,
			"duration":	5,
			"bytes":	0,
			"blocks":	0,
			"reverse":	0,
			"tos":	117
		}
	},
	"intervals":	[{
			"streams":	[{
					"socket":	5,
					"start":	0,
					"end":	1.0001580715179443,
					"seconds":	1.0001580715179443,
					"bytes":	125976,
					"bits_per_second":	1007648.7194373639,
					"packets":	87,
					"omitted":	true
				}],
			"sum":	{
				"start":	0,
				"end":	1.0001580715179443,
				"seconds":	1.0001580715179443,
				"bytes":	125976,
				"bits_per_second":	1007648.7194373639,
				"packets":	87,
				"omitted":	true
			}
		}, {
			"streams":	[{
					"socket":	5,
					"start":	0.00041508674621582031,
					"end":	1.0000829696655273,
					"seconds":	1.0004980564117432,
					"bytes":	124528,
					"bits_per_second":	995728.07124976139,
					"packets":	86,
					"omitted":	false
				}],
			"sum":	{
				"start":	0.00041508674621582031,
				"end":	1.0000829696655273,
				"seconds":	1.0004980564117432,
				"bytes":	124528,
				"bits_per_second":	995728.07124976139,
				"packets":	86,
				"omitted":	false
			}
		}, {
			"streams":	[{
					"socket":	5,
					"start":	1.0000829696655273,
					"end":	2.0000219345092773,
					"seconds":	0.99993896484375,
					"bytes":	125976,
					"bits_per_second":	1007869.5154733565,
					"packets":	87,
					"omitted":	false
				}],
			"sum":	{
				"start":	1.0000829696655273,
				"end":	2.0000219345092773,
				"seconds":	0.99993896484375,
				"bytes":	125976,
				"bits_per_second":	1007869.5154733565,
				"packets":	87,
				"omitted":	false
			}
		}, {
			"streams":	[{
					"socket":	5,
					"start":	2.0000219345092773,
					"end":	3.0000720024108887,
					"seconds":	1.0000500679016113,
					"bytes":	124528,
					"bits_per_second":	996174.12365198927,
					"packets":	86,
					"omitted":	false
				}],
			"sum":	{
				"start":	2.0000219345092773,
				"end":	3.0000720024108887,
				"seconds":	1.0000500679016113,
				"bytes":	124528,
				"bits_per_second":	996174.12365198927,
				"packets":	86,
				"omitted":	false
			}
		}, {
			"streams":	[{
					"socket":	5,
					"start":	3.0000720024108887,
					"end":	4.0000729560852051,
					"seconds":	1.0000009536743164,
					"bytes":	124528,
					"bits_per_second":	996223.04992766387,
					"packets":	86,
					"omitted":	false
				}],
			"sum":	{
				"start":	3.0000720024108887,
				"end":	4.0000729560852051,
				"seconds":	1.0000009536743164,
				"bytes":	124528,
				"bits_per_second":	996223.04992766387,
				"packets":	86,
				"omitted":	false
			}
		}, {
			"streams":	[{
					"socket":	5,
					"start":	4.0000729560852051,
					"end":	4.9996309280395508,
					"seconds":	0.9995579719543457,
					"bytes":	124528,
					"bits_per_second":	996664.55368483823,
					"packets":	86,
					"omitted":	false
				}],
			"sum":	{
				"start":	4.0000729560852051,
				"end":	4.9996309280395508,
				"seconds":	0.9995579719543457,
				"bytes":	124528,
				"bits_per_second":	996664.55368483823,
				"packets":	86,
				"omitted":	false
			}
		}],
	"end":	{
		"streams":	[{
				"udp":	{
					"socket":	5,
					"start":	0,
					"end":	4.9996309280395508,
					"seconds":	4.9996309280395508,
					"bytes":	624088,
					"bits_per_second":	998614.51212314446,
					"jitter_ms":	0.27471240103922118,
					"lost_packets":	0,
					"packets":	431,
					"lost_percent":	0,
					"out_of_order":	0
				}
			}],
		"sum":	{
			"start":	0,
			"end":	5.0461280345916748,
			"seconds":	5.0461280345916748,
			"bytes":	624088,
			"bits_per_second":	998614.51212314446,
			"jitter_ms":	0.27471240103922118,
			"lost_packets":	0,
			"packets":	431,
			"lost_percent":	0
		},
		"cpu_utilization_percent":	{
			"host_total":	8.3636654494482841,
			"host_user":	1.4751513218421231,
			"host_system":	6.8840395019299079,
			"remote_total":	0.9629297430962368,
			"remote_user":	0.31143625055669227,
			"remote_system":	0.62287250111338455
		}
	}
}
