{
	"start":	{
		"connected":	[{
				"socket":	5,
				"local_host":	"10.120.139.106",
				"local_port":	50726,
				"remote_host":	"10.120.139.104",
				"remote_port":	5201
			}],
		"version":	"iperf 3.5",
		"system_info":	"Linux KN6GFJ-CHTEST-A 4.9.152 #0 Wed Jan 30 12:21:02 2019 mips",
		"timestamp":	{
			"time":	"Wed, 30 Jan 2019 16:54:57 GMT",
			"timesecs":	1548867297
		},
		"connecting_to":	{
			"host":	"10.120.139.104",
			"port":	5201
		},
		"cookie":	"rqupezwo2vghl4ufjnkugumvdumaipv6g5h4",
		"sock_bufsize":	0,
		"sndbuf_actual":	163840,
		"rcvbuf_actual":	163840,
		"test_start":	{
			"protocol":	"UDP",
			"num_streams":	1,
			"blksize":	1448,
			"omit":	1,
			"duration":	5,
			"bytes":	0,
			"blocks":	0,
			"reverse":	0,
			"tos":	118
		}
	},
	"intervals":	[{
			"streams":	[{
					"socket":	5,
					"start":	0,
					"end":	1.0001921653747559,
					"seconds":	1.0001921653747559,
					"bytes":	903552,
					"bits_per_second":	7227027.2156067425,
					"packets":	624,
					"omitted":	true
				}],
			"sum":	{
				"start":	0,
				"end":	1.0001921653747559,
				"seconds":	1.0001921653747559,
				"bytes":	903552,
				"bits_per_second":	7227027.2156067425,
				"packets":	624,
				"omitted":	true
			}
		}, {
			"streams":	[{
					"socket":	5,
					"start":	0.00083303451538085938,
					"end":	0.99951696395874023,
					"seconds":	1.0003499984741211,
					"bytes":	1238040,
					"bits_per_second":	9900854.71595692,
					"packets":	855,
					"omitted":	false
				}],
			"sum":	{
				"start":	0.00083303451538085938,
				"end":	0.99951696395874023,
				"seconds":	1.0003499984741211,
				"bytes":	1238040,
				"bits_per_second":	9900854.71595692,
				"packets":	855,
				"omitted":	false
			}
		}, {
			"streams":	[{
					"socket":	5,
					"start":	0.99951696395874023,
					"end":	1.9992828369140625,
					"seconds":	0.99976587295532227,
					"bytes":	803640,
					"bits_per_second":	6430625.583363262,
					"packets":	555,
					"omitted":	false
				}],
			"sum":	{
				"start":	0.99951696395874023,
				"end":	1.9992828369140625,
				"seconds":	0.99976587295532227,
				"bytes":	803640,
				"bits_per_second":	6430625.583363262,
				"packets":	555,
				"omitted":	false
			}
		}, {
			"streams":	[{
					"socket":	5,
					"start":	1.9992828369140625,
					"end":	2.99920392036438,
					"seconds":	0.99992108345031738,
					"bytes":	1101928,
					"bits_per_second":	8816119.7377512921,
					"packets":	761,
					"omitted":	false
				}],
			"sum":	{
				"start":	1.9992828369140625,
				"end":	2.99920392036438,
				"seconds":	0.99992108345031738,
				"bytes":	1101928,
				"bits_per_second":	8816119.7377512921,
				"packets":	761,
				"omitted":	false
			}
		}, {
			"streams":	[{
					"socket":	5,
					"start":	2.99920392036438,
					"end":	3.9991829395294189,
					"seconds":	0.99997901916503906,
					"bytes":	902104,
					"bits_per_second":	7216983.4183380157,
					"packets":	623,
					"omitted":	false
				}],
			"sum":	{
				"start":	2.99920392036438,
				"end":	3.9991829395294189,
				"seconds":	0.99997901916503906,
				"bytes":	902104,
				"bits_per_second":	7216983.4183380157,
				"packets":	623,
				"omitted":	false
			}
		}, {
			"streams":	[{
					"socket":	5,
					"start":	3.9991829395294189,
					"end":	5.0018489360809326,
					"seconds":	1.0026659965515137,
					"bytes":	1155504,
					"bits_per_second":	9219452.9701746721,
					"packets":	798,
					"omitted":	false
				}],
			"sum":	{
				"start":	3.9991829395294189,
				"end":	5.0018489360809326,
				"seconds":	1.0026659965515137,
				"bytes":	1155504,
				"bits_per_second":	9219452.9701746721,
				"packets":	798,
				"omitted":	false
			}
		}],
	"end":	{
		"streams":	[{
				"udp":	{
					"socket":	5,
					"start":	0,
					"end":	5.0018489360809326,
					"seconds":	5.0018489360809326,
					"bytes":	5201216,
					"bits_per_second":	8318869.3884470267,
					"jitter_ms":	1.1972129713176565,
					"lost_packets":	11,
					"packets":	3592,
					"lost_percent":	0.30623608017817372,
					"out_of_order":	0
				}
			}],
		"sum":	{
			"start":	0,
			"end":	5.104902982711792,
			"seconds":	5.104902982711792,
			"bytes":	5201216,
			"bits_per_second":	8318869.3884470267,
			"jitter_ms":	1.1972129713176565,
			"lost_packets":	11,
			"packets":	3592,
			"lost_percent":	0.30623608017817372
		},
		"cpu_utilization_percent":	{
			"host_total":	19.871355932175724,
			"host_user":	3.9174968631460012,
			"host_system":	15.99644552451284,
			"remote_total":	7.9993674841682791,
			"remote_user":	2.4643473963142948,
			"remote_system":	5.4763275473650994
		}
	}
}
