{
	"start":	{
		"connected":	[{
				"socket":	5,
				"local_host":	"10.120.139.106",
				"local_port":	45253,
				"remote_host":	"10.120.139.104",
				"remote_port":	5201
			}],
		"version":	"iperf 3.5",
		"system_info":	"Linux KN6GFJ-CHTEST-A 4.9.152 #0 Wed Jan 30 12:21:02 2019 mips",
		"timestamp":	{
			"time":	"Wed, 30 Jan 2019 16:44:43 GMT",
			"timesecs":	1548866683
		},
		"connecting_to":	{
			"host":	"10.120.139.104",
			"port":	5201
		},
		"cookie":	"thtnjjy2xwb2hljjihrihxb7atxnzhnkrhfb",
		"sock_bufsize":	0,
		"sndbuf_actual":	163840,
		"rcvbuf_actual":	163840,
		"test_start":	{
			"protocol":	"UDP",
			"num_streams":	1,
			"blksize":	1448,
			"omit":	1,
			"duration":	5,
			"bytes":	0,
			"blocks":	0,
			"reverse":	0,
			"tos":	118
		}
	},
	"intervals":	[{
			"streams":	[{
					"socket":	5,
					"start":	0,
					"end":	1.0005581378936768,
					"seconds":	1.0005581378936768,
					"bytes":	1000568,
					"bits_per_second":	8000078.8528398285,
					"packets":	691,
					"omitted":	true
				}],
			"sum":	{
				"start":	0,
				"end":	1.0005581378936768,
				"seconds":	1.0005581378936768,
				"bytes":	1000568,
				"bits_per_second":	8000078.8528398285,
				"packets":	691,
				"omitted":	true
			}
		}, {
			"streams":	[{
					"socket":	5,
					"start":	0.00040197372436523438,
					"end":	1.0013248920440674,
					"seconds":	1.0017268657684326,
					"bytes":	700832,
					"bits_per_second":	5596990.7482705778,
					"packets":	484,
					"omitted":	false
				}],
			"sum":	{
				"start":	0.00040197372436523438,
				"end":	1.0013248920440674,
				"seconds":	1.0017268657684326,
				"bytes":	700832,
				"bits_per_second":	5596990.7482705778,
				"packets":	484,
				"omitted":	false
			}
		}, {
			"streams":	[{
					"socket":	5,
					"start":	1.0013248920440674,
					"end":	1.99971604347229,
					"seconds":	0.99839115142822266,
					"bytes":	805088,
					"bits_per_second":	6451082.815373932,
					"packets":	556,
					"omitted":	false
				}],
			"sum":	{
				"start":	1.0013248920440674,
				"end":	1.99971604347229,
				"seconds":	0.99839115142822266,
				"bytes":	805088,
				"bits_per_second":	6451082.815373932,
				"packets":	556,
				"omitted":	false
			}
		}, {
			"streams":	[{
					"socket":	5,
					"start":	1.99971604347229,
					"end":	2.9996418952941895,
					"seconds":	0.99992585182189941,
					"bytes":	611056,
					"bits_per_second":	4888810.4963913867,
					"packets":	422,
					"omitted":	false
				}],
			"sum":	{
				"start":	1.99971604347229,
				"end":	2.9996418952941895,
				"seconds":	0.99992585182189941,
				"bytes":	611056,
				"bits_per_second":	4888810.4963913867,
				"packets":	422,
				"omitted":	false
			}
		}, {
			"streams":	[{
					"socket":	5,
					"start":	2.9996418952941895,
					"end":	3.9996910095214844,
					"seconds":	1.0000491142272949,
					"bytes":	637120,
					"bits_per_second":	5096709.6790423673,
					"packets":	440,
					"omitted":	false
				}],
			"sum":	{
				"start":	2.9996418952941895,
				"end":	3.9996910095214844,
				"seconds":	1.0000491142272949,
				"bytes":	637120,
				"bits_per_second":	5096709.6790423673,
				"packets":	440,
				"omitted":	false
			}
		}, {
			"streams":	[{
					"socket":	5,
					"start":	3.9996910095214844,
					"end":	4.999392032623291,
					"seconds":	0.99970102310180664,
					"bytes":	587888,
					"bits_per_second":	4704510.5399687579,
					"packets":	406,
					"omitted":	false
				}],
			"sum":	{
				"start":	3.9996910095214844,
				"end":	4.999392032623291,
				"seconds":	0.99970102310180664,
				"bytes":	587888,
				"bits_per_second":	4704510.5399687579,
				"packets":	406,
				"omitted":	false
			}
		}],
	"end":	{
		"streams":	[{
				"udp":	{
					"socket":	5,
					"start":	0,
					"end":	4.999392032623291,
					"seconds":	4.999392032623291,
					"bytes":	3341984,
					"bits_per_second":	5347824.6605859995,
					"jitter_ms":	3.9045776576410383,
					"lost_packets":	1,
					"packets":	2308,
					"lost_percent":	0.043327556325823226,
					"out_of_order":	0
				}
			}],
		"sum":	{
			"start":	0,
			"end":	5.1123049259185791,
			"seconds":	5.1123049259185791,
			"bytes":	3341984,
			"bits_per_second":	5347824.6605859995,
			"jitter_ms":	3.9045776576410383,
			"lost_packets":	1,
			"packets":	2308,
			"lost_percent":	0.043327556325823226
		},
		"cpu_utilization_percent":	{
			"host_total":	18.290443693562576,
			"host_user":	3.1157679999147261,
			"host_system":	15.086876631166044,
			"remote_total":	6.818999985698321,
			"remote_user":	1.2258582540100889,
			"remote_system":	5.5844653793792931
		}
	}
}
