{
	"start":	{
		"connected":	[{
				"socket":	5,
				"local_host":	"10.120.139.106",
				"local_port":	35655,
				"remote_host":	"10.120.139.104",
				"remote_port":	5201
			}],
		"version":	"iperf 3.5",
		"system_info":	"Linux KN6GFJ-CHTEST-A 4.9.152 #0 Wed Jan 30 12:21:02 2019 mips",
		"timestamp":	{
			"time":	"Wed, 30 Jan 2019 16:46:59 GMT",
			"timesecs":	1548866819
		},
		"connecting_to":	{
			"host":	"10.120.139.104",
			"port":	5201
		},
		"cookie":	"5dj4js4ask72xj7w5zfturilzxzsy4rzxqgu",
		"sock_bufsize":	0,
		"sndbuf_actual":	163840,
		"rcvbuf_actual":	163840,
		"test_start":	{
			"protocol":	"UDP",
			"num_streams":	1,
			"blksize":	1448,
			"omit":	1,
			"duration":	5,
			"bytes":	0,
			"blocks":	0,
			"reverse":	0,
			"tos":	118
		}
	},
	"intervals":	[{
			"streams":	[{
					"socket":	5,
					"start":	0,
					"end":	1.0008420944213867,
					"seconds":	1.0008420944213867,
					"bytes":	615400,
					"bits_per_second":	4919057.6889616456,
					"packets":	425,
					"omitted":	true
				}],
			"sum":	{
				"start":	0,
				"end":	1.0008420944213867,
				"seconds":	1.0008420944213867,
				"bytes":	615400,
				"bits_per_second":	4919057.6889616456,
				"packets":	425,
				"omitted":	true
			}
		}, {
			"streams":	[{
					"socket":	5,
					"start":	0.0005359649658203125,
					"end":	0.99954104423522949,
					"seconds":	1.0000770092010498,
					"bytes":	550240,
					"bits_per_second":	4401581.0377609264,
					"packets":	380,
					"omitted":	false
				}],
			"sum":	{
				"start":	0.0005359649658203125,
				"end":	0.99954104423522949,
				"seconds":	1.0000770092010498,
				"bytes":	550240,
				"bits_per_second":	4401581.0377609264,
				"packets":	380,
				"omitted":	false
			}
		}, {
			"streams":	[{
					"socket":	5,
					"start":	0.99954104423522949,
					"end":	1.9994850158691406,
					"seconds":	0.99994397163391113,
					"bytes":	700832,
					"bits_per_second":	5606970.1493761782,
					"packets":	484,
					"omitted":	false
				}],
			"sum":	{
				"start":	0.99954104423522949,
				"end":	1.9994850158691406,
				"seconds":	0.99994397163391113,
				"bytes":	700832,
				"bits_per_second":	5606970.1493761782,
				"packets":	484,
				"omitted":	false
			}
		}, {
			"streams":	[{
					"socket":	5,
					"start":	1.9994850158691406,
					"end":	2.9995360374450684,
					"seconds":	1.0000510215759277,
					"bytes":	796400,
					"bits_per_second":	6370874.9479201185,
					"packets":	550,
					"omitted":	false
				}],
			"sum":	{
				"start":	1.9994850158691406,
				"end":	2.9995360374450684,
				"seconds":	1.0000510215759277,
				"bytes":	796400,
				"bits_per_second":	6370874.9479201185,
				"packets":	550,
				"omitted":	false
			}
		}, {
			"streams":	[{
					"socket":	5,
					"start":	2.9995360374450684,
					"end":	3.9995341300964355,
					"seconds":	0.99999809265136719,
					"bytes":	760200,
					"bits_per_second":	6081611.59975357,
					"packets":	525,
					"omitted":	false
				}],
			"sum":	{
				"start":	2.9995360374450684,
				"end":	3.9995341300964355,
				"seconds":	0.99999809265136719,
				"bytes":	760200,
				"bits_per_second":	6081611.59975357,
				"packets":	525,
				"omitted":	false
			}
		}, {
			"streams":	[{
					"socket":	5,
					"start":	3.9995341300964355,
					"end":	4.9996199607849121,
					"seconds":	1.0000858306884766,
					"bytes":	712416,
					"bits_per_second":	5698838.8647367228,
					"packets":	492,
					"omitted":	false
				}],
			"sum":	{
				"start":	3.9995341300964355,
				"end":	4.9996199607849121,
				"seconds":	1.0000858306884766,
				"bytes":	712416,
				"bits_per_second":	5698838.8647367228,
				"packets":	492,
				"omitted":	false
			}
		}],
	"end":	{
		"streams":	[{
				"udp":	{
					"socket":	5,
					"start":	0,
					"end":	4.9996199607849121,
					"seconds":	4.9996199607849121,
					"bytes":	3520088,
					"bits_per_second":	5632568.9194142129,
					"jitter_ms":	1.5200028166600483,
					"lost_packets":	4,
					"packets":	2431,
					"lost_percent":	0.16454134101192924,
					"out_of_order":	0
				}
			}],
		"sum":	{
			"start":	0,
			"end":	5.095257043838501,
			"seconds":	5.095257043838501,
			"bytes":	3520088,
			"bits_per_second":	5632568.9194142129,
			"jitter_ms":	1.5200028166600483,
			"lost_packets":	4,
			"packets":	2431,
			"lost_percent":	0.16454134101192924
		},
		"cpu_utilization_percent":	{
			"host_total":	17.728410650150103,
			"host_user":	3.1043712488166628,
			"host_system":	14.704916441763139,
			"remote_total":	6.1784326750699856,
			"remote_user":	0.95955424044839155,
			"remote_system":	5.2090087338626967
		}
	}
}
