{
	"start":	{
		"connected":	[{
				"socket":	5,
				"local_host":	"10.120.139.106",
				"local_port":	40496,
				"remote_host":	"10.120.139.104",
				"remote_port":	5201
			}],
		"version":	"iperf 3.5",
		"system_info":	"Linux KN6GFJ-CHTEST-A 4.9.152 #0 Wed Jan 30 12:21:02 2019 mips",
		"timestamp":	{
			"time":	"Wed, 30 Jan 2019 16:44:52 GMT",
			"timesecs":	1548866692
		},
		"connecting_to":	{
			"host":	"10.120.139.104",
			"port":	5201
		},
		"cookie":	"bwga5brc3kgc7qtvoufsmrablbvs3yl6pwdj",
		"sock_bufsize":	0,
		"sndbuf_actual":	163840,
		"rcvbuf_actual":	163840,
		"test_start":	{
			"protocol":	"UDP",
			"num_streams":	1,
			"blksize":	1448,
			"omit":	1,
			"duration":	5,
			"bytes":	0,
			"blocks":	0,
			"reverse":	0,
			"tos":	118
		}
	},
	"intervals":	[{
			"streams":	[{
					"socket":	5,
					"start":	0,
					"end":	1.0001909732818604,
					"seconds":	1.0001909732818604,
					"bytes":	593680,
					"bits_per_second":	4748533.1570389774,
					"packets":	410,
					"omitted":	true
				}],
			"sum":	{
				"start":	0,
				"end":	1.0001909732818604,
				"seconds":	1.0001909732818604,
				"bytes":	593680,
				"bits_per_second":	4748533.1570389774,
				"packets":	410,
				"omitted":	true
			}
		}, {
			"streams":	[{
					"socket":	5,
					"start":	0.00085091590881347656,
					"end":	0.99916601181030273,
					"seconds":	1.0000169277191162,
					"bytes":	735584,
					"bits_per_second":	5884572.3876115037,
					"packets":	508,
					"omitted":	false
				}],
			"sum":	{
				"start":	0.00085091590881347656,
				"end":	0.99916601181030273,
				"seconds":	1.0000169277191162,
				"bytes":	735584,
				"bits_per_second":	5884572.3876115037,
				"packets":	508,
				"omitted":	false
			}
		}, {
			"streams":	[{
					"socket":	5,
					"start":	0.99916601181030273,
					"end":	1.9991660118103027,
					"seconds":	1,
					"bytes":	641464,
					"bits_per_second":	5131712,
					"packets":	443,
					"omitted":	false
				}],
			"sum":	{
				"start":	0.99916601181030273,
				"end":	1.9991660118103027,
				"seconds":	1,
				"bytes":	641464,
				"bits_per_second":	5131712,
				"packets":	443,
				"omitted":	false
			}
		}, {
			"streams":	[{
					"socket":	5,
					"start":	1.9991660118103027,
					"end":	2.9991660118103027,
					"seconds":	1,
					"bytes":	763096,
					"bits_per_second":	6104768,
					"packets":	527,
					"omitted":	false
				}],
			"sum":	{
				"start":	1.9991660118103027,
				"end":	2.9991660118103027,
				"seconds":	1,
				"bytes":	763096,
				"bits_per_second":	6104768,
				"packets":	527,
				"omitted":	false
			}
		}, {
			"streams":	[{
					"socket":	5,
					"start":	2.9991660118103027,
					"end":	3.9992830753326416,
					"seconds":	1.0001170635223389,
					"bytes":	751512,
					"bits_per_second":	6011392.2852449287,
					"packets":	519,
					"omitted":	false
				}],
			"sum":	{
				"start":	2.9991660118103027,
				"end":	3.9992830753326416,
				"seconds":	1.0001170635223389,
				"bytes":	751512,
				"bits_per_second":	6011392.2852449287,
				"packets":	519,
				"omitted":	false
			}
		}, {
			"streams":	[{
					"socket":	5,
					"start":	3.9992830753326416,
					"end":	4.9993031024932861,
					"seconds":	1.0000200271606445,
					"bytes":	668976,
					"bits_per_second":	5351700.8206279436,
					"packets":	462,
					"omitted":	false
				}],
			"sum":	{
				"start":	3.9992830753326416,
				"end":	4.9993031024932861,
				"seconds":	1.0000200271606445,
				"bytes":	668976,
				"bits_per_second":	5351700.8206279436,
				"packets":	462,
				"omitted":	false
			}
		}],
	"end":	{
		"streams":	[{
				"udp":	{
					"socket":	5,
					"start":	0,
					"end":	4.9993031024932861,
					"seconds":	4.9993031024932861,
					"bytes":	3560632,
					"bits_per_second":	5697805.3572694445,
					"jitter_ms":	4.5176355686918255,
					"lost_packets":	2,
					"packets":	2459,
					"lost_percent":	0.08133387555917039,
					"out_of_order":	0
				}
			}],
		"sum":	{
			"start":	0,
			"end":	5.102632999420166,
			"seconds":	5.102632999420166,
			"bytes":	3560632,
			"bits_per_second":	5697805.3572694445,
			"jitter_ms":	4.5176355686918255,
			"lost_packets":	2,
			"packets":	2459,
			"lost_percent":	0.08133387555917039
		},
		"cpu_utilization_percent":	{
			"host_total":	17.079490611483184,
			"host_user":	3.2625921784246414,
			"host_system":	13.866016758304726,
			"remote_total":	5.641001361447687,
			"remote_user":	2.3124893655916674,
			"remote_system":	3.28616909847237
		}
	}
}
