{
	"start":	{
		"connected":	[{
				"socket":	5,
				"local_host":	"10.120.139.106",
				"local_port":	48790,
				"remote_host":	"10.120.139.104",
				"remote_port":	5201
			}],
		"version":	"iperf 3.5",
		"system_info":	"Linux KN6GFJ-CHTEST-A 4.9.152 #0 Wed Jan 30 12:21:02 2019 mips",
		"timestamp":	{
			"time":	"Wed, 30 Jan 2019 16:48:12 GMT",
			"timesecs":	1548866892
		},
		"connecting_to":	{
			"host":	"10.120.139.104",
			"port":	5201
		},
		"cookie":	"tijdwotmg75tkdmgtixv34prramwmikppjtj",
		"sock_bufsize":	0,
		"sndbuf_actual":	163840,
		"rcvbuf_actual":	163840,
		"test_start":	{
			"protocol":	"UDP",
			"num_streams":	1,
			"blksize":	1448,
			"omit":	1,
			"duration":	5,
			"bytes":	0,
			"blocks":	0,
			"reverse":	0,
			"tos":	117
		}
	},
	"intervals":	[{
			"streams":	[{
					"socket":	5,
					"start":	0,
					"end":	1.0001819133758545,
					"seconds":	1.0001819133758545,
					"bytes":	501008,
					"bits_per_second":	4007335.0121597582,
					"packets":	346,
					"omitted":	true
				}],
			"sum":	{
				"start":	0,
				"end":	1.0001819133758545,
				"seconds":	1.0001819133758545,
				"bytes":	501008,
				"bits_per_second":	4007335.0121597582,
				"packets":	346,
				"omitted":	true
			}
		}, {
			"streams":	[{
					"socket":	5,
					"start":	0.00039911270141601562,
					"end":	1.0000710487365723,
					"seconds":	1.0004701614379883,
					"bytes":	499560,
					"bits_per_second":	3994601.8922301582,
					"packets":	345,
					"omitted":	false
				}],
			"sum":	{
				"start":	0.00039911270141601562,
				"end":	1.0000710487365723,
				"seconds":	1.0004701614379883,
				"bytes":	499560,
				"bits_per_second":	3994601.8922301582,
				"packets":	345,
				"omitted":	false
			}
		}, {
			"streams":	[{
					"socket":	5,
					"start":	1.0000710487365723,
					"end":	2.0000219345092773,
					"seconds":	0.99995088577270508,
					"bytes":	501008,
					"bits_per_second":	4008260.8626350649,
					"packets":	346,
					"omitted":	false
				}],
			"sum":	{
				"start":	1.0000710487365723,
				"end":	2.0000219345092773,
				"seconds":	0.99995088577270508,
				"bytes":	501008,
				"bits_per_second":	4008260.8626350649,
				"packets":	346,
				"omitted":	false
			}
		}, {
			"streams":	[{
					"socket":	5,
					"start":	2.0000219345092773,
					"end":	3.0000290870666504,
					"seconds":	1.000007152557373,
					"bytes":	499560,
					"bits_per_second":	3996451.4151519644,
					"packets":	345,
					"omitted":	false
				}],
			"sum":	{
				"start":	2.0000219345092773,
				"end":	3.0000290870666504,
				"seconds":	1.000007152557373,
				"bytes":	499560,
				"bits_per_second":	3996451.4151519644,
				"packets":	345,
				"omitted":	false
			}
		}, {
			"streams":	[{
					"socket":	5,
					"start":	3.0000290870666504,
					"end":	4.0000729560852051,
					"seconds":	1.0000438690185547,
					"bytes":	499560,
					"bits_per_second":	3996304.6860355781,
					"packets":	345,
					"omitted":	false
				}],
			"sum":	{
				"start":	3.0000290870666504,
				"end":	4.0000729560852051,
				"seconds":	1.0000438690185547,
				"bytes":	499560,
				"bits_per_second":	3996304.6860355781,
				"packets":	345,
				"omitted":	false
			}
		}, {
			"streams":	[{
					"socket":	5,
					"start":	4.0000729560852051,
					"end":	4.9997670650482178,
					"seconds":	0.9996941089630127,
					"bytes":	499560,
					"bits_per_second":	3997702.8614738635,
					"packets":	345,
					"omitted":	false
				}],
			"sum":	{
				"start":	4.0000729560852051,
				"end":	4.9997670650482178,
				"seconds":	0.9996941089630127,
				"bytes":	499560,
				"bits_per_second":	3997702.8614738635,
				"packets":	345,
				"omitted":	false
			}
		}],
	"end":	{
		"streams":	[{
				"udp":	{
					"socket":	5,
					"start":	0,
					"end":	4.9997670650482178,
					"seconds":	4.9997670650482178,
					"bytes":	2499248,
					"bits_per_second":	3998983.1005871426,
					"jitter_ms":	2.0795146764584094,
					"lost_packets":	0,
					"packets":	1726,
					"lost_percent":	0,
					"out_of_order":	0
				}
			}],
		"sum":	{
			"start":	0,
			"end":	5.0509779453277588,
			"seconds":	5.0509779453277588,
			"bytes":	2499248,
			"bits_per_second":	3998983.1005871426,
			"jitter_ms":	2.0795146764584094,
			"lost_packets":	0,
			"packets":	1726,
			"lost_percent":	0
		},
		"cpu_utilization_percent":	{
			"host_total":	15.312987675223185,
			"host_user":	4.9141200195188848,
			"host_system":	10.319652040989657,
			"remote_total":	4.8758881858469989,
			"remote_user":	1.3776730991142114,
			"remote_system":	3.4441827477855282
		}
	}
}
