{
	"start":	{
		"connected":	[{
				"socket":	5,
				"local_host":	"10.120.139.106",
				"local_port":	43893,
				"remote_host":	"10.120.139.104",
				"remote_port":	5201
			}],
		"version":	"iperf 3.5",
		"system_info":	"Linux KN6GFJ-CHTEST-A 4.9.152 #0 Wed Jan 30 12:21:02 2019 mips",
		"timestamp":	{
			"time":	"Wed, 30 Jan 2019 16:58:49 GMT",
			"timesecs":	1548867529
		},
		"connecting_to":	{
			"host":	"10.120.139.104",
			"port":	5201
		},
		"cookie":	"fkm6ngt42tra3m3fluaryssmkongbk7qedlu",
		"sock_bufsize":	0,
		"sndbuf_actual":	163840,
		"rcvbuf_actual":	163840,
		"test_start":	{
			"protocol":	"UDP",
			"num_streams":	1,
			"blksize":	1448,
			"omit":	1,
			"duration":	5,
			"bytes":	0,
			"blocks":	0,
			"reverse":	0,
			"tos":	118
		}
	},
	"intervals":	[{
			"streams":	[{
					"socket":	5,
					"start":	0,
					"end":	1.000697135925293,
					"seconds":	1.000697135925293,
					"bytes":	1524744,
					"bits_per_second":	12189454.293502282,
					"packets":	1053,
					"omitted":	true
				}],
			"sum":	{
				"start":	0,
				"end":	1.000697135925293,
				"seconds":	1.000697135925293,
				"bytes":	1524744,
				"bits_per_second":	12189454.293502282,
				"packets":	1053,
				"omitted":	true
			}
		}, {
			"streams":	[{
					"socket":	5,
					"start":	0.0010480880737304688,
					"end":	0.9990379810333252,
					"seconds":	1.0000860691070557,
					"bytes":	1397320,
					"bits_per_second":	11177597.954125062,
					"packets":	965,
					"omitted":	false
				}],
			"sum":	{
				"start":	0.0010480880737304688,
				"end":	0.9990379810333252,
				"seconds":	1.0000860691070557,
				"bytes":	1397320,
				"bits_per_second":	11177597.954125062,
				"packets":	965,
				"omitted":	false
			}
		}, {
			"streams":	[{
					"socket":	5,
					"start":	0.9990379810333252,
					"end":	2.0040409564971924,
					"seconds":	1.0050029754638672,
					"bytes":	1456688,
					"bits_per_second":	11595492.037843203,
					"packets":	1006,
					"omitted":	false
				}],
			"sum":	{
				"start":	0.9990379810333252,
				"end":	2.0040409564971924,
				"seconds":	1.0050029754638672,
				"bytes":	1456688,
				"bits_per_second":	11595492.037843203,
				"packets":	1006,
				"omitted":	false
			}
		}, {
			"streams":	[{
					"socket":	5,
					"start":	2.0040409564971924,
					"end":	2.9990229606628418,
					"seconds":	0.99498200416564941,
					"bytes":	1465376,
					"bits_per_second":	11782130.682685491,
					"packets":	1012,
					"omitted":	false
				}],
			"sum":	{
				"start":	2.0040409564971924,
				"end":	2.9990229606628418,
				"seconds":	0.99498200416564941,
				"bytes":	1465376,
				"bits_per_second":	11782130.682685491,
				"packets":	1012,
				"omitted":	false
			}
		}, {
			"streams":	[{
					"socket":	5,
					"start":	2.9990229606628418,
					"end":	3.9995789527893066,
					"seconds":	1.0005559921264648,
					"bytes":	1398768,
					"bits_per_second":	11183925.825298168,
					"packets":	966,
					"omitted":	false
				}],
			"sum":	{
				"start":	2.9990229606628418,
				"end":	3.9995789527893066,
				"seconds":	1.0005559921264648,
				"bytes":	1398768,
				"bits_per_second":	11183925.825298168,
				"packets":	966,
				"omitted":	false
			}
		}, {
			"streams":	[{
					"socket":	5,
					"start":	3.9995789527893066,
					"end":	4.9990267753601074,
					"seconds":	0.99944782257080078,
					"bytes":	1361120,
					"bits_per_second":	10894975.959816679,
					"packets":	940,
					"omitted":	false
				}],
			"sum":	{
				"start":	3.9995789527893066,
				"end":	4.9990267753601074,
				"seconds":	0.99944782257080078,
				"bytes":	1361120,
				"bits_per_second":	10894975.959816679,
				"packets":	940,
				"omitted":	false
			}
		}],
	"end":	{
		"streams":	[{
				"udp":	{
					"socket":	5,
					"start":	0,
					"end":	4.9990267753601074,
					"seconds":	4.9990267753601074,
					"bytes":	7079272,
					"bits_per_second":	11329040.340241091,
					"jitter_ms":	1.4056383948684072,
					"lost_packets":	0,
					"packets":	4889,
					"lost_percent":	0,
					"out_of_order":	0
				}
			}],
		"sum":	{
			"start":	0,
			"end":	5.0796539783477783,
			"seconds":	5.0796539783477783,
			"bytes":	7079272,
			"bits_per_second":	11329040.340241091,
			"jitter_ms":	1.4056383948684072,
			"lost_packets":	0,
			"packets":	4889,
			"lost_percent":	0
		},
		"cpu_utilization_percent":	{
			"host_total":	25.55280060765217,
			"host_user":	4.5924910475127643,
			"host_system":	20.994244788629778,
			"remote_total":	12.750868363481313,
			"remote_user":	3.0143184235553089,
			"remote_system":	9.728027639655771
		}
	}
}
