{
	"start":	{
		"connected":	[{
				"socket":	5,
				"local_host":	"10.120.139.106",
				"local_port":	36739,
				"remote_host":	"10.120.139.104",
				"remote_port":	5201
			}],
		"version":	"iperf 3.5",
		"system_info":	"Linux KN6GFJ-CHTEST-A 4.9.152 #0 Wed Jan 30 12:21:02 2019 mips",
		"timestamp":	{
			"time":	"Wed, 30 Jan 2019 16:56:34 GMT",
			"timesecs":	1548867394
		},
		"connecting_to":	{
			"host":	"10.120.139.104",
			"port":	5201
		},
		"cookie":	"h573rhq2fq6v5qpiu5oyx3yst7ydqbehsrp5",
		"sock_bufsize":	0,
		"sndbuf_actual":	163840,
		"rcvbuf_actual":	163840,
		"test_start":	{
			"protocol":	"UDP",
			"num_streams":	1,
			"blksize":	1448,
			"omit":	1,
			"duration":	5,
			"bytes":	0,
			"blocks":	0,
			"reverse":	0,
			"tos":	117
		}
	},
	"intervals":	[{
			"streams":	[{
					"socket":	5,
					"start":	0,
					"end":	1.0001578330993652,
					"seconds":	1.0001578330993652,
					"bytes":	125976,
					"bits_per_second":	1007648.9596416276,
					"packets":	87,
					"omitted":	true
				}],
			"sum":	{
				"start":	0,
				"end":	1.0001578330993652,
				"seconds":	1.0001578330993652,
				"bytes":	125976,
				"bits_per_second":	1007648.9596416276,
				"packets":	87,
				"omitted":	true
			}
		}, {
			"streams":	[{
					"socket":	5,
					"start":	0.00042104721069335938,
					"end":	1.0000710487365723,
					"seconds":	1.0004920959472656,
					"bytes":	124528,
					"bits_per_second":	995734.00333240558,
					"packets":	86,
					"omitted":	false
				}],
			"sum":	{
				"start":	0.00042104721069335938,
				"end":	1.0000710487365723,
				"seconds":	1.0004920959472656,
				"bytes":	124528,
				"bits_per_second":	995734.00333240558,
				"packets":	86,
				"omitted":	false
			}
		}, {
			"streams":	[{
					"socket":	5,
					"start":	1.0000710487365723,
					"end":	2.0000231266021729,
					"seconds":	0.99995207786560059,
					"bytes":	125976,
					"bits_per_second":	1007856.298624998,
					"packets":	87,
					"omitted":	false
				}],
			"sum":	{
				"start":	1.0000710487365723,
				"end":	2.0000231266021729,
				"seconds":	0.99995207786560059,
				"bytes":	125976,
				"bits_per_second":	1007856.298624998,
				"packets":	87,
				"omitted":	false
			}
		}, {
			"streams":	[{
					"socket":	5,
					"start":	2.0000231266021729,
					"end":	3.0000710487365723,
					"seconds":	1.0000479221343994,
					"bytes":	124528,
					"bits_per_second":	996176.26110732974,
					"packets":	86,
					"omitted":	false
				}],
			"sum":	{
				"start":	2.0000231266021729,
				"end":	3.0000710487365723,
				"seconds":	1.0000479221343994,
				"bytes":	124528,
				"bits_per_second":	996176.26110732974,
				"packets":	86,
				"omitted":	false
			}
		}, {
			"streams":	[{
					"socket":	5,
					"start":	3.0000710487365723,
					"end":	4.0000710487365723,
					"seconds":	1,
					"bytes":	124528,
					"bits_per_second":	996224,
					"packets":	86,
					"omitted":	false
				}],
			"sum":	{
				"start":	3.0000710487365723,
				"end":	4.0000710487365723,
				"seconds":	1,
				"bytes":	124528,
				"bits_per_second":	996224,
				"packets":	86,
				"omitted":	false
			}
		}, {
			"streams":	[{
					"socket":	5,
					"start":	4.0000710487365723,
					"end":	4.9996271133422852,
					"seconds":	0.99955606460571289,
					"bytes":	124528,
					"bits_per_second":	996666.45551590214,
					"packets":	86,
					"omitted":	false
				}],
			"sum":	{
				"start":	4.0000710487365723,
				"end":	4.9996271133422852,
				"seconds":	0.99955606460571289,
				"bytes":	124528,
				"bits_per_second":	996666.45551590214,
				"packets":	86,
				"omitted":	false
			}
		}],
	"end":	{
		"streams":	[{
				"udp":	{
					"socket":	5,
					"start":	0,
					"end":	4.9996271133422852,
					"seconds":	4.9996271133422852,
					"bytes":	624088,
					"bits_per_second":	998615.27406237763,
					"jitter_ms":	0.3323642186390946,
					"lost_packets":	0,
					"packets":	431,
					"lost_percent":	0,
					"out_of_order":	0
				}
			}],
		"sum":	{
			"start":	0,
			"end":	5.048213005065918,
			"seconds":	5.048213005065918,
			"bytes":	624088,
			"bits_per_second":	998615.27406237763,
			"jitter_ms":	0.3323642186390946,
			"lost_packets":	0,
			"packets":	431,
			"lost_percent":	0
		},
		"cpu_utilization_percent":	{
			"host_total":	8.6661764903440837,
			"host_user":	3.7680666508735525,
			"host_system":	4.9148695446176776,
			"remote_total":	0.98700250021437619,
			"remote_user":	0.52543173674945232,
			"remote_system":	0.42034538939956184
		}
	}
}
