{
	"start":	{
		"connected":	[{
				"socket":	5,
				"local_host":	"10.120.139.106",
				"local_port":	59026,
				"remote_host":	"10.120.139.104",
				"remote_port":	5201
			}],
		"version":	"iperf 3.5",
		"system_info":	"Linux KN6GFJ-CHTEST-A 4.9.152 #0 Wed Jan 30 12:21:02 2019 mips",
		"timestamp":	{
			"time":	"Wed, 30 Jan 2019 16:54:50 GMT",
			"timesecs":	1548867290
		},
		"connecting_to":	{
			"host":	"10.120.139.104",
			"port":	5201
		},
		"cookie":	"32xtuf5g7aaua3za42z7u4csazjt3oeaedtj",
		"sock_bufsize":	0,
		"sndbuf_actual":	163840,
		"rcvbuf_actual":	163840,
		"test_start":	{
			"protocol":	"UDP",
			"num_streams":	1,
			"blksize":	1448,
			"omit":	1,
			"duration":	5,
			"bytes":	0,
			"blocks":	0,
			"reverse":	0,
			"tos":	118
		}
	},
	"intervals":	[{
			"streams":	[{
					"socket":	5,
					"start":	0,
					"end":	1.0001628398895264,
					"seconds":	1.0001628398895264,
					"bytes":	962920,
					"bits_per_second":	7702105.7899440452,
					"packets":	665,
					"omitted":	true
				}],
			"sum":	{
				"start":	0,
				"end":	1.0001628398895264,
				"seconds":	1.0001628398895264,
				"bytes":	962920,
				"bits_per_second":	7702105.7899440452,
				"packets":	665,
				"omitted":	true
			}
		}, {
			"streams":	[{
					"socket":	5,
					"start":	0.000408172607421875,
					"end":	0.99965691566467285,
					"seconds":	1.0000650882720947,
					"bytes":	1311888,
					"bits_per_second":	10494420.936274623,
					"packets":	906,
					"omitted":	false
				}],
			"sum":	{
				"start":	0.000408172607421875,
				"end":	0.99965691566467285,
				"seconds":	1.0000650882720947,
				"bytes":	1311888,
				"bits_per_second":	10494420.936274623,
				"packets":	906,
				"omitted":	false
			}
		}, {
			"streams":	[{
					"socket":	5,
					"start":	0.99965691566467285,
					"end":	1.9996268749237061,
					"seconds":	0.9999699592590332,
					"bytes":	1136680,
					"bits_per_second":	9093713.1818821225,
					"packets":	785,
					"omitted":	false
				}],
			"sum":	{
				"start":	0.99965691566467285,
				"end":	1.9996268749237061,
				"seconds":	0.9999699592590332,
				"bytes":	1136680,
				"bits_per_second":	9093713.1818821225,
				"packets":	785,
				"omitted":	false
			}
		}, {
			"streams":	[{
					"socket":	5,
					"start":	1.9996268749237061,
					"end":	3.0049498081207275,
					"seconds":	1.0053229331970215,
					"bytes":	1198944,
					"bits_per_second":	9540767.1338979229,
					"packets":	828,
					"omitted":	false
				}],
			"sum":	{
				"start":	1.9996268749237061,
				"end":	3.0049498081207275,
				"seconds":	1.0053229331970215,
				"bytes":	1198944,
				"bits_per_second":	9540767.1338979229,
				"packets":	828,
				"omitted":	false
			}
		}, {
			"streams":	[{
					"socket":	5,
					"start":	3.0049498081207275,
					"end":	3.9996309280395508,
					"seconds":	0.99468111991882324,
					"bytes":	1301752,
					"bits_per_second":	10469703.095249156,
					"packets":	899,
					"omitted":	false
				}],
			"sum":	{
				"start":	3.0049498081207275,
				"end":	3.9996309280395508,
				"seconds":	0.99468111991882324,
				"bytes":	1301752,
				"bits_per_second":	10469703.095249156,
				"packets":	899,
				"omitted":	false
			}
		}, {
			"streams":	[{
					"socket":	5,
					"start":	3.9996309280395508,
					"end":	4.9996769428253174,
					"seconds":	1.0000460147857666,
					"bytes":	1350984,
					"bits_per_second":	10807374.700968435,
					"packets":	933,
					"omitted":	false
				}],
			"sum":	{
				"start":	3.9996309280395508,
				"end":	4.9996769428253174,
				"seconds":	1.0000460147857666,
				"bytes":	1350984,
				"bits_per_second":	10807374.700968435,
				"packets":	933,
				"omitted":	false
			}
		}],
	"end":	{
		"streams":	[{
				"udp":	{
					"socket":	5,
					"start":	0,
					"end":	4.9996769428253174,
					"seconds":	4.9996769428253174,
					"bytes":	6300248,
					"bits_per_second":	10081048.1509867,
					"jitter_ms":	1.9957047736872648,
					"lost_packets":	1,
					"packets":	4351,
					"lost_percent":	0.022983222247759137,
					"out_of_order":	0
				}
			}],
		"sum":	{
			"start":	0,
			"end":	5.0915508270263672,
			"seconds":	5.0915508270263672,
			"bytes":	6300248,
			"bits_per_second":	10081048.1509867,
			"jitter_ms":	1.9957047736872648,
			"lost_packets":	1,
			"packets":	4351,
			"lost_percent":	0.022983222247759137
		},
		"cpu_utilization_percent":	{
			"host_total":	21.25416600617244,
			"host_user":	4.2402098447235161,
			"host_system":	16.960839378894065,
			"remote_total":	9.1749344533370056,
			"remote_user":	3.6885366837268321,
			"remote_system":	5.4644987907064175
		}
	}
}
