{
	"start":	{
		"connected":	[{
				"socket":	5,
				"local_host":	"10.120.139.106",
				"local_port":	46417,
				"remote_host":	"10.120.139.104",
				"remote_port":	5201
			}],
		"version":	"iperf 3.5",
		"system_info":	"Linux KN6GFJ-CHTEST-A 4.9.152 #0 Wed Jan 30 12:21:02 2019 mips",
		"timestamp":	{
			"time":	"Wed, 30 Jan 2019 17:04:26 GMT",
			"timesecs":	1548867866
		},
		"connecting_to":	{
			"host":	"10.120.139.104",
			"port":	5201
		},
		"cookie":	"kpsa6y7uwmwmpirkvawjhml5fxrtupyznvvm",
		"sock_bufsize":	0,
		"sndbuf_actual":	163840,
		"rcvbuf_actual":	163840,
		"test_start":	{
			"protocol":	"UDP",
			"num_streams":	1,
			"blksize":	1448,
			"omit":	1,
			"duration":	5,
			"bytes":	0,
			"blocks":	0,
			"reverse":	0,
			"tos":	118
		}
	},
	"intervals":	[{
			"streams":	[{
					"socket":	5,
					"start":	0,
					"end":	1.0001611709594727,
					"seconds":	1.0001611709594727,
					"bytes":	1432072,
					"bits_per_second":	11454729.830202766,
					"packets":	989,
					"omitted":	true
				}],
			"sum":	{
				"start":	0,
				"end":	1.0001611709594727,
				"seconds":	1.0001611709594727,
				"bytes":	1432072,
				"bits_per_second":	11454729.830202766,
				"packets":	989,
				"omitted":	true
			}
		}, {
			"streams":	[{
					"socket":	5,
					"start":	0.00069499015808105469,
					"end":	1.0004849433898926,
					"seconds":	1.0011799335479736,
					"bytes":	1540672,
					"bits_per_second":	12310850.015063155,
					"packets":	1064,
					"omitted":	false
				}],
			"sum":	{
				"start":	0.00069499015808105469,
				"end":	1.0004849433898926,
				"seconds":	1.0011799335479736,
				"bytes":	1540672,
				"bits_per_second":	12310850.015063155,
				"packets":	1064,
				"omitted":	false
			}
		}, {
			"streams":	[{
					"socket":	5,
					"start":	1.0004849433898926,
					"end":	2.0008208751678467,
					"seconds":	1.0003359317779541,
					"bytes":	1504472,
					"bits_per_second":	12031734.158152381,
					"packets":	1039,
					"omitted":	false
				}],
			"sum":	{
				"start":	1.0004849433898926,
				"end":	2.0008208751678467,
				"seconds":	1.0003359317779541,
				"bytes":	1504472,
				"bits_per_second":	12031734.158152381,
				"packets":	1039,
				"omitted":	false
			}
		}, {
			"streams":	[{
					"socket":	5,
					"start":	2.0008208751678467,
					"end":	3.0000269412994385,
					"seconds":	0.9992060661315918,
					"bytes":	1343744,
					"bits_per_second":	10758493.532388413,
					"packets":	928,
					"omitted":	false
				}],
			"sum":	{
				"start":	2.0008208751678467,
				"end":	3.0000269412994385,
				"seconds":	0.9992060661315918,
				"bytes":	1343744,
				"bits_per_second":	10758493.532388413,
				"packets":	928,
				"omitted":	false
			}
		}, {
			"streams":	[{
					"socket":	5,
					"start":	3.0000269412994385,
					"end":	4.0002949237823486,
					"seconds":	1.0002679824829102,
					"bytes":	1388632,
					"bits_per_second":	11106079.765169133,
					"packets":	959,
					"omitted":	false
				}],
			"sum":	{
				"start":	3.0000269412994385,
				"end":	4.0002949237823486,
				"seconds":	1.0002679824829102,
				"bytes":	1388632,
				"bits_per_second":	11106079.765169133,
				"packets":	959,
				"omitted":	false
			}
		}, {
			"streams":	[{
					"socket":	5,
					"start":	4.0002949237823486,
					"end":	4.9999020099639893,
					"seconds":	0.99960708618164062,
					"bytes":	1448000,
					"bits_per_second":	11588553.302727437,
					"packets":	1000,
					"omitted":	false
				}],
			"sum":	{
				"start":	4.0002949237823486,
				"end":	4.9999020099639893,
				"seconds":	0.99960708618164062,
				"bytes":	1448000,
				"bits_per_second":	11588553.302727437,
				"packets":	1000,
				"omitted":	false
			}
		}],
	"end":	{
		"streams":	[{
				"udp":	{
					"socket":	5,
					"start":	0,
					"end":	4.9999020099639893,
					"seconds":	4.9999020099639893,
					"bytes":	7225520,
					"bits_per_second":	11561058.573709192,
					"jitter_ms":	0.93899022872650617,
					"lost_packets":	0,
					"packets":	4990,
					"lost_percent":	0,
					"out_of_order":	0
				}
			}],
		"sum":	{
			"start":	0,
			"end":	5.0888490676879883,
			"seconds":	5.0888490676879883,
			"bytes":	7225520,
			"bits_per_second":	11561058.573709192,
			"jitter_ms":	0.93899022872650617,
			"lost_packets":	0,
			"packets":	4990,
			"lost_percent":	0
		},
		"cpu_utilization_percent":	{
			"host_total":	27.328524123719848,
			"host_user":	14.737442634504545,
			"host_system":	12.608700920631666,
			"remote_total":	12.572816808787534,
			"remote_user":	4.1963490680179456,
			"remote_system":	8.3926981360358912
		}
	}
}
