{
	"start":	{
		"connected":	[{
				"socket":	5,
				"local_host":	"10.120.139.106",
				"local_port":	47106,
				"remote_host":	"10.120.139.104",
				"remote_port":	5201
			}],
		"version":	"iperf 3.5",
		"system_info":	"Linux KN6GFJ-CHTEST-A 4.9.152 #0 Wed Jan 30 12:21:02 2019 mips",
		"timestamp":	{
			"time":	"Wed, 30 Jan 2019 16:43:27 GMT",
			"timesecs":	1548866607
		},
		"connecting_to":	{
			"host":	"10.120.139.104",
			"port":	5201
		},
		"cookie":	"nhang35pym2cdobp5p6co6jknzfyblllomqd",
		"sock_bufsize":	0,
		"sndbuf_actual":	163840,
		"rcvbuf_actual":	163840,
		"test_start":	{
			"protocol":	"UDP",
			"num_streams":	1,
			"blksize":	1448,
			"omit":	1,
			"duration":	5,
			"bytes":	0,
			"blocks":	0,
			"reverse":	0,
			"tos":	117
		}
	},
	"intervals":	[{
			"streams":	[{
					"socket":	5,
					"start":	0,
					"end":	1.0001671314239502,
					"seconds":	1.0001671314239502,
					"bytes":	125976,
					"bits_per_second":	1007639.5917602006,
					"packets":	87,
					"omitted":	true
				}],
			"sum":	{
				"start":	0,
				"end":	1.0001671314239502,
				"seconds":	1.0001671314239502,
				"bytes":	125976,
				"bits_per_second":	1007639.5917602006,
				"packets":	87,
				"omitted":	true
			}
		}, {
			"streams":	[{
					"socket":	5,
					"start":	0.0004138946533203125,
					"end":	1.0000700950622559,
					"seconds":	1.0004839897155762,
					"bytes":	124528,
					"bits_per_second":	995742.07107823167,
					"packets":	86,
					"omitted":	false
				}],
			"sum":	{
				"start":	0.0004138946533203125,
				"end":	1.0000700950622559,
				"seconds":	1.0004839897155762,
				"bytes":	124528,
				"bits_per_second":	995742.07107823167,
				"packets":	86,
				"omitted":	false
			}
		}, {
			"streams":	[{
					"socket":	5,
					"start":	1.0000700950622559,
					"end":	2.000154972076416,
					"seconds":	1.0000848770141602,
					"bytes":	125976,
					"bits_per_second":	1007722.4675258544,
					"packets":	87,
					"omitted":	false
				}],
			"sum":	{
				"start":	1.0000700950622559,
				"end":	2.000154972076416,
				"seconds":	1.0000848770141602,
				"bytes":	125976,
				"bits_per_second":	1007722.4675258544,
				"packets":	87,
				"omitted":	false
			}
		}, {
			"streams":	[{
					"socket":	5,
					"start":	2.000154972076416,
					"end":	3.0000700950622559,
					"seconds":	0.99991512298583984,
					"bytes":	124528,
					"bits_per_second":	996308.56369606871,
					"packets":	86,
					"omitted":	false
				}],
			"sum":	{
				"start":	2.000154972076416,
				"end":	3.0000700950622559,
				"seconds":	0.99991512298583984,
				"bytes":	124528,
				"bits_per_second":	996308.56369606871,
				"packets":	86,
				"omitted":	false
			}
		}, {
			"streams":	[{
					"socket":	5,
					"start":	3.0000700950622559,
					"end":	4.0000710487365723,
					"seconds":	1.0000009536743164,
					"bytes":	124528,
					"bits_per_second":	996223.04992766387,
					"packets":	86,
					"omitted":	false
				}],
			"sum":	{
				"start":	3.0000700950622559,
				"end":	4.0000710487365723,
				"seconds":	1.0000009536743164,
				"bytes":	124528,
				"bits_per_second":	996223.04992766387,
				"packets":	86,
				"omitted":	false
			}
		}, {
			"streams":	[{
					"socket":	5,
					"start":	4.0000710487365723,
					"end":	4.999622106552124,
					"seconds":	0.99955105781555176,
					"bytes":	124528,
					"bits_per_second":	996671.447856978,
					"packets":	86,
					"omitted":	false
				}],
			"sum":	{
				"start":	4.0000710487365723,
				"end":	4.999622106552124,
				"seconds":	0.99955105781555176,
				"bytes":	124528,
				"bits_per_second":	996671.447856978,
				"packets":	86,
				"omitted":	false
			}
		}],
	"end":	{
		"streams":	[{
				"udp":	{
					"socket":	5,
					"start":	0,
					"end":	4.999622106552124,
					"seconds":	4.999622106552124,
					"bytes":	624088,
					"bits_per_second":	998616.27410938567,
					"jitter_ms":	0.26149726366332,
					"lost_packets":	0,
					"packets":	431,
					"lost_percent":	0,
					"out_of_order":	0
				}
			}],
		"sum":	{
			"start":	0,
			"end":	5.04563307762146,
			"seconds":	5.04563307762146,
			"bytes":	624088,
			"bits_per_second":	998616.27410938567,
			"jitter_ms":	0.26149726366332,
			"lost_packets":	0,
			"packets":	431,
			"lost_percent":	0
		},
		"cpu_utilization_percent":	{
			"host_total":	9.2025470454164946,
			"host_user":	0.98389640357987429,
			"host_system":	8.199136696498952,
			"remote_total":	0.67274507400886552,
			"remote_user":	0.13677989488738637,
			"remote_system":	0.54711957954954549
		}
	}
}
