{
	"start":	{
		"connected":	[{
				"socket":	5,
				"local_host":	"10.120.139.106",
				"local_port":	54373,
				"remote_host":	"10.120.139.104",
				"remote_port":	5201
			}],
		"version":	"iperf 3.5",
		"system_info":	"Linux KN6GFJ-CHTEST-A 4.9.152 #0 Wed Jan 30 12:21:02 2019 mips",
		"timestamp":	{
			"time":	"Wed, 30 Jan 2019 17:04:12 GMT",
			"timesecs":	1548867852
		},
		"connecting_to":	{
			"host":	"10.120.139.104",
			"port":	5201
		},
		"cookie":	"ckjf3z2pybfewoernexo6sz2ogrb4ixmooe2",
		"sock_bufsize":	0,
		"sndbuf_actual":	163840,
		"rcvbuf_actual":	163840,
		"test_start":	{
			"protocol":	"UDP",
			"num_streams":	1,
			"blksize":	1448,
			"omit":	1,
			"duration":	5,
			"bytes":	0,
			"blocks":	0,
			"reverse":	0,
			"tos":	118
		}
	},
	"intervals":	[{
			"streams":	[{
					"socket":	5,
					"start":	0,
					"end":	1.0001630783081055,
					"seconds":	1.0001630783081055,
					"bytes":	2234264,
					"bits_per_second":	17871197.595332336,
					"packets":	1543,
					"omitted":	true
				}],
			"sum":	{
				"start":	0,
				"end":	1.0001630783081055,
				"seconds":	1.0001630783081055,
				"bytes":	2234264,
				"bits_per_second":	17871197.595332336,
				"packets":	1543,
				"omitted":	true
			}
		}, {
			"streams":	[{
					"socket":	5,
					"start":	0.00039505958557128906,
					"end":	0.9996788501739502,
					"seconds":	1.0000739097595215,
					"bytes":	1560944,
					"bits_per_second":	12486629.116244784,
					"packets":	1078,
					"omitted":	false
				}],
			"sum":	{
				"start":	0.00039505958557128906,
				"end":	0.9996788501739502,
				"seconds":	1.0000739097595215,
				"bytes":	1560944,
				"bits_per_second":	12486629.116244784,
				"packets":	1078,
				"omitted":	false
			}
		}, {
			"streams":	[{
					"socket":	5,
					"start":	0.9996788501739502,
					"end":	1.999647855758667,
					"seconds":	0.9999690055847168,
					"bytes":	1481304,
					"bits_per_second":	11850799.308595208,
					"packets":	1023,
					"omitted":	false
				}],
			"sum":	{
				"start":	0.9996788501739502,
				"end":	1.999647855758667,
				"seconds":	0.9999690055847168,
				"bytes":	1481304,
				"bits_per_second":	11850799.308595208,
				"packets":	1023,
				"omitted":	false
			}
		}, {
			"streams":	[{
					"socket":	5,
					"start":	1.999647855758667,
					"end":	2.9996387958526611,
					"seconds":	0.99999094009399414,
					"bytes":	1453792,
					"bits_per_second":	11630441.370705625,
					"packets":	1004,
					"omitted":	false
				}],
			"sum":	{
				"start":	1.999647855758667,
				"end":	2.9996387958526611,
				"seconds":	0.99999094009399414,
				"bytes":	1453792,
				"bits_per_second":	11630441.370705625,
				"packets":	1004,
				"omitted":	false
			}
		}, {
			"streams":	[{
					"socket":	5,
					"start":	2.9996387958526611,
					"end":	3.99967885017395,
					"seconds":	1.0000400543212891,
					"bytes":	1371256,
					"bits_per_second":	10969608.619771928,
					"packets":	947,
					"omitted":	false
				}],
			"sum":	{
				"start":	2.9996387958526611,
				"end":	3.99967885017395,
				"seconds":	1.0000400543212891,
				"bytes":	1371256,
				"bits_per_second":	10969608.619771928,
				"packets":	947,
				"omitted":	false
			}
		}, {
			"streams":	[{
					"socket":	5,
					"start":	3.99967885017395,
					"end":	4.9996500015258789,
					"seconds":	0.99997115135192871,
					"bytes":	1975072,
					"bits_per_second":	15801031.838406669,
					"packets":	1364,
					"omitted":	false
				}],
			"sum":	{
				"start":	3.99967885017395,
				"end":	4.9996500015258789,
				"seconds":	0.99997115135192871,
				"bytes":	1975072,
				"bits_per_second":	15801031.838406669,
				"packets":	1364,
				"omitted":	false
			}
		}],
	"end":	{
		"streams":	[{
				"udp":	{
					"socket":	5,
					"start":	0,
					"end":	4.9996500015258789,
					"seconds":	4.9996500015258789,
					"bytes":	7842368,
					"bits_per_second":	12548667.202874651,
					"jitter_ms":	0.65670743689363908,
					"lost_packets":	0,
					"packets":	5416,
					"lost_percent":	0,
					"out_of_order":	0
				}
			}],
		"sum":	{
			"start":	0,
			"end":	5.0799558162689209,
			"seconds":	5.0799558162689209,
			"bytes":	7842368,
			"bits_per_second":	12548667.202874651,
			"jitter_ms":	0.65670743689363908,
			"lost_packets":	0,
			"packets":	5416,
			"lost_percent":	0
		},
		"cpu_utilization_percent":	{
			"host_total":	26.8245752035415,
			"host_user":	4.0322014836243429,
			"host_system":	22.741616367641292,
			"remote_total":	12.816938619214019,
			"remote_user":	4.7109723001194936,
			"remote_system":	8.1487088434499331
		}
	}
}
