{
	"start":	{
		"connected":	[{
				"socket":	5,
				"local_host":	"10.120.139.106",
				"local_port":	55088,
				"remote_host":	"10.120.139.104",
				"remote_port":	5201
			}],
		"version":	"iperf 3.5",
		"system_info":	"Linux KN6GFJ-CHTEST-A 4.9.152 #0 Wed Jan 30 12:21:02 2019 mips",
		"timestamp":	{
			"time":	"Wed, 30 Jan 2019 17:01:33 GMT",
			"timesecs":	1548867693
		},
		"connecting_to":	{
			"host":	"10.120.139.104",
			"port":	5201
		},
		"cookie":	"jccrvji3cho2osu2lh6vbmic5tecen2csgl2",
		"sock_bufsize":	0,
		"sndbuf_actual":	163840,
		"rcvbuf_actual":	163840,
		"test_start":	{
			"protocol":	"UDP",
			"num_streams":	1,
			"blksize":	1448,
			"omit":	1,
			"duration":	5,
			"bytes":	0,
			"blocks":	0,
			"reverse":	0,
			"tos":	117
		}
	},
	"intervals":	[{
			"streams":	[{
					"socket":	5,
					"start":	0,
					"end":	1.001600980758667,
					"seconds":	1.001600980758667,
					"bytes":	750064,
					"bits_per_second":	5990920.651310551,
					"packets":	518,
					"omitted":	true
				}],
			"sum":	{
				"start":	0,
				"end":	1.001600980758667,
				"seconds":	1.001600980758667,
				"bytes":	750064,
				"bits_per_second":	5990920.651310551,
				"packets":	518,
				"omitted":	true
			}
		}, {
			"streams":	[{
					"socket":	5,
					"start":	0.00062394142150878906,
					"end":	0.999453067779541,
					"seconds":	1.0000770092010498,
					"bytes":	751512,
					"bits_per_second":	6011633.0489418963,
					"packets":	519,
					"omitted":	false
				}],
			"sum":	{
				"start":	0.00062394142150878906,
				"end":	0.999453067779541,
				"seconds":	1.0000770092010498,
				"bytes":	751512,
				"bits_per_second":	6011633.0489418963,
				"packets":	519,
				"omitted":	false
			}
		}, {
			"streams":	[{
					"socket":	5,
					"start":	0.999453067779541,
					"end":	1.9994511604309082,
					"seconds":	0.99999809265136719,
					"bytes":	750064,
					"bits_per_second":	6000523.44509019,
					"packets":	518,
					"omitted":	false
				}],
			"sum":	{
				"start":	0.999453067779541,
				"end":	1.9994511604309082,
				"seconds":	0.99999809265136719,
				"bytes":	750064,
				"bits_per_second":	6000523.44509019,
				"packets":	518,
				"omitted":	false
			}
		}, {
			"streams":	[{
					"socket":	5,
					"start":	1.9994511604309082,
					"end":	2.9994921684265137,
					"seconds":	1.0000410079956055,
					"bytes":	750064,
					"bits_per_second":	6000265.9411206553,
					"packets":	518,
					"omitted":	false
				}],
			"sum":	{
				"start":	1.9994511604309082,
				"end":	2.9994921684265137,
				"seconds":	1.0000410079956055,
				"bytes":	750064,
				"bits_per_second":	6000265.9411206553,
				"packets":	518,
				"omitted":	false
			}
		}, {
			"streams":	[{
					"socket":	5,
					"start":	2.9994921684265137,
					"end":	3.9995880126953125,
					"seconds":	1.0000958442687988,
					"bytes":	750064,
					"bits_per_second":	5999936.940431105,
					"packets":	518,
					"omitted":	false
				}],
			"sum":	{
				"start":	2.9994921684265137,
				"end":	3.9995880126953125,
				"seconds":	1.0000958442687988,
				"bytes":	750064,
				"bits_per_second":	5999936.940431105,
				"packets":	518,
				"omitted":	false
			}
		}, {
			"streams":	[{
					"socket":	5,
					"start":	3.9995880126953125,
					"end":	4.9980831146240234,
					"seconds":	0.99849510192871094,
					"bytes":	748616,
					"bits_per_second":	5997954.3098726068,
					"packets":	517,
					"omitted":	false
				}],
			"sum":	{
				"start":	3.9995880126953125,
				"end":	4.9980831146240234,
				"seconds":	0.99849510192871094,
				"bytes":	748616,
				"bits_per_second":	5997954.3098726068,
				"packets":	517,
				"omitted":	false
			}
		}],
	"end":	{
		"streams":	[{
				"udp":	{
					"socket":	5,
					"start":	0,
					"end":	4.9980831146240234,
					"seconds":	4.9980831146240234,
					"bytes":	3750320,
					"bits_per_second":	6002813.3410216244,
					"jitter_ms":	0.51114088717569439,
					"lost_packets":	0,
					"packets":	2590,
					"lost_percent":	0,
					"out_of_order":	0
				}
			}],
		"sum":	{
			"start":	0,
			"end":	5.047025203704834,
			"seconds":	5.047025203704834,
			"bytes":	3750320,
			"bits_per_second":	6002813.3410216244,
			"jitter_ms":	0.51114088717569439,
			"lost_packets":	0,
			"packets":	2590,
			"lost_percent":	0
		},
		"cpu_utilization_percent":	{
			"host_total":	27.114868051056547,
			"host_user":	6.5539453604129241,
			"host_system":	20.481079251290389,
			"remote_total":	8.0092895561894117,
			"remote_user":	2.4835434204105047,
			"remote_system":	5.5189853786900116
		}
	}
}
