{
	"start":	{
		"connected":	[{
				"socket":	5,
				"local_host":	"10.120.139.106",
				"local_port":	42191,
				"remote_host":	"10.120.139.104",
				"remote_port":	5201
			}],
		"version":	"iperf 3.5",
		"system_info":	"Linux KN6GFJ-CHTEST-A 4.9.152 #0 Wed Jan 30 12:21:02 2019 mips",
		"timestamp":	{
			"time":	"Wed, 30 Jan 2019 16:58:41 GMT",
			"timesecs":	1548867521
		},
		"connecting_to":	{
			"host":	"10.120.139.104",
			"port":	5201
		},
		"cookie":	"oeey5nvjgonzv5fkmrjm5w4izk3z2skj2qnz",
		"sock_bufsize":	0,
		"sndbuf_actual":	163840,
		"rcvbuf_actual":	163840,
		"test_start":	{
			"protocol":	"UDP",
			"num_streams":	1,
			"blksize":	1448,
			"omit":	1,
			"duration":	5,
			"bytes":	0,
			"blocks":	0,
			"reverse":	0,
			"tos":	118
		}
	},
	"intervals":	[{
			"streams":	[{
					"socket":	5,
					"start":	0,
					"end":	1.0001890659332275,
					"seconds":	1.0001890659332275,
					"bytes":	1439312,
					"bits_per_second":	11512319.412586646,
					"packets":	994,
					"omitted":	true
				}],
			"sum":	{
				"start":	0,
				"end":	1.0001890659332275,
				"seconds":	1.0001890659332275,
				"bytes":	1439312,
				"bits_per_second":	11512319.412586646,
				"packets":	994,
				"omitted":	true
			}
		}, {
			"streams":	[{
					"socket":	5,
					"start":	0.0013890266418457031,
					"end":	1.0000710487365723,
					"seconds":	1.001460075378418,
					"bytes":	1627552,
					"bits_per_second":	13001432.927897824,
					"packets":	1124,
					"omitted":	false
				}],
			"sum":	{
				"start":	0.0013890266418457031,
				"end":	1.0000710487365723,
				"seconds":	1.001460075378418,
				"bytes":	1627552,
				"bits_per_second":	13001432.927897824,
				"packets":	1124,
				"omitted":	false
			}
		}, {
			"streams":	[{
					"socket":	5,
					"start":	1.0000710487365723,
					"end":	2.0001170635223389,
					"seconds":	1.0000460147857666,
					"bytes":	1518952,
					"bits_per_second":	12151056.87172121,
					"packets":	1049,
					"omitted":	false
				}],
			"sum":	{
				"start":	1.0000710487365723,
				"end":	2.0001170635223389,
				"seconds":	1.0000460147857666,
				"bytes":	1518952,
				"bits_per_second":	12151056.87172121,
				"packets":	1049,
				"omitted":	false
			}
		}, {
			"streams":	[{
					"socket":	5,
					"start":	2.0001170635223389,
					"end":	3.00062894821167,
					"seconds":	1.0005118846893311,
					"bytes":	1494336,
					"bits_per_second":	11948571.709082747,
					"packets":	1032,
					"omitted":	false
				}],
			"sum":	{
				"start":	2.0001170635223389,
				"end":	3.00062894821167,
				"seconds":	1.0005118846893311,
				"bytes":	1494336,
				"bits_per_second":	11948571.709082747,
				"packets":	1032,
				"omitted":	false
			}
		}, {
			"streams":	[{
					"socket":	5,
					"start":	3.00062894821167,
					"end":	4.000277042388916,
					"seconds":	0.99964809417724609,
					"bytes":	1597144,
					"bits_per_second":	12781649.937037246,
					"packets":	1103,
					"omitted":	false
				}],
			"sum":	{
				"start":	3.00062894821167,
				"end":	4.000277042388916,
				"seconds":	0.99964809417724609,
				"bytes":	1597144,
				"bits_per_second":	12781649.937037246,
				"packets":	1103,
				"omitted":	false
			}
		}, {
			"streams":	[{
					"socket":	5,
					"start":	4.000277042388916,
					"end":	4.9986310005187988,
					"seconds":	0.99835395812988281,
					"bytes":	1465376,
					"bits_per_second":	11742336.377330085,
					"packets":	1012,
					"omitted":	false
				}],
			"sum":	{
				"start":	4.000277042388916,
				"end":	4.9986310005187988,
				"seconds":	0.99835395812988281,
				"bytes":	1465376,
				"bits_per_second":	11742336.377330085,
				"packets":	1012,
				"omitted":	false
			}
		}],
	"end":	{
		"streams":	[{
				"udp":	{
					"socket":	5,
					"start":	0,
					"end":	4.9986310005187988,
					"seconds":	4.9986310005187988,
					"bytes":	7703360,
					"bits_per_second":	12328751.610911839,
					"jitter_ms":	2.4383892489701497,
					"lost_packets":	0,
					"packets":	5320,
					"lost_percent":	0,
					"out_of_order":	0
				}
			}],
		"sum":	{
			"start":	0,
			"end":	5.0799529552459717,
			"seconds":	5.0799529552459717,
			"bytes":	7703360,
			"bits_per_second":	12328751.610911839,
			"jitter_ms":	2.4383892489701497,
			"lost_packets":	0,
			"packets":	5320,
			"lost_percent":	0
		},
		"cpu_utilization_percent":	{
			"host_total":	26.767217714378429,
			"host_user":	4.5888775441638492,
			"host_system":	22.124945302218556,
			"remote_total":	13.089475686111863,
			"remote_user":	2.8888196489258751,
			"remote_system":	10.179650191453083
		}
	}
}
