{
	"start":	{
		"connected":	[{
				"socket":	5,
				"local_host":	"10.120.139.106",
				"local_port":	37125,
				"remote_host":	"10.120.139.104",
				"remote_port":	5201
			}],
		"version":	"iperf 3.5",
		"system_info":	"Linux KN6GFJ-CHTEST-A 4.9.152 #0 Wed Jan 30 12:21:02 2019 mips",
		"timestamp":	{
			"time":	"Wed, 30 Jan 2019 16:55:35 GMT",
			"timesecs":	1548867335
		},
		"connecting_to":	{
			"host":	"10.120.139.104",
			"port":	5201
		},
		"cookie":	"x7mn5jphgryg24v7z7lbtukta46vb7wo2k4q",
		"sock_bufsize":	0,
		"sndbuf_actual":	163840,
		"rcvbuf_actual":	163840,
		"test_start":	{
			"protocol":	"UDP",
			"num_streams":	1,
			"blksize":	1448,
			"omit":	1,
			"duration":	5,
			"bytes":	0,
			"blocks":	0,
			"reverse":	0,
			"tos":	118
		}
	},
	"intervals":	[{
			"streams":	[{
					"socket":	5,
					"start":	0,
					"end":	1.0001580715179443,
					"seconds":	1.0001580715179443,
					"bytes":	1352432,
					"bits_per_second":	10817746.022465492,
					"packets":	934,
					"omitted":	true
				}],
			"sum":	{
				"start":	0,
				"end":	1.0001580715179443,
				"seconds":	1.0001580715179443,
				"bytes":	1352432,
				"bits_per_second":	10817746.022465492,
				"packets":	934,
				"omitted":	true
			}
		}, {
			"streams":	[{
					"socket":	5,
					"start":	0.00040888786315917969,
					"end":	0.99967288970947266,
					"seconds":	1.0000817775726318,
					"bytes":	1097584,
					"bits_per_second":	8779953.9966743328,
					"packets":	758,
					"omitted":	false
				}],
			"sum":	{
				"start":	0.00040888786315917969,
				"end":	0.99967288970947266,
				"seconds":	1.0000817775726318,
				"bytes":	1097584,
				"bits_per_second":	8779953.9966743328,
				"packets":	758,
				"omitted":	false
			}
		}, {
			"streams":	[{
					"socket":	5,
					"start":	0.99967288970947266,
					"end":	1.9996271133422852,
					"seconds":	0.9999542236328125,
					"bytes":	1230800,
					"bits_per_second":	9846850.7530557122,
					"packets":	850,
					"omitted":	false
				}],
			"sum":	{
				"start":	0.99967288970947266,
				"end":	1.9996271133422852,
				"seconds":	0.9999542236328125,
				"bytes":	1230800,
				"bits_per_second":	9846850.7530557122,
				"packets":	850,
				"omitted":	false
			}
		}, {
			"streams":	[{
					"socket":	5,
					"start":	1.9996271133422852,
					"end":	2.9996280670166016,
					"seconds":	1.0000009536743164,
					"bytes":	1225008,
					"bits_per_second":	9800054.6539395768,
					"packets":	846,
					"omitted":	false
				}],
			"sum":	{
				"start":	1.9996271133422852,
				"end":	2.9996280670166016,
				"seconds":	1.0000009536743164,
				"bytes":	1225008,
				"bits_per_second":	9800054.6539395768,
				"packets":	846,
				"omitted":	false
			}
		}, {
			"streams":	[{
					"socket":	5,
					"start":	2.9996280670166016,
					"end":	3.9996678829193115,
					"seconds":	1.00003981590271,
					"bytes":	1280032,
					"bits_per_second":	10239848.291196672,
					"packets":	884,
					"omitted":	false
				}],
			"sum":	{
				"start":	2.9996280670166016,
				"end":	3.9996678829193115,
				"seconds":	1.00003981590271,
				"bytes":	1280032,
				"bits_per_second":	10239848.291196672,
				"packets":	884,
				"omitted":	false
			}
		}, {
			"streams":	[{
					"socket":	5,
					"start":	3.9996678829193115,
					"end":	4.9997360706329346,
					"seconds":	1.000068187713623,
					"bytes":	1259760,
					"bits_per_second":	10077392.845622575,
					"packets":	870,
					"omitted":	false
				}],
			"sum":	{
				"start":	3.9996678829193115,
				"end":	4.9997360706329346,
				"seconds":	1.000068187713623,
				"bytes":	1259760,
				"bits_per_second":	10077392.845622575,
				"packets":	870,
				"omitted":	false
			}
		}],
	"end":	{
		"streams":	[{
				"udp":	{
					"socket":	5,
					"start":	0,
					"end":	4.9997360706329346,
					"seconds":	4.9997360706329346,
					"bytes":	6093184,
					"bits_per_second":	9749609.0416286979,
					"jitter_ms":	1.334281884609315,
					"lost_packets":	2,
					"packets":	4208,
					"lost_percent":	0.047528517110266157,
					"out_of_order":	0
				}
			}],
		"sum":	{
			"start":	0,
			"end":	5.0921390056610107,
			"seconds":	5.0921390056610107,
			"bytes":	6093184,
			"bits_per_second":	9749609.0416286979,
			"jitter_ms":	1.334281884609315,
			"lost_packets":	2,
			"packets":	4208,
			"lost_percent":	0.047528517110266157
		},
		"cpu_utilization_percent":	{
			"host_total":	20.23826194418848,
			"host_user":	5.5490979288481608,
			"host_system":	14.68878863518631,
			"remote_total":	7.2342879874589876,
			"remote_user":	2.123515957278634,
			"remote_system":	5.0728436757211819
		}
	}
}
