{
	"start":	{
		"connected":	[{
				"socket":	5,
				"local_host":	"10.120.139.106",
				"local_port":	37549,
				"remote_host":	"10.120.139.104",
				"remote_port":	5201
			}],
		"version":	"iperf 3.5",
		"system_info":	"Linux KN6GFJ-CHTEST-A 4.9.152 #0 Wed Jan 30 12:21:02 2019 mips",
		"timestamp":	{
			"time":	"Wed, 30 Jan 2019 16:41:59 GMT",
			"timesecs":	1548866519
		},
		"connecting_to":	{
			"host":	"10.120.139.104",
			"port":	5201
		},
		"cookie":	"25dxhnc6fx32oyexzwnuoosdtjmd5mxwly4g",
		"sock_bufsize":	0,
		"sndbuf_actual":	163840,
		"rcvbuf_actual":	163840,
		"test_start":	{
			"protocol":	"UDP",
			"num_streams":	1,
			"blksize":	1448,
			"omit":	1,
			"duration":	5,
			"bytes":	0,
			"blocks":	0,
			"reverse":	0,
			"tos":	120
		}
	},
	"intervals":	[{
			"streams":	[{
					"socket":	5,
					"start":	0,
					"end":	1.0001637935638428,
					"seconds":	1.0001637935638428,
					"bytes":	3068312,
					"bits_per_second":	24542476.100373995,
					"packets":	2119,
					"omitted":	true
				}],
			"sum":	{
				"start":	0,
				"end":	1.0001637935638428,
				"seconds":	1.0001637935638428,
				"bytes":	3068312,
				"bits_per_second":	24542476.100373995,
				"packets":	2119,
				"omitted":	true
			}
		}, {
			"streams":	[{
					"socket":	5,
					"start":	0.00040507316589355469,
					"end":	1.0002570152282715,
					"seconds":	1.000662088394165,
					"bytes":	2987224,
					"bits_per_second":	23881980.018200267,
					"packets":	2063,
					"omitted":	false
				}],
			"sum":	{
				"start":	0.00040507316589355469,
				"end":	1.0002570152282715,
				"seconds":	1.000662088394165,
				"bytes":	2987224,
				"bits_per_second":	23881980.018200267,
				"packets":	2063,
				"omitted":	false
			}
		}, {
			"streams":	[{
					"socket":	5,
					"start":	1.0002570152282715,
					"end":	1.999629020690918,
					"seconds":	0.99937200546264648,
					"bytes":	3094376,
					"bits_per_second":	24770563.778740216,
					"packets":	2137,
					"omitted":	false
				}],
			"sum":	{
				"start":	1.0002570152282715,
				"end":	1.999629020690918,
				"seconds":	0.99937200546264648,
				"bytes":	3094376,
				"bits_per_second":	24770563.778740216,
				"packets":	2137,
				"omitted":	false
			}
		}, {
			"streams":	[{
					"socket":	5,
					"start":	1.999629020690918,
					"end":	2.9996299743652344,
					"seconds":	1.0000009536743164,
					"bytes":	3207320,
					"bits_per_second":	25658535.530113667,
					"packets":	2215,
					"omitted":	false
				}],
			"sum":	{
				"start":	1.999629020690918,
				"end":	2.9996299743652344,
				"seconds":	1.0000009536743164,
				"bytes":	3207320,
				"bits_per_second":	25658535.530113667,
				"packets":	2215,
				"omitted":	false
			}
		}, {
			"streams":	[{
					"socket":	5,
					"start":	2.9996299743652344,
					"end":	3.9996609687805176,
					"seconds":	1.0000309944152832,
					"bytes":	3195736,
					"bits_per_second":	25565095.624809451,
					"packets":	2207,
					"omitted":	false
				}],
			"sum":	{
				"start":	2.9996299743652344,
				"end":	3.9996609687805176,
				"seconds":	1.0000309944152832,
				"bytes":	3195736,
				"bits_per_second":	25565095.624809451,
				"packets":	2207,
				"omitted":	false
			}
		}, {
			"streams":	[{
					"socket":	5,
					"start":	3.9996609687805176,
					"end":	4.9996800422668457,
					"seconds":	1.0000190734863281,
					"bytes":	3191392,
					"bits_per_second":	25530649.041514557,
					"packets":	2204,
					"omitted":	false
				}],
			"sum":	{
				"start":	3.9996609687805176,
				"end":	4.9996800422668457,
				"seconds":	1.0000190734863281,
				"bytes":	3191392,
				"bits_per_second":	25530649.041514557,
				"packets":	2204,
				"omitted":	false
			}
		}],
	"end":	{
		"streams":	[{
				"udp":	{
					"socket":	5,
					"start":	0,
					"end":	4.9996800422668457,
					"seconds":	4.9996800422668457,
					"bytes":	15676048,
					"bits_per_second":	25083281.918004513,
					"jitter_ms":	0.47642556242934059,
					"lost_packets":	0,
					"packets":	10826,
					"lost_percent":	0,
					"out_of_order":	0
				}
			}],
		"sum":	{
			"start":	0,
			"end":	5.0553181171417236,
			"seconds":	5.0553181171417236,
			"bytes":	15676048,
			"bits_per_second":	25083281.918004513,
			"jitter_ms":	0.47642556242934059,
			"lost_packets":	0,
			"packets":	10826,
			"lost_percent":	0
		},
		"cpu_utilization_percent":	{
			"host_total":	35.885739499643989,
			"host_user":	9.0150101558187128,
			"host_system":	26.8811211918958,
			"remote_total":	19.919936386373944,
			"remote_user":	6.9373749498748385,
			"remote_system":	12.928744224766744
		}
	}
}
