{
	"start":	{
		"connected":	[{
				"socket":	5,
				"local_host":	"10.120.139.106",
				"local_port":	40115,
				"remote_host":	"10.120.139.104",
				"remote_port":	5201
			}],
		"version":	"iperf 3.5",
		"system_info":	"Linux KN6GFJ-CHTEST-A 4.9.152 #0 Wed Jan 30 12:21:02 2019 mips",
		"timestamp":	{
			"time":	"Wed, 30 Jan 2019 16:57:19 GMT",
			"timesecs":	1548867439
		},
		"connecting_to":	{
			"host":	"10.120.139.104",
			"port":	5201
		},
		"cookie":	"ns3mqivg73ybozoz6v5m6dda5qf6rj6rbzbz",
		"sock_bufsize":	0,
		"sndbuf_actual":	163840,
		"rcvbuf_actual":	163840,
		"test_start":	{
			"protocol":	"UDP",
			"num_streams":	1,
			"blksize":	1448,
			"omit":	1,
			"duration":	5,
			"bytes":	0,
			"blocks":	0,
			"reverse":	0,
			"tos":	117
		}
	},
	"intervals":	[{
			"streams":	[{
					"socket":	5,
					"start":	0,
					"end":	1.0001990795135498,
					"seconds":	1.0001990795135498,
					"bytes":	876040,
					"bits_per_second":	7006925.0647666259,
					"packets":	605,
					"omitted":	true
				}],
			"sum":	{
				"start":	0,
				"end":	1.0001990795135498,
				"seconds":	1.0001990795135498,
				"bytes":	876040,
				"bits_per_second":	7006925.0647666259,
				"packets":	605,
				"omitted":	true
			}
		}, {
			"streams":	[{
					"socket":	5,
					"start":	0.00042104721069335938,
					"end":	0.99962091445922852,
					"seconds":	1.0000419616699219,
					"bytes":	874592,
					"bits_per_second":	6996442.4175926456,
					"packets":	604,
					"omitted":	false
				}],
			"sum":	{
				"start":	0.00042104721069335938,
				"end":	0.99962091445922852,
				"seconds":	1.0000419616699219,
				"bytes":	874592,
				"bits_per_second":	6996442.4175926456,
				"packets":	604,
				"omitted":	false
			}
		}, {
			"streams":	[{
					"socket":	5,
					"start":	0.99962091445922852,
					"end":	1.9996130466461182,
					"seconds":	0.99999213218688965,
					"bytes":	874592,
					"bits_per_second":	6996791.0494443495,
					"packets":	604,
					"omitted":	false
				}],
			"sum":	{
				"start":	0.99962091445922852,
				"end":	1.9996130466461182,
				"seconds":	0.99999213218688965,
				"bytes":	874592,
				"bits_per_second":	6996791.0494443495,
				"packets":	604,
				"omitted":	false
			}
		}, {
			"streams":	[{
					"socket":	5,
					"start":	1.9996130466461182,
					"end":	2.999614953994751,
					"seconds":	1.0000019073486328,
					"bytes":	874592,
					"bits_per_second":	6996722.65481061,
					"packets":	604,
					"omitted":	false
				}],
			"sum":	{
				"start":	1.9996130466461182,
				"end":	2.999614953994751,
				"seconds":	1.0000019073486328,
				"bytes":	874592,
				"bits_per_second":	6996722.65481061,
				"packets":	604,
				"omitted":	false
			}
		}, {
			"streams":	[{
					"socket":	5,
					"start":	2.999614953994751,
					"end":	3.999629020690918,
					"seconds":	1.000014066696167,
					"bytes":	874592,
					"bits_per_second":	6996637.5804249654,
					"packets":	604,
					"omitted":	false
				}],
			"sum":	{
				"start":	2.999614953994751,
				"end":	3.999629020690918,
				"seconds":	1.000014066696167,
				"bytes":	874592,
				"bits_per_second":	6996637.5804249654,
				"packets":	604,
				"omitted":	false
			}
		}, {
			"streams":	[{
					"socket":	5,
					"start":	3.999629020690918,
					"end":	4.9997360706329346,
					"seconds":	1.0001070499420166,
					"bytes":	876040,
					"bits_per_second":	7007569.8400549451,
					"packets":	605,
					"omitted":	false
				}],
			"sum":	{
				"start":	3.999629020690918,
				"end":	4.9997360706329346,
				"seconds":	1.0001070499420166,
				"bytes":	876040,
				"bits_per_second":	7007569.8400549451,
				"packets":	605,
				"omitted":	false
			}
		}],
	"end":	{
		"streams":	[{
				"udp":	{
					"socket":	5,
					"start":	0,
					"end":	4.9997360706329346,
					"seconds":	4.9997360706329346,
					"bytes":	4374408,
					"bits_per_second":	6999422.2706179414,
					"jitter_ms":	0.59196261924870364,
					"lost_packets":	0,
					"packets":	3021,
					"lost_percent":	0,
					"out_of_order":	0
				}
			}],
		"sum":	{
			"start":	0,
			"end":	5.0487890243530273,
			"seconds":	5.0487890243530273,
			"bytes":	4374408,
			"bits_per_second":	6999422.2706179414,
			"jitter_ms":	0.59196261924870364,
			"lost_packets":	0,
			"packets":	3021,
			"lost_percent":	0
		},
		"cpu_utilization_percent":	{
			"host_total":	29.635841708585918,
			"host_user":	9.9895470035207428,
			"host_system":	19.651567875778507,
			"remote_total":	9.0643967351895416,
			"remote_user":	3.0345694008090991,
			"remote_system":	6.0691388016181982
		}
	}
}
