{
	"start":	{
		"connected":	[{
				"socket":	5,
				"local_host":	"10.120.139.106",
				"local_port":	42466,
				"remote_host":	"10.120.139.104",
				"remote_port":	5201
			}],
		"version":	"iperf 3.5",
		"system_info":	"Linux KN6GFJ-CHTEST-A 4.9.152 #0 Wed Jan 30 12:21:02 2019 mips",
		"timestamp":	{
			"time":	"Wed, 30 Jan 2019 17:04:35 GMT",
			"timesecs":	1548867875
		},
		"connecting_to":	{
			"host":	"10.120.139.104",
			"port":	5201
		},
		"cookie":	"fuhx27hgoxfw46zhbuum2xvwy2k2rrxtefmh",
		"sock_bufsize":	0,
		"sndbuf_actual":	163840,
		"rcvbuf_actual":	163840,
		"test_start":	{
			"protocol":	"UDP",
			"num_streams":	1,
			"blksize":	1448,
			"omit":	1,
			"duration":	5,
			"bytes":	0,
			"blocks":	0,
			"reverse":	0,
			"tos":	118
		}
	},
	"intervals":	[{
			"streams":	[{
					"socket":	5,
					"start":	0,
					"end":	1.0004301071166992,
					"seconds":	1.0004301071166992,
					"bytes":	1503024,
					"bits_per_second":	12019022.532872843,
					"packets":	1038,
					"omitted":	true
				}],
			"sum":	{
				"start":	0,
				"end":	1.0004301071166992,
				"seconds":	1.0004301071166992,
				"bytes":	1503024,
				"bits_per_second":	12019022.532872843,
				"packets":	1038,
				"omitted":	true
			}
		}, {
			"streams":	[{
					"socket":	5,
					"start":	0.0022618770599365234,
					"end":	0.99782204627990723,
					"seconds":	1.0000839233398438,
					"bytes":	1319128,
					"bits_per_second":	10552138.429300519,
					"packets":	911,
					"omitted":	false
				}],
			"sum":	{
				"start":	0.0022618770599365234,
				"end":	0.99782204627990723,
				"seconds":	1.0000839233398438,
				"bytes":	1319128,
				"bits_per_second":	10552138.429300519,
				"packets":	911,
				"omitted":	false
			}
		}, {
			"streams":	[{
					"socket":	5,
					"start":	0.99782204627990723,
					"end":	1.9978229999542236,
					"seconds":	1.0000009536743164,
					"bytes":	1365464,
					"bits_per_second":	10923701.582346361,
					"packets":	943,
					"omitted":	false
				}],
			"sum":	{
				"start":	0.99782204627990723,
				"end":	1.9978229999542236,
				"seconds":	1.0000009536743164,
				"bytes":	1365464,
				"bits_per_second":	10923701.582346361,
				"packets":	943,
				"omitted":	false
			}
		}, {
			"streams":	[{
					"socket":	5,
					"start":	1.9978229999542236,
					"end":	2.9977951049804688,
					"seconds":	0.99997210502624512,
					"bytes":	1395872,
					"bits_per_second":	11167287.511192039,
					"packets":	964,
					"omitted":	false
				}],
			"sum":	{
				"start":	1.9978229999542236,
				"end":	2.9977951049804688,
				"seconds":	0.99997210502624512,
				"bytes":	1395872,
				"bits_per_second":	11167287.511192039,
				"packets":	964,
				"omitted":	false
			}
		}, {
			"streams":	[{
					"socket":	5,
					"start":	2.9977951049804688,
					"end":	3.9977941513061523,
					"seconds":	0.99999904632568359,
					"bytes":	1387184,
					"bits_per_second":	11097482.583384117,
					"packets":	958,
					"omitted":	false
				}],
			"sum":	{
				"start":	2.9977951049804688,
				"end":	3.9977941513061523,
				"seconds":	0.99999904632568359,
				"bytes":	1387184,
				"bits_per_second":	11097482.583384117,
				"packets":	958,
				"omitted":	false
			}
		}, {
			"streams":	[{
					"socket":	5,
					"start":	3.9977941513061523,
					"end":	4.9978070259094238,
					"seconds":	1.0000128746032715,
					"bytes":	1498680,
					"bits_per_second":	11989285.642703842,
					"packets":	1035,
					"omitted":	false
				}],
			"sum":	{
				"start":	3.9977941513061523,
				"end":	4.9978070259094238,
				"seconds":	1.0000128746032715,
				"bytes":	1498680,
				"bits_per_second":	11989285.642703842,
				"packets":	1035,
				"omitted":	false
			}
		}],
	"end":	{
		"streams":	[{
				"udp":	{
					"socket":	5,
					"start":	0,
					"end":	4.9978070259094238,
					"seconds":	4.9978070259094238,
					"bytes":	6966328,
					"bits_per_second":	11151015.577649079,
					"jitter_ms":	3.4223211528220316,
					"lost_packets":	0,
					"packets":	4811,
					"lost_percent":	0,
					"out_of_order":	0
				}
			}],
		"sum":	{
			"start":	0,
			"end":	5.072545051574707,
			"seconds":	5.072545051574707,
			"bytes":	6966328,
			"bits_per_second":	11151015.577649079,
			"jitter_ms":	3.4223211528220316,
			"lost_packets":	0,
			"packets":	4811,
			"lost_percent":	0
		},
		"cpu_utilization_percent":	{
			"host_total":	25.971181637453611,
			"host_user":	5.7376400168588253,
			"host_system":	20.163706344961017,
			"remote_total":	10.770838869442374,
			"remote_user":	3.8200644588126615,
			"remote_system":	6.92386683159795
		}
	}
}
