{
	"start":	{
		"connected":	[{
				"socket":	5,
				"local_host":	"10.120.139.106",
				"local_port":	51126,
				"remote_host":	"10.120.139.104",
				"remote_port":	5201
			}],
		"version":	"iperf 3.5",
		"system_info":	"Linux KN6GFJ-CHTEST-A 4.9.152 #0 Wed Jan 30 12:21:02 2019 mips",
		"timestamp":	{
			"time":	"Wed, 30 Jan 2019 16:53:57 GMT",
			"timesecs":	1548867237
		},
		"connecting_to":	{
			"host":	"10.120.139.104",
			"port":	5201
		},
		"cookie":	"d2olcrsubx2b7ztdeivssjol5xxz6x2lbdx3",
		"sock_bufsize":	0,
		"sndbuf_actual":	163840,
		"rcvbuf_actual":	163840,
		"test_start":	{
			"protocol":	"UDP",
			"num_streams":	1,
			"blksize":	1448,
			"omit":	1,
			"duration":	5,
			"bytes":	0,
			"blocks":	0,
			"reverse":	0,
			"tos":	118
		}
	},
	"intervals":	[{
			"streams":	[{
					"socket":	5,
					"start":	0,
					"end":	1.0002691745758057,
					"seconds":	1.0002691745758057,
					"bytes":	763096,
					"bits_per_second":	6103125.1938648522,
					"packets":	527,
					"omitted":	true
				}],
			"sum":	{
				"start":	0,
				"end":	1.0002691745758057,
				"seconds":	1.0002691745758057,
				"bytes":	763096,
				"bits_per_second":	6103125.1938648522,
				"packets":	527,
				"omitted":	true
			}
		}, {
			"streams":	[{
					"socket":	5,
					"start":	0.0033128261566162109,
					"end":	0.99674415588378906,
					"seconds":	1.0000569820404053,
					"bytes":	1159848,
					"bits_per_second":	9278255.3060812578,
					"packets":	801,
					"omitted":	false
				}],
			"sum":	{
				"start":	0.0033128261566162109,
				"end":	0.99674415588378906,
				"seconds":	1.0000569820404053,
				"bytes":	1159848,
				"bits_per_second":	9278255.3060812578,
				"packets":	801,
				"omitted":	false
			}
		}, {
			"streams":	[{
					"socket":	5,
					"start":	0.99674415588378906,
					"end":	1.9967620372772217,
					"seconds":	1.0000178813934326,
					"bytes":	1090344,
					"bits_per_second":	8722596.0278286729,
					"packets":	753,
					"omitted":	false
				}],
			"sum":	{
				"start":	0.99674415588378906,
				"end":	1.9967620372772217,
				"seconds":	1.0000178813934326,
				"bytes":	1090344,
				"bits_per_second":	8722596.0278286729,
				"packets":	753,
				"omitted":	false
			}
		}, {
			"streams":	[{
					"socket":	5,
					"start":	1.9967620372772217,
					"end":	2.9968180656433105,
					"seconds":	1.0000560283660889,
					"bytes":	1028080,
					"bits_per_second":	8224179.2126762914,
					"packets":	710,
					"omitted":	false
				}],
			"sum":	{
				"start":	1.9967620372772217,
				"end":	2.9968180656433105,
				"seconds":	1.0000560283660889,
				"bytes":	1028080,
				"bits_per_second":	8224179.2126762914,
				"packets":	710,
				"omitted":	false
			}
		}, {
			"streams":	[{
					"socket":	5,
					"start":	2.9968180656433105,
					"end":	3.9967470169067383,
					"seconds":	0.99992895126342773,
					"bytes":	1026632,
					"bits_per_second":	8213639.568714017,
					"packets":	709,
					"omitted":	false
				}],
			"sum":	{
				"start":	2.9968180656433105,
				"end":	3.9967470169067383,
				"seconds":	0.99992895126342773,
				"bytes":	1026632,
				"bits_per_second":	8213639.568714017,
				"packets":	709,
				"omitted":	false
			}
		}, {
			"streams":	[{
					"socket":	5,
					"start":	3.9967470169067383,
					"end":	4.9966261386871338,
					"seconds":	0.99987912178039551,
					"bytes":	1267000,
					"bits_per_second":	10137225.369754426,
					"packets":	875,
					"omitted":	false
				}],
			"sum":	{
				"start":	3.9967470169067383,
				"end":	4.9966261386871338,
				"seconds":	0.99987912178039551,
				"bytes":	1267000,
				"bits_per_second":	10137225.369754426,
				"packets":	875,
				"omitted":	false
			}
		}],
	"end":	{
		"streams":	[{
				"udp":	{
					"socket":	5,
					"start":	0,
					"end":	4.9966261386871338,
					"seconds":	4.9966261386871338,
					"bytes":	5571904,
					"bits_per_second":	8921066.08794873,
					"jitter_ms":	0.96416072904735373,
					"lost_packets":	2,
					"packets":	3848,
					"lost_percent":	0.051975051975051978,
					"out_of_order":	0
				}
			}],
		"sum":	{
			"start":	0,
			"end":	5.0686202049255371,
			"seconds":	5.0686202049255371,
			"bytes":	5571904,
			"bits_per_second":	8921066.08794873,
			"jitter_ms":	0.96416072904735373,
			"lost_packets":	2,
			"packets":	3848,
			"lost_percent":	0.051975051975051978
		},
		"cpu_utilization_percent":	{
			"host_total":	20.168485531525842,
			"host_user":	4.0976499485826885,
			"host_system":	16.062787798444138,
			"remote_total":	7.6236772259980379,
			"remote_user":	1.3716386280870443,
			"remote_system":	6.1723738263916985
		}
	}
}
