{
	"start":	{
		"connected":	[{
				"socket":	5,
				"local_host":	"10.120.139.106",
				"local_port":	48948,
				"remote_host":	"10.120.139.104",
				"remote_port":	5201
			}],
		"version":	"iperf 3.5",
		"system_info":	"Linux KN6GFJ-CHTEST-A 4.9.152 #0 Wed Jan 30 12:21:02 2019 mips",
		"timestamp":	{
			"time":	"Wed, 30 Jan 2019 16:54:42 GMT",
			"timesecs":	1548867282
		},
		"connecting_to":	{
			"host":	"10.120.139.104",
			"port":	5201
		},
		"cookie":	"jo3yg4xgqdu4elvpafsh73whuksz5cscjein",
		"sock_bufsize":	0,
		"sndbuf_actual":	163840,
		"rcvbuf_actual":	163840,
		"test_start":	{
			"protocol":	"UDP",
			"num_streams":	1,
			"blksize":	1448,
			"omit":	1,
			"duration":	5,
			"bytes":	0,
			"blocks":	0,
			"reverse":	0,
			"tos":	118
		}
	},
	"intervals":	[{
			"streams":	[{
					"socket":	5,
					"start":	0,
					"end":	1.0002048015594482,
					"seconds":	1.0002048015594482,
					"bytes":	1335056,
					"bits_per_second":	10678261.075479547,
					"packets":	922,
					"omitted":	true
				}],
			"sum":	{
				"start":	0,
				"end":	1.0002048015594482,
				"seconds":	1.0002048015594482,
				"bytes":	1335056,
				"bits_per_second":	10678261.075479547,
				"packets":	922,
				"omitted":	true
			}
		}, {
			"streams":	[{
					"socket":	5,
					"start":	0.00041222572326660156,
					"end":	0.99968481063842773,
					"seconds":	1.0000970363616943,
					"bytes":	1072968,
					"bits_per_second":	8582911.1455296911,
					"packets":	741,
					"omitted":	false
				}],
			"sum":	{
				"start":	0.00041222572326660156,
				"end":	0.99968481063842773,
				"seconds":	1.0000970363616943,
				"bytes":	1072968,
				"bits_per_second":	8582911.1455296911,
				"packets":	741,
				"omitted":	false
			}
		}, {
			"streams":	[{
					"socket":	5,
					"start":	0.99968481063842773,
					"end":	1.9997317790985107,
					"seconds":	1.000046968460083,
					"bytes":	1013600,
					"bits_per_second":	8108419.1600383455,
					"packets":	700,
					"omitted":	false
				}],
			"sum":	{
				"start":	0.99968481063842773,
				"end":	1.9997317790985107,
				"seconds":	1.000046968460083,
				"bytes":	1013600,
				"bits_per_second":	8108419.1600383455,
				"packets":	700,
				"omitted":	false
			}
		}, {
			"streams":	[{
					"socket":	5,
					"start":	1.9997317790985107,
					"end":	2.9996528625488281,
					"seconds":	0.99992108345031738,
					"bytes":	1045456,
					"bits_per_second":	8364308.0823343406,
					"packets":	722,
					"omitted":	false
				}],
			"sum":	{
				"start":	1.9997317790985107,
				"end":	2.9996528625488281,
				"seconds":	0.99992108345031738,
				"bytes":	1045456,
				"bits_per_second":	8364308.0823343406,
				"packets":	722,
				"omitted":	false
			}
		}, {
			"streams":	[{
					"socket":	5,
					"start":	2.9996528625488281,
					"end":	3.9997379779815674,
					"seconds":	1.0000851154327393,
					"bytes":	1429176,
					"bits_per_second":	11432434.923354235,
					"packets":	987,
					"omitted":	false
				}],
			"sum":	{
				"start":	2.9996528625488281,
				"end":	3.9997379779815674,
				"seconds":	1.0000851154327393,
				"bytes":	1429176,
				"bits_per_second":	11432434.923354235,
				"packets":	987,
				"omitted":	false
			}
		}, {
			"streams":	[{
					"socket":	5,
					"start":	3.9997379779815674,
					"end":	4.9996387958526611,
					"seconds":	0.99990081787109375,
					"bytes":	1252520,
					"bits_per_second":	10021153.919379821,
					"packets":	865,
					"omitted":	false
				}],
			"sum":	{
				"start":	3.9997379779815674,
				"end":	4.9996387958526611,
				"seconds":	0.99990081787109375,
				"bytes":	1252520,
				"bits_per_second":	10021153.919379821,
				"packets":	865,
				"omitted":	false
			}
		}],
	"end":	{
		"streams":	[{
				"udp":	{
					"socket":	5,
					"start":	0,
					"end":	4.9996387958526611,
					"seconds":	4.9996387958526611,
					"bytes":	5813720,
					"bits_per_second":	9302624.0292761,
					"jitter_ms":	1.7556667073527348,
					"lost_packets":	0,
					"packets":	4015,
					"lost_percent":	0,
					"out_of_order":	0
				}
			}],
		"sum":	{
			"start":	0,
			"end":	5.0792970657348633,
			"seconds":	5.0792970657348633,
			"bytes":	5813720,
			"bits_per_second":	9302624.0292761,
			"jitter_ms":	1.7556667073527348,
			"lost_packets":	0,
			"packets":	4015,
			"lost_percent":	0
		},
		"cpu_utilization_percent":	{
			"host_total":	21.1116812326158,
			"host_user":	5.5701526320117978,
			"host_system":	15.563661765915318,
			"remote_total":	9.0512469776383586,
			"remote_user":	3.1511476753846592,
			"remote_system":	5.8912760887626234
		}
	}
}
