{
	"start":	{
		"connected":	[{
				"socket":	5,
				"local_host":	"10.120.139.106",
				"local_port":	53282,
				"remote_host":	"10.120.139.104",
				"remote_port":	5201
			}],
		"version":	"iperf 3.5",
		"system_info":	"Linux KN6GFJ-CHTEST-A 4.9.152 #0 Wed Jan 30 12:21:02 2019 mips",
		"timestamp":	{
			"time":	"Wed, 30 Jan 2019 16:45:14 GMT",
			"timesecs":	1548866714
		},
		"connecting_to":	{
			"host":	"10.120.139.104",
			"port":	5201
		},
		"cookie":	"kbpdaqojpmyqj3iuw3e5th3q336gegcfaxsd",
		"sock_bufsize":	0,
		"sndbuf_actual":	163840,
		"rcvbuf_actual":	163840,
		"test_start":	{
			"protocol":	"UDP",
			"num_streams":	1,
			"blksize":	1448,
			"omit":	1,
			"duration":	5,
			"bytes":	0,
			"blocks":	0,
			"reverse":	0,
			"tos":	118
		}
	},
	"intervals":	[{
			"streams":	[{
					"socket":	5,
					"start":	0,
					"end":	1.0007359981536865,
					"seconds":	1.0007359981536865,
					"bytes":	650152,
					"bits_per_second":	5197390.7300187191,
					"packets":	449,
					"omitted":	true
				}],
			"sum":	{
				"start":	0,
				"end":	1.0007359981536865,
				"seconds":	1.0007359981536865,
				"bytes":	650152,
				"bits_per_second":	5197390.7300187191,
				"packets":	449,
				"omitted":	true
			}
		}, {
			"streams":	[{
					"socket":	5,
					"start":	0.00038504600524902344,
					"end":	0.99965000152587891,
					"seconds":	1.0000350475311279,
					"bytes":	692144,
					"bits_per_second":	5536957.9432941284,
					"packets":	478,
					"omitted":	false
				}],
			"sum":	{
				"start":	0.00038504600524902344,
				"end":	0.99965000152587891,
				"seconds":	1.0000350475311279,
				"bytes":	692144,
				"bits_per_second":	5536957.9432941284,
				"packets":	478,
				"omitted":	false
			}
		}, {
			"streams":	[{
					"socket":	5,
					"start":	0.99965000152587891,
					"end":	1.9996929168701172,
					"seconds":	1.0000429153442383,
					"bytes":	584992,
					"bits_per_second":	4679735.16755434,
					"packets":	404,
					"omitted":	false
				}],
			"sum":	{
				"start":	0.99965000152587891,
				"end":	1.9996929168701172,
				"seconds":	1.0000429153442383,
				"bytes":	584992,
				"bits_per_second":	4679735.16755434,
				"packets":	404,
				"omitted":	false
			}
		}, {
			"streams":	[{
					"socket":	5,
					"start":	1.9996929168701172,
					"end":	2.9996519088745117,
					"seconds":	0.99995899200439453,
					"bytes":	816672,
					"bits_per_second":	6533643.9316416364,
					"packets":	564,
					"omitted":	false
				}],
			"sum":	{
				"start":	1.9996929168701172,
				"end":	2.9996519088745117,
				"seconds":	0.99995899200439453,
				"bytes":	816672,
				"bits_per_second":	6533643.9316416364,
				"packets":	564,
				"omitted":	false
			}
		}, {
			"streams":	[{
					"socket":	5,
					"start":	2.9996519088745117,
					"end":	4.0002720355987549,
					"seconds":	1.0006201267242432,
					"bytes":	634224,
					"bits_per_second":	5070647.5559413424,
					"packets":	438,
					"omitted":	false
				}],
			"sum":	{
				"start":	2.9996519088745117,
				"end":	4.0002720355987549,
				"seconds":	1.0006201267242432,
				"bytes":	634224,
				"bits_per_second":	5070647.5559413424,
				"packets":	438,
				"omitted":	false
			}
		}, {
			"streams":	[{
					"socket":	5,
					"start":	4.0002720355987549,
					"end":	4.9996089935302734,
					"seconds":	0.99933695793151855,
					"bytes":	508248,
					"bits_per_second":	4068681.7071350915,
					"packets":	351,
					"omitted":	false
				}],
			"sum":	{
				"start":	4.0002720355987549,
				"end":	4.9996089935302734,
				"seconds":	0.99933695793151855,
				"bytes":	508248,
				"bits_per_second":	4068681.7071350915,
				"packets":	351,
				"omitted":	false
			}
		}],
	"end":	{
		"streams":	[{
				"udp":	{
					"socket":	5,
					"start":	0,
					"end":	4.9996089935302734,
					"seconds":	4.9996089935302734,
					"bytes":	3236280,
					"bits_per_second":	5178452.9617222417,
					"jitter_ms":	5.0211963961323,
					"lost_packets":	3,
					"packets":	2235,
					"lost_percent":	0.13422818791946309,
					"out_of_order":	0
				}
			}],
		"sum":	{
			"start":	0,
			"end":	5.0955560207366943,
			"seconds":	5.0955560207366943,
			"bytes":	3236280,
			"bits_per_second":	5178452.9617222417,
			"jitter_ms":	5.0211963961323,
			"lost_packets":	3,
			"packets":	2235,
			"lost_percent":	0.13422818791946309
		},
		"cpu_utilization_percent":	{
			"host_total":	17.129159612786886,
			"host_user":	3.4276469432244565,
			"host_system":	13.710587772897826,
			"remote_total":	5.8712639222105683,
			"remote_user":	1.505806801701945,
			"remote_system":	4.3805288776783859
		}
	}
}
