{
	"start":	{
		"connected":	[{
				"socket":	5,
				"local_host":	"10.120.139.106",
				"local_port":	33322,
				"remote_host":	"10.120.139.104",
				"remote_port":	5201
			}],
		"version":	"iperf 3.5",
		"system_info":	"Linux KN6GFJ-CHTEST-A 4.9.152 #0 Wed Jan 30 12:21:02 2019 mips",
		"timestamp":	{
			"time":	"Wed, 30 Jan 2019 16:44:12 GMT",
			"timesecs":	1548866652
		},
		"connecting_to":	{
			"host":	"10.120.139.104",
			"port":	5201
		},
		"cookie":	"iorrtis34ucf2hfnnmalhhkg57cemyghxztd",
		"sock_bufsize":	0,
		"sndbuf_actual":	163840,
		"rcvbuf_actual":	163840,
		"test_start":	{
			"protocol":	"UDP",
			"num_streams":	1,
			"blksize":	1448,
			"omit":	1,
			"duration":	5,
			"bytes":	0,
			"blocks":	0,
			"reverse":	0,
			"tos":	117
		}
	},
	"intervals":	[{
			"streams":	[{
					"socket":	5,
					"start":	0,
					"end":	1.0004391670227051,
					"seconds":	1.0004391670227051,
					"bytes":	751512,
					"bits_per_second":	6009456.8447294254,
					"packets":	519,
					"omitted":	true
				}],
			"sum":	{
				"start":	0,
				"end":	1.0004391670227051,
				"seconds":	1.0004391670227051,
				"bytes":	751512,
				"bits_per_second":	6009456.8447294254,
				"packets":	519,
				"omitted":	true
			}
		}, {
			"streams":	[{
					"socket":	5,
					"start":	0.00042200088500976562,
					"end":	0.99961400032043457,
					"seconds":	1.0000360012054443,
					"bytes":	728344,
					"bits_per_second":	5826542.2374558793,
					"packets":	503,
					"omitted":	false
				}],
			"sum":	{
				"start":	0.00042200088500976562,
				"end":	0.99961400032043457,
				"seconds":	1.0000360012054443,
				"bytes":	728344,
				"bits_per_second":	5826542.2374558793,
				"packets":	503,
				"omitted":	false
			}
		}, {
			"streams":	[{
					"socket":	5,
					"start":	0.99961400032043457,
					"end":	1.9996039867401123,
					"seconds":	0.99998998641967773,
					"bytes":	763096,
					"bits_per_second":	6104829.1311968593,
					"packets":	527,
					"omitted":	false
				}],
			"sum":	{
				"start":	0.99961400032043457,
				"end":	1.9996039867401123,
				"seconds":	0.99998998641967773,
				"bytes":	763096,
				"bits_per_second":	6104829.1311968593,
				"packets":	527,
				"omitted":	false
			}
		}, {
			"streams":	[{
					"socket":	5,
					"start":	1.9996039867401123,
					"end":	2.9998810291290283,
					"seconds":	1.000277042388916,
					"bytes":	579200,
					"bits_per_second":	4632316.6519285347,
					"packets":	400,
					"omitted":	false
				}],
			"sum":	{
				"start":	1.9996039867401123,
				"end":	2.9998810291290283,
				"seconds":	1.000277042388916,
				"bytes":	579200,
				"bits_per_second":	4632316.6519285347,
				"packets":	400,
				"omitted":	false
			}
		}, {
			"streams":	[{
					"socket":	5,
					"start":	2.9998810291290283,
					"end":	3.9995579719543457,
					"seconds":	0.99967694282531738,
					"bytes":	747168,
					"bits_per_second":	5979275.6478974586,
					"packets":	516,
					"omitted":	false
				}],
			"sum":	{
				"start":	2.9998810291290283,
				"end":	3.9995579719543457,
				"seconds":	0.99967694282531738,
				"bytes":	747168,
				"bits_per_second":	5979275.6478974586,
				"packets":	516,
				"omitted":	false
			}
		}, {
			"streams":	[{
					"socket":	5,
					"start":	3.9995579719543457,
					"end":	4.9997129440307617,
					"seconds":	1.000154972076416,
					"bytes":	868800,
					"bits_per_second":	6949323.0489774141,
					"packets":	600,
					"omitted":	false
				}],
			"sum":	{
				"start":	3.9995579719543457,
				"end":	4.9997129440307617,
				"seconds":	1.000154972076416,
				"bytes":	868800,
				"bits_per_second":	6949323.0489774141,
				"packets":	600,
				"omitted":	false
			}
		}],
	"end":	{
		"streams":	[{
				"udp":	{
					"socket":	5,
					"start":	0,
					"end":	4.9997129440307617,
					"seconds":	4.9997129440307617,
					"bytes":	3686608,
					"bits_per_second":	5898911.4635495236,
					"jitter_ms":	0.515891347440908,
					"lost_packets":	2,
					"packets":	2546,
					"lost_percent":	0.078554595443833461,
					"out_of_order":	0
				}
			}],
		"sum":	{
			"start":	0,
			"end":	5.0882539749145508,
			"seconds":	5.0882539749145508,
			"bytes":	3686608,
			"bits_per_second":	5898911.4635495236,
			"jitter_ms":	0.515891347440908,
			"lost_packets":	2,
			"packets":	2546,
			"lost_percent":	0.078554595443833461
		},
		"cpu_utilization_percent":	{
			"host_total":	18.146242627214814,
			"host_user":	3.2206995649317989,
			"host_system":	14.976252976932866,
			"remote_total":	6.613907139745784,
			"remote_user":	1.8490796998256847,
			"remote_system":	4.7547763709803323
		}
	}
}
