{
	"start":	{
		"connected":	[{
				"socket":	5,
				"local_host":	"10.120.139.106",
				"local_port":	34820,
				"remote_host":	"10.120.139.104",
				"remote_port":	5201
			}],
		"version":	"iperf 3.5",
		"system_info":	"Linux KN6GFJ-CHTEST-A 4.9.152 #0 Wed Jan 30 12:21:02 2019 mips",
		"timestamp":	{
			"time":	"Wed, 30 Jan 2019 16:53:12 GMT",
			"timesecs":	1548867192
		},
		"connecting_to":	{
			"host":	"10.120.139.104",
			"port":	5201
		},
		"cookie":	"4w7dangjzesg565e6atslcehyb4zx46aknky",
		"sock_bufsize":	0,
		"sndbuf_actual":	163840,
		"rcvbuf_actual":	163840,
		"test_start":	{
			"protocol":	"UDP",
			"num_streams":	1,
			"blksize":	1448,
			"omit":	1,
			"duration":	5,
			"bytes":	0,
			"blocks":	0,
			"reverse":	0,
			"tos":	117
		}
	},
	"intervals":	[{
			"streams":	[{
					"socket":	5,
					"start":	0,
					"end":	1.0001630783081055,
					"seconds":	1.0001630783081055,
					"bytes":	1013600,
					"bits_per_second":	8107477.8462298345,
					"packets":	700,
					"omitted":	true
				}],
			"sum":	{
				"start":	0,
				"end":	1.0001630783081055,
				"seconds":	1.0001630783081055,
				"bytes":	1013600,
				"bits_per_second":	8107477.8462298345,
				"packets":	700,
				"omitted":	true
			}
		}, {
			"streams":	[{
					"socket":	5,
					"start":	0.00040793418884277344,
					"end":	0.99964618682861328,
					"seconds":	1.0000541210174561,
					"bytes":	1236592,
					"bits_per_second":	9892200.6240373477,
					"packets":	854,
					"omitted":	false
				}],
			"sum":	{
				"start":	0.00040793418884277344,
				"end":	0.99964618682861328,
				"seconds":	1.0000541210174561,
				"bytes":	1236592,
				"bits_per_second":	9892200.6240373477,
				"packets":	854,
				"omitted":	false
			}
		}, {
			"streams":	[{
					"socket":	5,
					"start":	0.99964618682861328,
					"end":	1.999622106552124,
					"seconds":	0.99997591972351074,
					"bytes":	971608,
					"bits_per_second":	7773051.1772215124,
					"packets":	671,
					"omitted":	false
				}],
			"sum":	{
				"start":	0.99964618682861328,
				"end":	1.999622106552124,
				"seconds":	0.99997591972351074,
				"bytes":	971608,
				"bits_per_second":	7773051.1772215124,
				"packets":	671,
				"omitted":	false
			}
		}, {
			"streams":	[{
					"socket":	5,
					"start":	1.999622106552124,
					"end":	3.0000350475311279,
					"seconds":	1.0004129409790039,
					"bytes":	1278584,
					"bits_per_second":	10224449.905646186,
					"packets":	883,
					"omitted":	false
				}],
			"sum":	{
				"start":	1.999622106552124,
				"end":	3.0000350475311279,
				"seconds":	1.0004129409790039,
				"bytes":	1278584,
				"bits_per_second":	10224449.905646186,
				"packets":	883,
				"omitted":	false
			}
		}, {
			"streams":	[{
					"socket":	5,
					"start":	3.0000350475311279,
					"end":	4.0029551982879639,
					"seconds":	1.0029201507568359,
					"bytes":	1106272,
					"bits_per_second":	8824407.40005211,
					"packets":	764,
					"omitted":	false
				}],
			"sum":	{
				"start":	3.0000350475311279,
				"end":	4.0029551982879639,
				"seconds":	1.0029201507568359,
				"bytes":	1106272,
				"bits_per_second":	8824407.40005211,
				"packets":	764,
				"omitted":	false
			}
		}, {
			"streams":	[{
					"socket":	5,
					"start":	4.0029551982879639,
					"end":	4.9998719692230225,
					"seconds":	0.99691677093505859,
					"bytes":	1143920,
					"bits_per_second":	9179663.00377962,
					"packets":	790,
					"omitted":	false
				}],
			"sum":	{
				"start":	4.0029551982879639,
				"end":	4.9998719692230225,
				"seconds":	0.99691677093505859,
				"bytes":	1143920,
				"bits_per_second":	9179663.00377962,
				"packets":	790,
				"omitted":	false
			}
		}],
	"end":	{
		"streams":	[{
				"udp":	{
					"socket":	5,
					"start":	0,
					"end":	4.9998719692230225,
					"seconds":	4.9998719692230225,
					"bytes":	5736976,
					"bits_per_second":	9179396.6490570325,
					"jitter_ms":	0.67854930413449854,
					"lost_packets":	2,
					"packets":	3962,
					"lost_percent":	0.05047955577990914,
					"out_of_order":	0
				}
			}],
		"sum":	{
			"start":	0,
			"end":	5.0618820190429688,
			"seconds":	5.0618820190429688,
			"bytes":	5736976,
			"bits_per_second":	9179396.6490570325,
			"jitter_ms":	0.67854930413449854,
			"lost_packets":	2,
			"packets":	3962,
			"lost_percent":	0.05047955577990914
		},
		"cpu_utilization_percent":	{
			"host_total":	21.653778438959105,
			"host_user":	5.3483727413862434,
			"host_system":	16.369262026666988,
			"remote_total":	8.36720501778463,
			"remote_user":	2.9487470896480548,
			"remote_system":	5.5289007930901022
		}
	}
}
