{
	"start":	{
		"connected":	[{
				"socket":	5,
				"local_host":	"10.120.139.106",
				"local_port":	33809,
				"remote_host":	"10.120.139.104",
				"remote_port":	5201
			}],
		"version":	"iperf 3.5",
		"system_info":	"Linux KN6GFJ-CHTEST-A 4.9.152 #0 Wed Jan 30 12:21:02 2019 mips",
		"timestamp":	{
			"time":	"Wed, 30 Jan 2019 16:59:26 GMT",
			"timesecs":	1548867566
		},
		"connecting_to":	{
			"host":	"10.120.139.104",
			"port":	5201
		},
		"cookie":	"a26ay226maz2ldads7vz3hfbut3gycykpqut",
		"sock_bufsize":	0,
		"sndbuf_actual":	163840,
		"rcvbuf_actual":	163840,
		"test_start":	{
			"protocol":	"UDP",
			"num_streams":	1,
			"blksize":	1448,
			"omit":	1,
			"duration":	5,
			"bytes":	0,
			"blocks":	0,
			"reverse":	0,
			"tos":	118
		}
	},
	"intervals":	[{
			"streams":	[{
					"socket":	5,
					"start":	0,
					"end":	1.0001609325408936,
					"seconds":	1.0001609325408936,
					"bytes":	1550808,
					"bits_per_second":	12404467.717491793,
					"packets":	1071,
					"omitted":	true
				}],
			"sum":	{
				"start":	0,
				"end":	1.0001609325408936,
				"seconds":	1.0001609325408936,
				"bytes":	1550808,
				"bits_per_second":	12404467.717491793,
				"packets":	1071,
				"omitted":	true
			}
		}, {
			"streams":	[{
					"socket":	5,
					"start":	0.00042414665222167969,
					"end":	1.0012679100036621,
					"seconds":	1.0016920566558838,
					"bytes":	1379944,
					"bits_per_second":	11020904.006022753,
					"packets":	953,
					"omitted":	false
				}],
			"sum":	{
				"start":	0.00042414665222167969,
				"end":	1.0012679100036621,
				"seconds":	1.0016920566558838,
				"bytes":	1379944,
				"bits_per_second":	11020904.006022753,
				"packets":	953,
				"omitted":	false
			}
		}, {
			"streams":	[{
					"socket":	5,
					"start":	1.0012679100036621,
					"end":	2.0003929138183594,
					"seconds":	0.99912500381469727,
					"bytes":	1587008,
					"bits_per_second":	12707182.736420313,
					"packets":	1096,
					"omitted":	false
				}],
			"sum":	{
				"start":	1.0012679100036621,
				"end":	2.0003929138183594,
				"seconds":	0.99912500381469727,
				"bytes":	1587008,
				"bits_per_second":	12707182.736420313,
				"packets":	1096,
				"omitted":	false
			}
		}, {
			"streams":	[{
					"socket":	5,
					"start":	2.0003929138183594,
					"end":	3.0000858306884766,
					"seconds":	0.99969291687011719,
					"bytes":	1539224,
					"bits_per_second":	12317574.519335963,
					"packets":	1063,
					"omitted":	false
				}],
			"sum":	{
				"start":	2.0003929138183594,
				"end":	3.0000858306884766,
				"seconds":	0.99969291687011719,
				"bytes":	1539224,
				"bits_per_second":	12317574.519335963,
				"packets":	1063,
				"omitted":	false
			}
		}, {
			"streams":	[{
					"socket":	5,
					"start":	3.0000858306884766,
					"end":	4.0000739097595215,
					"seconds":	0.99998807907104492,
					"bytes":	1588456,
					"bits_per_second":	12707799.488774881,
					"packets":	1097,
					"omitted":	false
				}],
			"sum":	{
				"start":	3.0000858306884766,
				"end":	4.0000739097595215,
				"seconds":	0.99998807907104492,
				"bytes":	1588456,
				"bits_per_second":	12707799.488774881,
				"packets":	1097,
				"omitted":	false
			}
		}, {
			"streams":	[{
					"socket":	5,
					"start":	4.0000739097595215,
					"end":	5.00214695930481,
					"seconds":	1.0020730495452881,
					"bytes":	1390080,
					"bits_per_second":	11097634.054768987,
					"packets":	960,
					"omitted":	false
				}],
			"sum":	{
				"start":	4.0000739097595215,
				"end":	5.00214695930481,
				"seconds":	1.0020730495452881,
				"bytes":	1390080,
				"bits_per_second":	11097634.054768987,
				"packets":	960,
				"omitted":	false
			}
		}],
	"end":	{
		"streams":	[{
				"udp":	{
					"socket":	5,
					"start":	0,
					"end":	5.00214695930481,
					"seconds":	5.00214695930481,
					"bytes":	7484712,
					"bits_per_second":	11970399.208007617,
					"jitter_ms":	1.5408364168319519,
					"lost_packets":	0,
					"packets":	5169,
					"lost_percent":	0,
					"out_of_order":	0
				}
			}],
		"sum":	{
			"start":	0,
			"end":	5.0793778896331787,
			"seconds":	5.0793778896331787,
			"bytes":	7484712,
			"bits_per_second":	11970399.208007617,
			"jitter_ms":	1.5408364168319519,
			"lost_packets":	0,
			"packets":	5169,
			"lost_percent":	0
		},
		"cpu_utilization_percent":	{
			"host_total":	27.5617390483826,
			"host_user":	6.0613199163013629,
			"host_system":	21.460348892850771,
			"remote_total":	13.456168749190372,
			"remote_user":	4.802868327855319,
			"remote_system":	8.645162990139573
		}
	}
}
