{
	"start":	{
		"connected":	[{
				"socket":	5,
				"local_host":	"10.120.139.106",
				"local_port":	52446,
				"remote_host":	"10.120.139.104",
				"remote_port":	5201
			}],
		"version":	"iperf 3.5",
		"system_info":	"Linux KN6GFJ-CHTEST-A 4.9.152 #0 Wed Jan 30 12:21:02 2019 mips",
		"timestamp":	{
			"time":	"Wed, 30 Jan 2019 16:54:12 GMT",
			"timesecs":	1548867252
		},
		"connecting_to":	{
			"host":	"10.120.139.104",
			"port":	5201
		},
		"cookie":	"s2okgxeeuldh5x4a6ojynyfojjzv26ccrwyj",
		"sock_bufsize":	0,
		"sndbuf_actual":	163840,
		"rcvbuf_actual":	163840,
		"test_start":	{
			"protocol":	"UDP",
			"num_streams":	1,
			"blksize":	1448,
			"omit":	1,
			"duration":	5,
			"bytes":	0,
			"blocks":	0,
			"reverse":	0,
			"tos":	118
		}
	},
	"intervals":	[{
			"streams":	[{
					"socket":	5,
					"start":	0,
					"end":	1.0004410743713379,
					"seconds":	1.0004410743713379,
					"bytes":	1236592,
					"bits_per_second":	9888374.4914376363,
					"packets":	854,
					"omitted":	true
				}],
			"sum":	{
				"start":	0,
				"end":	1.0004410743713379,
				"seconds":	1.0004410743713379,
				"bytes":	1236592,
				"bits_per_second":	9888374.4914376363,
				"packets":	854,
				"omitted":	true
			}
		}, {
			"streams":	[{
					"socket":	5,
					"start":	0.00041413307189941406,
					"end":	0.99996280670166016,
					"seconds":	1.0003769397735596,
					"bytes":	1355328,
					"bits_per_second":	10838538.523743143,
					"packets":	936,
					"omitted":	false
				}],
			"sum":	{
				"start":	0.00041413307189941406,
				"end":	0.99996280670166016,
				"seconds":	1.0003769397735596,
				"bytes":	1355328,
				"bits_per_second":	10838538.523743143,
				"packets":	936,
				"omitted":	false
			}
		}, {
			"streams":	[{
					"socket":	5,
					"start":	0.99996280670166016,
					"end":	1.99969482421875,
					"seconds":	0.99973201751708984,
					"bytes":	957128,
					"bits_per_second":	7659076.4983368227,
					"packets":	661,
					"omitted":	false
				}],
			"sum":	{
				"start":	0.99996280670166016,
				"end":	1.99969482421875,
				"seconds":	0.99973201751708984,
				"bytes":	957128,
				"bits_per_second":	7659076.4983368227,
				"packets":	661,
				"omitted":	false
			}
		}, {
			"streams":	[{
					"socket":	5,
					"start":	1.99969482421875,
					"end":	2.999647855758667,
					"seconds":	0.999953031539917,
					"bytes":	1113512,
					"bits_per_second":	8908514.4192038979,
					"packets":	769,
					"omitted":	false
				}],
			"sum":	{
				"start":	1.99969482421875,
				"end":	2.999647855758667,
				"seconds":	0.999953031539917,
				"bytes":	1113512,
				"bits_per_second":	8908514.4192038979,
				"packets":	769,
				"omitted":	false
			}
		}, {
			"streams":	[{
					"socket":	5,
					"start":	2.999647855758667,
					"end":	3.9995999336242676,
					"seconds":	0.99995207786560059,
					"bytes":	1104824,
					"bits_per_second":	8839015.5844927989,
					"packets":	763,
					"omitted":	false
				}],
			"sum":	{
				"start":	2.999647855758667,
				"end":	3.9995999336242676,
				"seconds":	0.99995207786560059,
				"bytes":	1104824,
				"bits_per_second":	8839015.5844927989,
				"packets":	763,
				"omitted":	false
			}
		}, {
			"streams":	[{
					"socket":	5,
					"start":	3.9995999336242676,
					"end":	4.9997348785400391,
					"seconds":	1.0001349449157715,
					"bytes":	1253968,
					"bits_per_second":	10030390.449805595,
					"packets":	866,
					"omitted":	false
				}],
			"sum":	{
				"start":	3.9995999336242676,
				"end":	4.9997348785400391,
				"seconds":	1.0001349449157715,
				"bytes":	1253968,
				"bits_per_second":	10030390.449805595,
				"packets":	866,
				"omitted":	false
			}
		}],
	"end":	{
		"streams":	[{
				"udp":	{
					"socket":	5,
					"start":	0,
					"end":	4.9997348785400391,
					"seconds":	4.9997348785400391,
					"bytes":	5784760,
					"bits_per_second":	9256106.7985095959,
					"jitter_ms":	1.3379637834549023,
					"lost_packets":	0,
					"packets":	3995,
					"lost_percent":	0,
					"out_of_order":	0
				}
			}],
		"sum":	{
			"start":	0,
			"end":	5.0656859874725342,
			"seconds":	5.0656859874725342,
			"bytes":	5784760,
			"bits_per_second":	9256106.7985095959,
			"jitter_ms":	1.3379637834549023,
			"lost_packets":	0,
			"packets":	3995,
			"lost_percent":	0
		},
		"cpu_utilization_percent":	{
			"host_total":	19.758049245606855,
			"host_user":	3.1149220998968632,
			"host_system":	16.558270109978064,
			"remote_total":	8.3364988606854169,
			"remote_user":	2.6150008560687015,
			"remote_system":	5.7805282081518659
		}
	}
}
