{
	"start":	{
		"connected":	[{
				"socket":	5,
				"local_host":	"10.120.139.106",
				"local_port":	60463,
				"remote_host":	"10.120.139.104",
				"remote_port":	5201
			}],
		"version":	"iperf 3.5",
		"system_info":	"Linux KN6GFJ-CHTEST-A 4.9.152 #0 Wed Jan 30 12:21:02 2019 mips",
		"timestamp":	{
			"time":	"Wed, 30 Jan 2019 16:53:49 GMT",
			"timesecs":	1548867229
		},
		"connecting_to":	{
			"host":	"10.120.139.104",
			"port":	5201
		},
		"cookie":	"mrnsjovryekzpr6pai5sevix6syazgzcl6yf",
		"sock_bufsize":	0,
		"sndbuf_actual":	163840,
		"rcvbuf_actual":	163840,
		"test_start":	{
			"protocol":	"UDP",
			"num_streams":	1,
			"blksize":	1448,
			"omit":	1,
			"duration":	5,
			"bytes":	0,
			"blocks":	0,
			"reverse":	0,
			"tos":	118
		}
	},
	"intervals":	[{
			"streams":	[{
					"socket":	5,
					"start":	0,
					"end":	1.0003108978271484,
					"seconds":	1.0003108978271484,
					"bytes":	1423384,
					"bits_per_second":	11383532.88436098,
					"packets":	983,
					"omitted":	true
				}],
			"sum":	{
				"start":	0,
				"end":	1.0003108978271484,
				"seconds":	1.0003108978271484,
				"bytes":	1423384,
				"bits_per_second":	11383532.88436098,
				"packets":	983,
				"omitted":	true
			}
		}, {
			"streams":	[{
					"socket":	5,
					"start":	0.00041794776916503906,
					"end":	0.99962115287780762,
					"seconds":	1.0000391006469727,
					"bytes":	1391528,
					"bits_per_second":	11131788.739858309,
					"packets":	961,
					"omitted":	false
				}],
			"sum":	{
				"start":	0.00041794776916503906,
				"end":	0.99962115287780762,
				"seconds":	1.0000391006469727,
				"bytes":	1391528,
				"bits_per_second":	11131788.739858309,
				"packets":	961,
				"omitted":	false
			}
		}, {
			"streams":	[{
					"socket":	5,
					"start":	0.99962115287780762,
					"end":	1.9997520446777344,
					"seconds":	1.0001308917999268,
					"bytes":	886176,
					"bits_per_second":	7088480.1760710087,
					"packets":	612,
					"omitted":	false
				}],
			"sum":	{
				"start":	0.99962115287780762,
				"end":	1.9997520446777344,
				"seconds":	1.0001308917999268,
				"bytes":	886176,
				"bits_per_second":	7088480.1760710087,
				"packets":	612,
				"omitted":	false
			}
		}, {
			"streams":	[{
					"socket":	5,
					"start":	1.9997520446777344,
					"end":	2.9999501705169678,
					"seconds":	1.0001981258392334,
					"bytes":	789160,
					"bits_per_second":	6312029.4238731293,
					"packets":	545,
					"omitted":	false
				}],
			"sum":	{
				"start":	1.9997520446777344,
				"end":	2.9999501705169678,
				"seconds":	1.0001981258392334,
				"bytes":	789160,
				"bits_per_second":	6312029.4238731293,
				"packets":	545,
				"omitted":	false
			}
		}, {
			"streams":	[{
					"socket":	5,
					"start":	2.9999501705169678,
					"end":	3.9996490478515625,
					"seconds":	0.99969887733459473,
					"bytes":	929616,
					"bits_per_second":	7439168.1021273108,
					"packets":	642,
					"omitted":	false
				}],
			"sum":	{
				"start":	2.9999501705169678,
				"end":	3.9996490478515625,
				"seconds":	0.99969887733459473,
				"bytes":	929616,
				"bits_per_second":	7439168.1021273108,
				"packets":	642,
				"omitted":	false
			}
		}, {
			"streams":	[{
					"socket":	5,
					"start":	3.9996490478515625,
					"end":	4.99963116645813,
					"seconds":	0.99998211860656738,
					"bytes":	1103376,
					"bits_per_second":	8827165.8420253154,
					"packets":	762,
					"omitted":	false
				}],
			"sum":	{
				"start":	3.9996490478515625,
				"end":	4.99963116645813,
				"seconds":	0.99998211860656738,
				"bytes":	1103376,
				"bits_per_second":	8827165.8420253154,
				"packets":	762,
				"omitted":	false
			}
		}],
	"end":	{
		"streams":	[{
				"udp":	{
					"socket":	5,
					"start":	0,
					"end":	4.99963116645813,
					"seconds":	4.99963116645813,
					"bytes":	5099856,
					"bits_per_second":	8160371.5637493664,
					"jitter_ms":	0.95714053781470765,
					"lost_packets":	1,
					"packets":	3522,
					"lost_percent":	0.028392958546280524,
					"out_of_order":	0
				}
			}],
		"sum":	{
			"start":	0,
			"end":	5.0613639354705811,
			"seconds":	5.0613639354705811,
			"bytes":	5099856,
			"bits_per_second":	8160371.5637493664,
			"jitter_ms":	0.95714053781470765,
			"lost_packets":	1,
			"packets":	3522,
			"lost_percent":	0.028392958546280524
		},
		"cpu_utilization_percent":	{
			"host_total":	19.524670562539111,
			"host_user":	2.9502596064550368,
			"host_system":	16.554234458442153,
			"remote_total":	8.1993027540552674,
			"remote_user":	2.2071729811126688,
			"remote_system":	5.9317773867402979
		}
	}
}
