{
	"start":	{
		"connected":	[{
				"socket":	5,
				"local_host":	"10.120.139.106",
				"local_port":	45231,
				"remote_host":	"10.120.139.104",
				"remote_port":	5201
			}],
		"version":	"iperf 3.5",
		"system_info":	"Linux KN6GFJ-CHTEST-A 4.9.152 #0 Wed Jan 30 12:21:02 2019 mips",
		"timestamp":	{
			"time":	"Wed, 30 Jan 2019 16:55:27 GMT",
			"timesecs":	1548867327
		},
		"connecting_to":	{
			"host":	"10.120.139.104",
			"port":	5201
		},
		"cookie":	"zeu66uhsar2mjtttl5ndano3d45h4ztbg4sl",
		"sock_bufsize":	0,
		"sndbuf_actual":	163840,
		"rcvbuf_actual":	163840,
		"test_start":	{
			"protocol":	"UDP",
			"num_streams":	1,
			"blksize":	1448,
			"omit":	1,
			"duration":	5,
			"bytes":	0,
			"blocks":	0,
			"reverse":	0,
			"tos":	118
		}
	},
	"intervals":	[{
			"streams":	[{
					"socket":	5,
					"start":	0,
					"end":	1.0001649856567383,
					"seconds":	1.0001649856567383,
					"bytes":	1763664,
					"bits_per_second":	14106984.54988944,
					"packets":	1218,
					"omitted":	true
				}],
			"sum":	{
				"start":	0,
				"end":	1.0001649856567383,
				"seconds":	1.0001649856567383,
				"bytes":	1763664,
				"bits_per_second":	14106984.54988944,
				"packets":	1218,
				"omitted":	true
			}
		}, {
			"streams":	[{
					"socket":	5,
					"start":	0.00040006637573242188,
					"end":	1.0000100135803223,
					"seconds":	1.0004100799560547,
					"bytes":	1308992,
					"bits_per_second":	10467643.42924254,
					"packets":	904,
					"omitted":	false
				}],
			"sum":	{
				"start":	0.00040006637573242188,
				"end":	1.0000100135803223,
				"seconds":	1.0004100799560547,
				"bytes":	1308992,
				"bits_per_second":	10467643.42924254,
				"packets":	904,
				"omitted":	false
			}
		}, {
			"streams":	[{
					"socket":	5,
					"start":	1.0000100135803223,
					"end":	1.9996650218963623,
					"seconds":	0.99965500831604,
					"bytes":	1094688,
					"bits_per_second":	8760526.3087236229,
					"packets":	756,
					"omitted":	false
				}],
			"sum":	{
				"start":	1.0000100135803223,
				"end":	1.9996650218963623,
				"seconds":	0.99965500831604,
				"bytes":	1094688,
				"bits_per_second":	8760526.3087236229,
				"packets":	756,
				"omitted":	false
			}
		}, {
			"streams":	[{
					"socket":	5,
					"start":	1.9996650218963623,
					"end":	2.9996531009674072,
					"seconds":	0.99998807907104492,
					"bytes":	1087448,
					"bits_per_second":	8699687.7083591018,
					"packets":	751,
					"omitted":	false
				}],
			"sum":	{
				"start":	1.9996650218963623,
				"end":	2.9996531009674072,
				"seconds":	0.99998807907104492,
				"bytes":	1087448,
				"bits_per_second":	8699687.7083591018,
				"packets":	751,
				"omitted":	false
			}
		}, {
			"streams":	[{
					"socket":	5,
					"start":	2.9996531009674072,
					"end":	4.0001320838928223,
					"seconds":	1.000478982925415,
					"bytes":	845632,
					"bits_per_second":	6761817.20501402,
					"packets":	584,
					"omitted":	false
				}],
			"sum":	{
				"start":	2.9996531009674072,
				"end":	4.0001320838928223,
				"seconds":	1.000478982925415,
				"bytes":	845632,
				"bits_per_second":	6761817.20501402,
				"packets":	584,
				"omitted":	false
			}
		}, {
			"streams":	[{
					"socket":	5,
					"start":	4.0001320838928223,
					"end":	4.9996449947357178,
					"seconds":	0.99951291084289551,
					"bytes":	1055592,
					"bits_per_second":	8448851.3438795917,
					"packets":	729,
					"omitted":	false
				}],
			"sum":	{
				"start":	4.0001320838928223,
				"end":	4.9996449947357178,
				"seconds":	0.99951291084289551,
				"bytes":	1055592,
				"bits_per_second":	8448851.3438795917,
				"packets":	729,
				"omitted":	false
			}
		}],
	"end":	{
		"streams":	[{
				"udp":	{
					"socket":	5,
					"start":	0,
					"end":	4.9996449947357178,
					"seconds":	4.9996449947357178,
					"bytes":	5392352,
					"bits_per_second":	8628375.8237679284,
					"jitter_ms":	1.5144165240393272,
					"lost_packets":	1,
					"packets":	3724,
					"lost_percent":	0.026852846401718582,
					"out_of_order":	0
				}
			}],
		"sum":	{
			"start":	0,
			"end":	5.0624878406524658,
			"seconds":	5.0624878406524658,
			"bytes":	5392352,
			"bits_per_second":	8628375.8237679284,
			"jitter_ms":	1.5144165240393272,
			"lost_packets":	1,
			"packets":	3724,
			"lost_percent":	0.026852846401718582
		},
		"cpu_utilization_percent":	{
			"host_total":	20.344974435167348,
			"host_user":	6.3928473545414128,
			"host_system":	13.933128849641541,
			"remote_total":	9.0844332606611,
			"remote_user":	3.7215974915881556,
			"remote_system":	5.3756408211828921
		}
	}
}
