{
	"start":	{
		"connected":	[{
				"socket":	5,
				"local_host":	"10.120.139.106",
				"local_port":	50493,
				"remote_host":	"10.120.139.104",
				"remote_port":	5201
			}],
		"version":	"iperf 3.5",
		"system_info":	"Linux KN6GFJ-CHTEST-A 4.9.152 #0 Wed Jan 30 12:21:02 2019 mips",
		"timestamp":	{
			"time":	"Wed, 30 Jan 2019 16:49:50 GMT",
			"timesecs":	1548866990
		},
		"connecting_to":	{
			"host":	"10.120.139.104",
			"port":	5201
		},
		"cookie":	"u6xvp43d7s6tkgy7lkaorcx7d6yb76kidsai",
		"sock_bufsize":	0,
		"sndbuf_actual":	163840,
		"rcvbuf_actual":	163840,
		"test_start":	{
			"protocol":	"UDP",
			"num_streams":	1,
			"blksize":	1448,
			"omit":	1,
			"duration":	5,
			"bytes":	0,
			"blocks":	0,
			"reverse":	0,
			"tos":	118
		}
	},
	"intervals":	[{
			"streams":	[{
					"socket":	5,
					"start":	0,
					"end":	1.0001728534698486,
					"seconds":	1.0001728534698486,
					"bytes":	655944,
					"bits_per_second":	5246645.09918954,
					"packets":	453,
					"omitted":	true
				}],
			"sum":	{
				"start":	0,
				"end":	1.0001728534698486,
				"seconds":	1.0001728534698486,
				"bytes":	655944,
				"bits_per_second":	5246645.09918954,
				"packets":	453,
				"omitted":	true
			}
		}, {
			"streams":	[{
					"socket":	5,
					"start":	0.00038504600524902344,
					"end":	0.99963498115539551,
					"seconds":	1.0000200271606445,
					"bytes":	634224,
					"bits_per_second":	5073690.388387531,
					"packets":	438,
					"omitted":	false
				}],
			"sum":	{
				"start":	0.00038504600524902344,
				"end":	0.99963498115539551,
				"seconds":	1.0000200271606445,
				"bytes":	634224,
				"bits_per_second":	5073690.388387531,
				"packets":	438,
				"omitted":	false
			}
		}, {
			"streams":	[{
					"socket":	5,
					"start":	0.99963498115539551,
					"end":	1.9996421337127686,
					"seconds":	1.000007152557373,
					"bytes":	666080,
					"bits_per_second":	5328601.8868692862,
					"packets":	460,
					"omitted":	false
				}],
			"sum":	{
				"start":	0.99963498115539551,
				"end":	1.9996421337127686,
				"seconds":	1.000007152557373,
				"bytes":	666080,
				"bits_per_second":	5328601.8868692862,
				"packets":	460,
				"omitted":	false
			}
		}, {
			"streams":	[{
					"socket":	5,
					"start":	1.9996421337127686,
					"end":	2.9996650218963623,
					"seconds":	1.0000228881835938,
					"bytes":	887624,
					"bits_per_second":	7100829.4749113107,
					"packets":	613,
					"omitted":	false
				}],
			"sum":	{
				"start":	1.9996421337127686,
				"end":	2.9996650218963623,
				"seconds":	1.0000228881835938,
				"bytes":	887624,
				"bits_per_second":	7100829.4749113107,
				"packets":	613,
				"omitted":	false
			}
		}, {
			"streams":	[{
					"socket":	5,
					"start":	2.9996650218963623,
					"end":	3.999640941619873,
					"seconds":	0.99997591972351074,
					"bytes":	776128,
					"bits_per_second":	6209173.5186150977,
					"packets":	536,
					"omitted":	false
				}],
			"sum":	{
				"start":	2.9996650218963623,
				"end":	3.999640941619873,
				"seconds":	0.99997591972351074,
				"bytes":	776128,
				"bits_per_second":	6209173.5186150977,
				"packets":	536,
				"omitted":	false
			}
		}, {
			"streams":	[{
					"socket":	5,
					"start":	3.999640941619873,
					"end":	5.0000791549682617,
					"seconds":	1.0004382133483887,
					"bytes":	734136,
					"bits_per_second":	5870515.4617627338,
					"packets":	507,
					"omitted":	false
				}],
			"sum":	{
				"start":	3.999640941619873,
				"end":	5.0000791549682617,
				"seconds":	1.0004382133483887,
				"bytes":	734136,
				"bits_per_second":	5870515.4617627338,
				"packets":	507,
				"omitted":	false
			}
		}],
	"end":	{
		"streams":	[{
				"udp":	{
					"socket":	5,
					"start":	0,
					"end":	5.0000791549682617,
					"seconds":	5.0000791549682617,
					"bytes":	3698192,
					"bits_per_second":	5917013.5277964007,
					"jitter_ms":	2.3286936230454853,
					"lost_packets":	2,
					"packets":	2554,
					"lost_percent":	0.078308535630383716,
					"out_of_order":	0
				}
			}],
		"sum":	{
			"start":	0,
			"end":	5.1201159954071045,
			"seconds":	5.1201159954071045,
			"bytes":	3698192,
			"bits_per_second":	5917013.5277964007,
			"jitter_ms":	2.3286936230454853,
			"lost_packets":	2,
			"packets":	2554,
			"lost_percent":	0.078308535630383716
		},
		"cpu_utilization_percent":	{
			"host_total":	14.434500293560429,
			"host_user":	0.487237226873082,
			"host_system":	13.967467170361683,
			"remote_total":	5.7974640728204481,
			"remote_user":	1.0902407237890117,
			"remote_system":	4.6335230761033
		}
	}
}
