{
	"start":	{
		"connected":	[{
				"socket":	5,
				"local_host":	"10.120.139.106",
				"local_port":	35496,
				"remote_host":	"10.120.139.104",
				"remote_port":	5201
			}],
		"version":	"iperf 3.5",
		"system_info":	"Linux KN6GFJ-CHTEST-A 4.9.152 #0 Wed Jan 30 12:21:02 2019 mips",
		"timestamp":	{
			"time":	"Wed, 30 Jan 2019 16:51:05 GMT",
			"timesecs":	1548867065
		},
		"connecting_to":	{
			"host":	"10.120.139.104",
			"port":	5201
		},
		"cookie":	"wzzb5tibxgmsozgxgec6faywtdct5tj4y26m",
		"sock_bufsize":	0,
		"sndbuf_actual":	163840,
		"rcvbuf_actual":	163840,
		"test_start":	{
			"protocol":	"UDP",
			"num_streams":	1,
			"blksize":	1448,
			"omit":	1,
			"duration":	5,
			"bytes":	0,
			"blocks":	0,
			"reverse":	0,
			"tos":	118
		}
	},
	"intervals":	[{
			"streams":	[{
					"socket":	5,
					"start":	0,
					"end":	1.0005040168762207,
					"seconds":	1.0005040168762207,
					"bytes":	644360,
					"bits_per_second":	5152283.1623351155,
					"packets":	445,
					"omitted":	true
				}],
			"sum":	{
				"start":	0,
				"end":	1.0005040168762207,
				"seconds":	1.0005040168762207,
				"bytes":	644360,
				"bits_per_second":	5152283.1623351155,
				"packets":	445,
				"omitted":	true
			}
		}, {
			"streams":	[{
					"socket":	5,
					"start":	0.00040102005004882812,
					"end":	0.99969887733459473,
					"seconds":	1.0000998973846436,
					"bytes":	637120,
					"bits_per_second":	5096450.8778863344,
					"packets":	440,
					"omitted":	false
				}],
			"sum":	{
				"start":	0.00040102005004882812,
				"end":	0.99969887733459473,
				"seconds":	1.0000998973846436,
				"bytes":	637120,
				"bits_per_second":	5096450.8778863344,
				"packets":	440,
				"omitted":	false
			}
		}, {
			"streams":	[{
					"socket":	5,
					"start":	0.99969887733459473,
					"end":	1.999669075012207,
					"seconds":	0.9999701976776123,
					"bytes":	543000,
					"bits_per_second":	4344129.4651468145,
					"packets":	375,
					"omitted":	false
				}],
			"sum":	{
				"start":	0.99969887733459473,
				"end":	1.999669075012207,
				"seconds":	0.9999701976776123,
				"bytes":	543000,
				"bits_per_second":	4344129.4651468145,
				"packets":	375,
				"omitted":	false
			}
		}, {
			"streams":	[{
					"socket":	5,
					"start":	1.999669075012207,
					"end":	2.9998559951782227,
					"seconds":	1.0001869201660156,
					"bytes":	745720,
					"bits_per_second":	5964645.0875500105,
					"packets":	515,
					"omitted":	false
				}],
			"sum":	{
				"start":	1.999669075012207,
				"end":	2.9998559951782227,
				"seconds":	1.0001869201660156,
				"bytes":	745720,
				"bits_per_second":	5964645.0875500105,
				"packets":	515,
				"omitted":	false
			}
		}, {
			"streams":	[{
					"socket":	5,
					"start":	2.9998559951782227,
					"end":	3.999669075012207,
					"seconds":	0.99981307983398438,
					"bytes":	584992,
					"bits_per_second":	4680810.9379576109,
					"packets":	404,
					"omitted":	false
				}],
			"sum":	{
				"start":	2.9998559951782227,
				"end":	3.999669075012207,
				"seconds":	0.99981307983398438,
				"bytes":	584992,
				"bits_per_second":	4680810.9379576109,
				"packets":	404,
				"omitted":	false
			}
		}, {
			"streams":	[{
					"socket":	5,
					"start":	3.999669075012207,
					"end":	4.9994089603424072,
					"seconds":	0.9997398853302002,
					"bytes":	498112,
					"bits_per_second":	3985932.7995940107,
					"packets":	344,
					"omitted":	false
				}],
			"sum":	{
				"start":	3.999669075012207,
				"end":	4.9994089603424072,
				"seconds":	0.9997398853302002,
				"bytes":	498112,
				"bits_per_second":	3985932.7995940107,
				"packets":	344,
				"omitted":	false
			}
		}],
	"end":	{
		"streams":	[{
				"udp":	{
					"socket":	5,
					"start":	0,
					"end":	4.9994089603424072,
					"seconds":	4.9994089603424072,
					"bytes":	3008944,
					"bits_per_second":	4814879.5569529384,
					"jitter_ms":	2.8685053380050594,
					"lost_packets":	11,
					"packets":	2078,
					"lost_percent":	0.52935514918190563,
					"out_of_order":	0
				}
			}],
		"sum":	{
			"start":	0,
			"end":	5.1024529933929443,
			"seconds":	5.1024529933929443,
			"bytes":	3008944,
			"bits_per_second":	4814879.5569529384,
			"jitter_ms":	2.8685053380050594,
			"lost_packets":	11,
			"packets":	2078,
			"lost_percent":	0.52935514918190563
		},
		"cpu_utilization_percent":	{
			"host_total":	12.742112971020077,
			"host_user":	10.167818199410593,
			"host_system":	2.6239530837188632,
			"remote_total":	5.3865551718745674,
			"remote_user":	1.5062422787966823,
			"remote_system":	3.9710023713730709
		}
	}
}
