{
	"start":	{
		"connected":	[{
				"socket":	5,
				"local_host":	"10.120.139.106",
				"local_port":	52830,
				"remote_host":	"10.120.139.104",
				"remote_port":	5201
			}],
		"version":	"iperf 3.5",
		"system_info":	"Linux KN6GFJ-CHTEST-A 4.9.152 #0 Wed Jan 30 12:21:02 2019 mips",
		"timestamp":	{
			"time":	"Wed, 30 Jan 2019 17:01:48 GMT",
			"timesecs":	1548867708
		},
		"connecting_to":	{
			"host":	"10.120.139.104",
			"port":	5201
		},
		"cookie":	"xbny7crlhj7rpexhr7waohsv4uv4cp2m4voi",
		"sock_bufsize":	0,
		"sndbuf_actual":	163840,
		"rcvbuf_actual":	163840,
		"test_start":	{
			"protocol":	"UDP",
			"num_streams":	1,
			"blksize":	1448,
			"omit":	1,
			"duration":	5,
			"bytes":	0,
			"blocks":	0,
			"reverse":	0,
			"tos":	117
		}
	},
	"intervals":	[{
			"streams":	[{
					"socket":	5,
					"start":	0,
					"end":	1.0004539489746094,
					"seconds":	1.0004539489746094,
					"bytes":	1000568,
					"bits_per_second":	8000911.9942042911,
					"packets":	691,
					"omitted":	true
				}],
			"sum":	{
				"start":	0,
				"end":	1.0004539489746094,
				"seconds":	1.0004539489746094,
				"bytes":	1000568,
				"bits_per_second":	8000911.9942042911,
				"packets":	691,
				"omitted":	true
			}
		}, {
			"streams":	[{
					"socket":	5,
					"start":	0.00041413307189941406,
					"end":	0.99998998641967773,
					"seconds":	1.0004041194915771,
					"bytes":	1000568,
					"bits_per_second":	8001310.5144629441,
					"packets":	691,
					"omitted":	false
				}],
			"sum":	{
				"start":	0.00041413307189941406,
				"end":	0.99998998641967773,
				"seconds":	1.0004041194915771,
				"bytes":	1000568,
				"bits_per_second":	8001310.5144629441,
				"packets":	691,
				"omitted":	false
			}
		}, {
			"streams":	[{
					"socket":	5,
					"start":	0.99998998641967773,
					"end":	1.9997169971466064,
					"seconds":	0.99972701072692871,
					"bytes":	1000568,
					"bits_per_second":	8006729.7513344949,
					"packets":	691,
					"omitted":	false
				}],
			"sum":	{
				"start":	0.99998998641967773,
				"end":	1.9997169971466064,
				"seconds":	0.99972701072692871,
				"bytes":	1000568,
				"bits_per_second":	8006729.7513344949,
				"packets":	691,
				"omitted":	false
			}
		}, {
			"streams":	[{
					"socket":	5,
					"start":	1.9997169971466064,
					"end":	2.9997420310974121,
					"seconds":	1.0000250339508057,
					"bytes":	999120,
					"bits_per_second":	7992759.9096416207,
					"packets":	690,
					"omitted":	false
				}],
			"sum":	{
				"start":	1.9997169971466064,
				"end":	2.9997420310974121,
				"seconds":	1.0000250339508057,
				"bytes":	999120,
				"bits_per_second":	7992759.9096416207,
				"packets":	690,
				"omitted":	false
			}
		}, {
			"streams":	[{
					"socket":	5,
					"start":	2.9997420310974121,
					"end":	3.999640941619873,
					"seconds":	0.99989891052246094,
					"bytes":	1000568,
					"bits_per_second":	8005353.2569782631,
					"packets":	691,
					"omitted":	false
				}],
			"sum":	{
				"start":	2.9997420310974121,
				"end":	3.999640941619873,
				"seconds":	0.99989891052246094,
				"bytes":	1000568,
				"bits_per_second":	8005353.2569782631,
				"packets":	691,
				"omitted":	false
			}
		}, {
			"streams":	[{
					"socket":	5,
					"start":	3.999640941619873,
					"end":	4.9995658397674561,
					"seconds":	0.999924898147583,
					"bytes":	999120,
					"bits_per_second":	7993560.3311882792,
					"packets":	690,
					"omitted":	false
				}],
			"sum":	{
				"start":	3.999640941619873,
				"end":	4.9995658397674561,
				"seconds":	0.999924898147583,
				"bytes":	999120,
				"bits_per_second":	7993560.3311882792,
				"packets":	690,
				"omitted":	false
			}
		}],
	"end":	{
		"streams":	[{
				"udp":	{
					"socket":	5,
					"start":	0,
					"end":	4.9995658397674561,
					"seconds":	4.9995658397674561,
					"bytes":	4999944,
					"bits_per_second":	8000605.1089149155,
					"jitter_ms":	1.5767695945280604,
					"lost_packets":	0,
					"packets":	3453,
					"lost_percent":	0,
					"out_of_order":	0
				}
			}],
		"sum":	{
			"start":	0,
			"end":	5.0496749877929688,
			"seconds":	5.0496749877929688,
			"bytes":	4999944,
			"bits_per_second":	8000605.1089149155,
			"jitter_ms":	1.5767695945280604,
			"lost_packets":	0,
			"packets":	3453,
			"lost_percent":	0
		},
		"cpu_utilization_percent":	{
			"host_total":	30.614436658093652,
			"host_user":	4.9166601520919651,
			"host_system":	25.730521462614618,
			"remote_total":	10.449590536714014,
			"remote_user":	3.0259803798183063,
			"remote_system":	7.4274063868267515
		}
	}
}
