{
	"start":	{
		"connected":	[{
				"socket":	5,
				"local_host":	"10.120.139.106",
				"local_port":	44344,
				"remote_host":	"10.120.139.104",
				"remote_port":	5201
			}],
		"version":	"iperf 3.5",
		"system_info":	"Linux KN6GFJ-CHTEST-A 4.9.152 #0 Wed Jan 30 12:21:02 2019 mips",
		"timestamp":	{
			"time":	"Wed, 30 Jan 2019 16:50:05 GMT",
			"timesecs":	1548867005
		},
		"connecting_to":	{
			"host":	"10.120.139.104",
			"port":	5201
		},
		"cookie":	"ccrf6oe7wruv2toj6uq7zmg37dzvny753tzr",
		"sock_bufsize":	0,
		"sndbuf_actual":	163840,
		"rcvbuf_actual":	163840,
		"test_start":	{
			"protocol":	"UDP",
			"num_streams":	1,
			"blksize":	1448,
			"omit":	1,
			"duration":	5,
			"bytes":	0,
			"blocks":	0,
			"reverse":	0,
			"tos":	118
		}
	},
	"intervals":	[{
			"streams":	[{
					"socket":	5,
					"start":	0,
					"end":	1.000175952911377,
					"seconds":	1.000175952911377,
					"bytes":	635672,
					"bits_per_second":	5084481.3706999831,
					"packets":	439,
					"omitted":	true
				}],
			"sum":	{
				"start":	0,
				"end":	1.000175952911377,
				"seconds":	1.000175952911377,
				"bytes":	635672,
				"bits_per_second":	5084481.3706999831,
				"packets":	439,
				"omitted":	true
			}
		}, {
			"streams":	[{
					"socket":	5,
					"start":	0.00042200088500976562,
					"end":	1.0000710487365723,
					"seconds":	1.000493049621582,
					"bytes":	719656,
					"bits_per_second":	5754410.789937594,
					"packets":	497,
					"omitted":	false
				}],
			"sum":	{
				"start":	0.00042200088500976562,
				"end":	1.0000710487365723,
				"seconds":	1.000493049621582,
				"bytes":	719656,
				"bits_per_second":	5754410.789937594,
				"packets":	497,
				"omitted":	false
			}
		}, {
			"streams":	[{
					"socket":	5,
					"start":	1.0000710487365723,
					"end":	2.0000720024108887,
					"seconds":	1.0000009536743164,
					"bytes":	487976,
					"bits_per_second":	3903804.2770421249,
					"packets":	337,
					"omitted":	false
				}],
			"sum":	{
				"start":	1.0000710487365723,
				"end":	2.0000720024108887,
				"seconds":	1.0000009536743164,
				"bytes":	487976,
				"bits_per_second":	3903804.2770421249,
				"packets":	337,
				"omitted":	false
			}
		}, {
			"streams":	[{
					"socket":	5,
					"start":	2.0000720024108887,
					"end":	3.0000720024108887,
					"seconds":	1,
					"bytes":	553136,
					"bits_per_second":	4425088,
					"packets":	382,
					"omitted":	false
				}],
			"sum":	{
				"start":	2.0000720024108887,
				"end":	3.0000720024108887,
				"seconds":	1,
				"bytes":	553136,
				"bits_per_second":	4425088,
				"packets":	382,
				"omitted":	false
			}
		}, {
			"streams":	[{
					"socket":	5,
					"start":	3.0000720024108887,
					"end":	4.0000731945037842,
					"seconds":	1.0000011920928955,
					"bytes":	496664,
					"bits_per_second":	3973307.26344864,
					"packets":	343,
					"omitted":	false
				}],
			"sum":	{
				"start":	3.0000720024108887,
				"end":	4.0000731945037842,
				"seconds":	1.0000011920928955,
				"bytes":	496664,
				"bits_per_second":	3973307.26344864,
				"packets":	343,
				"omitted":	false
			}
		}, {
			"streams":	[{
					"socket":	5,
					"start":	4.0000731945037842,
					"end":	4.9997680187225342,
					"seconds":	0.99969482421875,
					"bytes":	569064,
					"bits_per_second":	4553901.7405213993,
					"packets":	393,
					"omitted":	false
				}],
			"sum":	{
				"start":	4.0000731945037842,
				"end":	4.9997680187225342,
				"seconds":	0.99969482421875,
				"bytes":	569064,
				"bits_per_second":	4553901.7405213993,
				"packets":	393,
				"omitted":	false
			}
		}],
	"end":	{
		"streams":	[{
				"udp":	{
					"socket":	5,
					"start":	0,
					"end":	4.9997680187225342,
					"seconds":	4.9997680187225342,
					"bytes":	2826496,
					"bits_per_second":	4522603.4318643194,
					"jitter_ms":	1.8215913815180182,
					"lost_packets":	4,
					"packets":	1952,
					"lost_percent":	0.20491803278688525,
					"out_of_order":	0
				}
			}],
		"sum":	{
			"start":	0,
			"end":	5.0845239162445068,
			"seconds":	5.0845239162445068,
			"bytes":	2826496,
			"bits_per_second":	4522603.4318643194,
			"jitter_ms":	1.8215913815180182,
			"lost_packets":	4,
			"packets":	1952,
			"lost_percent":	0.20491803278688525
		},
		"cpu_utilization_percent":	{
			"host_total":	12.195213902450417,
			"host_user":	1.9669567654707298,
			"host_system":	10.162609954932103,
			"remote_total":	5.3870412526134785,
			"remote_user":	2.3271989737326315,
			"remote_system":	3.1485633174029721
		}
	}
}
