{
	"start":	{
		"connected":	[{
				"socket":	5,
				"local_host":	"10.120.139.106",
				"local_port":	35565,
				"remote_host":	"10.120.137.14",
				"remote_port":	5201
			}],
		"version":	"iperf 3.5",
		"system_info":	"Linux KN6GFJ-CHTEST-A 4.9.152 #0 Wed Jan 30 12:21:02 2019 mips",
		"timestamp":	{
			"time":	"Wed, 30 Jan 2019 16:42:13 GMT",
			"timesecs":	1548866533
		},
		"connecting_to":	{
			"host":	"10.120.137.14",
			"port":	5201
		},
		"cookie":	"3jtrovwgwce6qcmw27oqdjtnbp4754rul5vm",
		"sock_bufsize":	0,
		"sndbuf_actual":	163840,
		"rcvbuf_actual":	163840,
		"test_start":	{
			"protocol":	"UDP",
			"num_streams":	1,
			"blksize":	1448,
			"omit":	1,
			"duration":	5,
			"bytes":	0,
			"blocks":	0,
			"reverse":	0,
			"tos":	120
		}
	},
	"intervals":	[{
			"streams":	[{
					"socket":	5,
					"start":	0,
					"end":	1.0001389980316162,
					"seconds":	1.0001389980316162,
					"bytes":	2856904,
					"bits_per_second":	22852055.609251931,
					"packets":	1973,
					"omitted":	true
				}],
			"sum":	{
				"start":	0,
				"end":	1.0001389980316162,
				"seconds":	1.0001389980316162,
				"bytes":	2856904,
				"bits_per_second":	22852055.609251931,
				"packets":	1973,
				"omitted":	true
			}
		}, {
			"streams":	[{
					"socket":	5,
					"start":	0.00040316581726074219,
					"end":	0.9996800422668457,
					"seconds":	1.0000832080841064,
					"bytes":	3169672,
					"bits_per_second":	25355266.23687442,
					"packets":	2189,
					"omitted":	false
				}],
			"sum":	{
				"start":	0.00040316581726074219,
				"end":	0.9996800422668457,
				"seconds":	1.0000832080841064,
				"bytes":	3169672,
				"bits_per_second":	25355266.23687442,
				"packets":	2189,
				"omitted":	false
			}
		}, {
			"streams":	[{
					"socket":	5,
					"start":	0.9996800422668457,
					"end":	1.9997429847717285,
					"seconds":	1.0000629425048828,
					"bytes":	3132024,
					"bits_per_second":	25054614.99977304,
					"packets":	2163,
					"omitted":	false
				}],
			"sum":	{
				"start":	0.9996800422668457,
				"end":	1.9997429847717285,
				"seconds":	1.0000629425048828,
				"bytes":	3132024,
				"bits_per_second":	25054614.99977304,
				"packets":	2163,
				"omitted":	false
			}
		}, {
			"streams":	[{
					"socket":	5,
					"start":	1.9997429847717285,
					"end":	2.9996869564056396,
					"seconds":	0.99994397163391113,
					"bytes":	3149400,
					"bits_per_second":	25196611.724985927,
					"packets":	2175,
					"omitted":	false
				}],
			"sum":	{
				"start":	1.9997429847717285,
				"end":	2.9996869564056396,
				"seconds":	0.99994397163391113,
				"bytes":	3149400,
				"bits_per_second":	25196611.724985927,
				"packets":	2175,
				"omitted":	false
			}
		}, {
			"streams":	[{
					"socket":	5,
					"start":	2.9996869564056396,
					"end":	3.9996638298034668,
					"seconds":	0.99997687339782715,
					"bytes":	3152296,
					"bits_per_second":	25218951.22865228,
					"packets":	2177,
					"omitted":	false
				}],
			"sum":	{
				"start":	2.9996869564056396,
				"end":	3.9996638298034668,
				"seconds":	0.99997687339782715,
				"bytes":	3152296,
				"bits_per_second":	25218951.22865228,
				"packets":	2177,
				"omitted":	false
			}
		}, {
			"streams":	[{
					"socket":	5,
					"start":	3.9996638298034668,
					"end":	4.9996700286865234,
					"seconds":	1.0000061988830566,
					"bytes":	3184152,
					"bits_per_second":	25473058.095491771,
					"packets":	2199,
					"omitted":	false
				}],
			"sum":	{
				"start":	3.9996638298034668,
				"end":	4.9996700286865234,
				"seconds":	1.0000061988830566,
				"bytes":	3184152,
				"bits_per_second":	25473058.095491771,
				"packets":	2199,
				"omitted":	false
			}
		}],
	"end":	{
		"streams":	[{
				"udp":	{
					"socket":	5,
					"start":	0,
					"end":	4.9996700286865234,
					"seconds":	4.9996700286865234,
					"bytes":	15787544,
					"bits_per_second":	25261737.529742677,
					"jitter_ms":	0.61556788006547059,
					"lost_packets":	0,
					"packets":	10903,
					"lost_percent":	0,
					"out_of_order":	0
				}
			}],
		"sum":	{
			"start":	0,
			"end":	5.0443909168243408,
			"seconds":	5.0443909168243408,
			"bytes":	15787544,
			"bits_per_second":	25261737.529742677,
			"jitter_ms":	0.61556788006547059,
			"lost_packets":	0,
			"packets":	10903,
			"lost_percent":	0
		},
		"cpu_utilization_percent":	{
			"host_total":	35.8684577529082,
			"host_user":	8.6886513590116312,
			"host_system":	27.213511803696811,
			"remote_total":	8.4738165647887218,
			"remote_user":	2.1891417565518387,
			"remote_system":	6.2937825500865365
		}
	}
}
