{
	"start":	{
		"connected":	[{
				"socket":	5,
				"local_host":	"10.120.139.104",
				"local_port":	39833,
				"remote_host":	"10.120.139.106",
				"remote_port":	5201
			}],
		"version":	"iperf 3.5",
		"system_info":	"Linux KN6GFJ-CHTEST-B 4.9.152 #0 Wed Jan 30 12:21:02 2019 mips",
		"timestamp":	{
			"time":	"Fri, 20 Mar 2020 10:44:02 GMT",
			"timesecs":	1584701042
		},
		"connecting_to":	{
			"host":	"10.120.139.106",
			"port":	5201
		},
		"cookie":	"vdfiqndoneuwclzupanunupcp7vo4aifcdsc",
		"sock_bufsize":	0,
		"sndbuf_actual":	163840,
		"rcvbuf_actual":	163840,
		"test_start":	{
			"protocol":	"UDP",
			"num_streams":	1,
			"blksize":	1448,
			"omit":	1,
			"duration":	5,
			"bytes":	0,
			"blocks":	0,
			"reverse":	0,
			"tos":	118
		}
	},
	"intervals":	[{
			"streams":	[{
					"socket":	5,
					"start":	0,
					"end":	1.0007889270782471,
					"seconds":	1.0007889270782471,
					"bytes":	461912,
					"bits_per_second":	3692382.9790845416,
					"packets":	319,
					"omitted":	true
				}],
			"sum":	{
				"start":	0,
				"end":	1.0007889270782471,
				"seconds":	1.0007889270782471,
				"bytes":	461912,
				"bits_per_second":	3692382.9790845416,
				"packets":	319,
				"omitted":	true
			}
		}, {
			"streams":	[{
					"socket":	5,
					"start":	0.00080513954162597656,
					"end":	0.999565839767456,
					"seconds":	1.000370979309082,
					"bytes":	663184,
					"bits_per_second":	5303504.5095613291,
					"packets":	458,
					"omitted":	false
				}],
			"sum":	{
				"start":	0.00080513954162597656,
				"end":	0.999565839767456,
				"seconds":	1.000370979309082,
				"bytes":	663184,
				"bits_per_second":	5303504.5095613291,
				"packets":	458,
				"omitted":	false
			}
		}, {
			"streams":	[{
					"socket":	5,
					"start":	0.999565839767456,
					"end":	1.999262809753418,
					"seconds":	0.99969696998596191,
					"bytes":	732688,
					"bits_per_second":	5863280.7500479966,
					"packets":	506,
					"omitted":	false
				}],
			"sum":	{
				"start":	0.999565839767456,
				"end":	1.999262809753418,
				"seconds":	0.99969696998596191,
				"bytes":	732688,
				"bits_per_second":	5863280.7500479966,
				"packets":	506,
				"omitted":	false
			}
		}, {
			"streams":	[{
					"socket":	5,
					"start":	1.999262809753418,
					"end":	2.9992189407348633,
					"seconds":	0.99995613098144531,
					"bytes":	634224,
					"bits_per_second":	5074014.5920402845,
					"packets":	438,
					"omitted":	false
				}],
			"sum":	{
				"start":	1.999262809753418,
				"end":	2.9992189407348633,
				"seconds":	0.99995613098144531,
				"bytes":	634224,
				"bits_per_second":	5074014.5920402845,
				"packets":	438,
				"omitted":	false
			}
		}, {
			"streams":	[{
					"socket":	5,
					"start":	2.9992189407348633,
					"end":	3.9992618560791016,
					"seconds":	1.0000429153442383,
					"bytes":	735584,
					"bits_per_second":	5884419.4681128832,
					"packets":	508,
					"omitted":	false
				}],
			"sum":	{
				"start":	2.9992189407348633,
				"end":	3.9992618560791016,
				"seconds":	1.0000429153442383,
				"bytes":	735584,
				"bits_per_second":	5884419.4681128832,
				"packets":	508,
				"omitted":	false
			}
		}, {
			"streams":	[{
					"socket":	5,
					"start":	3.9992618560791016,
					"end":	4.9992008209228516,
					"seconds":	0.99993896484375,
					"bytes":	913688,
					"bits_per_second":	7309950.1639504367,
					"packets":	631,
					"omitted":	false
				}],
			"sum":	{
				"start":	3.9992618560791016,
				"end":	4.9992008209228516,
				"seconds":	0.99993896484375,
				"bytes":	913688,
				"bits_per_second":	7309950.1639504367,
				"packets":	631,
				"omitted":	false
			}
		}],
	"end":	{
		"streams":	[{
				"udp":	{
					"socket":	5,
					"start":	0,
					"end":	4.9992008209228516,
					"seconds":	4.9992008209228516,
					"bytes":	3679368,
					"bits_per_second":	5887929.9020770909,
					"jitter_ms":	0.95055174817887556,
					"lost_packets":	1,
					"packets":	2541,
					"lost_percent":	0.039354584809130261,
					"out_of_order":	0
				}
			}],
		"sum":	{
			"start":	0,
			"end":	5.0981991291046143,
			"seconds":	5.0981991291046143,
			"bytes":	3679368,
			"bits_per_second":	5887929.9020770909,
			"jitter_ms":	0.95055174817887556,
			"lost_packets":	1,
			"packets":	2541,
			"lost_percent":	0.039354584809130261
		},
		"cpu_utilization_percent":	{
			"host_total":	16.914900171646767,
			"host_user":	2.7419611344751291,
			"host_system":	14.193681166694786,
			"remote_total":	6.0394559663594807,
			"remote_user":	1.8825437899855664,
			"remote_system":	4.0340224071119275
		}
	}
}
