{
	"start":	{
		"connected":	[{
				"socket":	5,
				"local_host":	"10.120.139.104",
				"local_port":	44470,
				"remote_host":	"10.120.139.106",
				"remote_port":	5201
			}],
		"version":	"iperf 3.5",
		"system_info":	"Linux KN6GFJ-CHTEST-B 4.9.152 #0 Wed Jan 30 12:21:02 2019 mips",
		"timestamp":	{
			"time":	"Fri, 20 Mar 2020 10:41:14 GMT",
			"timesecs":	1584700874
		},
		"connecting_to":	{
			"host":	"10.120.139.106",
			"port":	5201
		},
		"cookie":	"iaiyitxj7wnwp6xpnuyqz3efa4232pqyftry",
		"sock_bufsize":	0,
		"sndbuf_actual":	163840,
		"rcvbuf_actual":	163840,
		"test_start":	{
			"protocol":	"UDP",
			"num_streams":	1,
			"blksize":	1448,
			"omit":	1,
			"duration":	5,
			"bytes":	0,
			"blocks":	0,
			"reverse":	0,
			"tos":	117
		}
	},
	"intervals":	[{
			"streams":	[{
					"socket":	5,
					"start":	0,
					"end":	1.0006179809570312,
					"seconds":	1.0006179809570312,
					"bytes":	625536,
					"bits_per_second":	5001197.3552720863,
					"packets":	432,
					"omitted":	true
				}],
			"sum":	{
				"start":	0,
				"end":	1.0006179809570312,
				"seconds":	1.0006179809570312,
				"bytes":	625536,
				"bits_per_second":	5001197.3552720863,
				"packets":	432,
				"omitted":	true
			}
		}, {
			"streams":	[{
					"socket":	5,
					"start":	0.00040411949157714844,
					"end":	0.999675989151001,
					"seconds":	1.0000801086425781,
					"bytes":	619744,
					"bits_per_second":	4957554.8570098979,
					"packets":	428,
					"omitted":	false
				}],
			"sum":	{
				"start":	0.00040411949157714844,
				"end":	0.999675989151001,
				"seconds":	1.0000801086425781,
				"bytes":	619744,
				"bits_per_second":	4957554.8570098979,
				"packets":	428,
				"omitted":	false
			}
		}, {
			"streams":	[{
					"socket":	5,
					"start":	0.999675989151001,
					"end":	1.9996819496154785,
					"seconds":	1.0000059604644775,
					"bytes":	545896,
					"bits_per_second":	4367141.96980542,
					"packets":	377,
					"omitted":	false
				}],
			"sum":	{
				"start":	0.999675989151001,
				"end":	1.9996819496154785,
				"seconds":	1.0000059604644775,
				"bytes":	545896,
				"bits_per_second":	4367141.96980542,
				"packets":	377,
				"omitted":	false
			}
		}, {
			"streams":	[{
					"socket":	5,
					"start":	1.9996819496154785,
					"end":	3.0000128746032715,
					"seconds":	1.000330924987793,
					"bytes":	705176,
					"bits_per_second":	5639541.7347202795,
					"packets":	487,
					"omitted":	false
				}],
			"sum":	{
				"start":	1.9996819496154785,
				"end":	3.0000128746032715,
				"seconds":	1.000330924987793,
				"bytes":	705176,
				"bits_per_second":	5639541.7347202795,
				"packets":	487,
				"omitted":	false
			}
		}, {
			"streams":	[{
					"socket":	5,
					"start":	3.0000128746032715,
					"end":	3.9996669292449951,
					"seconds":	0.99965405464172363,
					"bytes":	616848,
					"bits_per_second":	4936491.7564093,
					"packets":	426,
					"omitted":	false
				}],
			"sum":	{
				"start":	3.0000128746032715,
				"end":	3.9996669292449951,
				"seconds":	0.99965405464172363,
				"bytes":	616848,
				"bits_per_second":	4936491.7564093,
				"packets":	426,
				"omitted":	false
			}
		}, {
			"streams":	[{
					"socket":	5,
					"start":	3.9996669292449951,
					"end":	4.9993040561676025,
					"seconds":	0.99963712692260742,
					"bytes":	554584,
					"bits_per_second":	4438282.5332411751,
					"packets":	383,
					"omitted":	false
				}],
			"sum":	{
				"start":	3.9996669292449951,
				"end":	4.9993040561676025,
				"seconds":	0.99963712692260742,
				"bytes":	554584,
				"bits_per_second":	4438282.5332411751,
				"packets":	383,
				"omitted":	false
			}
		}],
	"end":	{
		"streams":	[{
				"udp":	{
					"socket":	5,
					"start":	0,
					"end":	4.9993040561676025,
					"seconds":	4.9993040561676025,
					"bytes":	3042248,
					"bits_per_second":	4868274.4091098877,
					"jitter_ms":	2.0662910428069954,
					"lost_packets":	2,
					"packets":	2101,
					"lost_percent":	0.095192765349833411,
					"out_of_order":	0
				}
			}],
		"sum":	{
			"start":	0,
			"end":	5.1460227966308594,
			"seconds":	5.1460227966308594,
			"bytes":	3042248,
			"bits_per_second":	4868274.4091098877,
			"jitter_ms":	2.0662910428069954,
			"lost_packets":	2,
			"packets":	2101,
			"lost_percent":	0.095192765349833411
		},
		"cpu_utilization_percent":	{
			"host_total":	17.216850509424624,
			"host_user":	3.6070103229356341,
			"host_system":	13.608266218348074,
			"remote_total":	5.2772734459765225,
			"remote_user":	1.3630589223110936,
			"remote_system":	3.9528708747021719
		}
	}
}
