{
	"start":	{
		"connected":	[{
				"socket":	5,
				"local_host":	"10.120.139.104",
				"local_port":	52264,
				"remote_host":	"10.120.139.106",
				"remote_port":	5201
			}],
		"version":	"iperf 3.5",
		"system_info":	"Linux KN6GFJ-CHTEST-B 4.9.152 #0 Wed Jan 30 12:21:02 2019 mips",
		"timestamp":	{
			"time":	"Fri, 20 Mar 2020 10:46:44 GMT",
			"timesecs":	1584701204
		},
		"connecting_to":	{
			"host":	"10.120.139.106",
			"port":	5201
		},
		"cookie":	"2tlqyvmlwfe7dpxtynly7w34nqjrhunzjz6s",
		"sock_bufsize":	0,
		"sndbuf_actual":	163840,
		"rcvbuf_actual":	163840,
		"test_start":	{
			"protocol":	"UDP",
			"num_streams":	1,
			"blksize":	1448,
			"omit":	1,
			"duration":	5,
			"bytes":	0,
			"blocks":	0,
			"reverse":	0,
			"tos":	118
		}
	},
	"intervals":	[{
			"streams":	[{
					"socket":	5,
					"start":	0,
					"end":	1.0001928806304932,
					"seconds":	1.0001928806304932,
					"bytes":	645808,
					"bits_per_second":	5165467.6813368313,
					"packets":	446,
					"omitted":	true
				}],
			"sum":	{
				"start":	0,
				"end":	1.0001928806304932,
				"seconds":	1.0001928806304932,
				"bytes":	645808,
				"bits_per_second":	5165467.6813368313,
				"packets":	446,
				"omitted":	true
			}
		}, {
			"streams":	[{
					"socket":	5,
					"start":	0.00038599967956542969,
					"end":	0.99962115287780762,
					"seconds":	1.000007152557373,
					"bytes":	472048,
					"bits_per_second":	3776356.9893899723,
					"packets":	326,
					"omitted":	false
				}],
			"sum":	{
				"start":	0.00038599967956542969,
				"end":	0.99962115287780762,
				"seconds":	1.000007152557373,
				"bytes":	472048,
				"bits_per_second":	3776356.9893899723,
				"packets":	326,
				"omitted":	false
			}
		}, {
			"streams":	[{
					"socket":	5,
					"start":	0.99962115287780762,
					"end":	1.999622106552124,
					"seconds":	1.0000009536743164,
					"bytes":	887624,
					"bits_per_second":	7100985.2279727673,
					"packets":	613,
					"omitted":	false
				}],
			"sum":	{
				"start":	0.99962115287780762,
				"end":	1.999622106552124,
				"seconds":	1.0000009536743164,
				"bytes":	887624,
				"bits_per_second":	7100985.2279727673,
				"packets":	613,
				"omitted":	false
			}
		}, {
			"streams":	[{
					"socket":	5,
					"start":	1.999622106552124,
					"end":	2.9999961853027344,
					"seconds":	1.0003740787506104,
					"bytes":	527072,
					"bits_per_second":	4214999.2583436156,
					"packets":	364,
					"omitted":	false
				}],
			"sum":	{
				"start":	1.999622106552124,
				"end":	2.9999961853027344,
				"seconds":	1.0003740787506104,
				"bytes":	527072,
				"bits_per_second":	4214999.2583436156,
				"packets":	364,
				"omitted":	false
			}
		}, {
			"streams":	[{
					"socket":	5,
					"start":	2.9999961853027344,
					"end":	3.9996480941772461,
					"seconds":	0.99965190887451172,
					"bytes":	605264,
					"bits_per_second":	4843798.0831263931,
					"packets":	418,
					"omitted":	false
				}],
			"sum":	{
				"start":	2.9999961853027344,
				"end":	3.9996480941772461,
				"seconds":	0.99965190887451172,
				"bytes":	605264,
				"bits_per_second":	4843798.0831263931,
				"packets":	418,
				"omitted":	false
			}
		}, {
			"streams":	[{
					"socket":	5,
					"start":	3.9996480941772461,
					"end":	4.99963116645813,
					"seconds":	0.99998307228088379,
					"bytes":	825360,
					"bits_per_second":	6602991.77359007,
					"packets":	570,
					"omitted":	false
				}],
			"sum":	{
				"start":	3.9996480941772461,
				"end":	4.99963116645813,
				"seconds":	0.99998307228088379,
				"bytes":	825360,
				"bits_per_second":	6602991.77359007,
				"packets":	570,
				"omitted":	false
			}
		}],
	"end":	{
		"streams":	[{
				"udp":	{
					"socket":	5,
					"start":	0,
					"end":	4.99963116645813,
					"seconds":	4.99963116645813,
					"bytes":	3317368,
					"bits_per_second":	5308180.3669931283,
					"jitter_ms":	2.1675769702111678,
					"lost_packets":	1,
					"packets":	2291,
					"lost_percent":	0.043649061545176782,
					"out_of_order":	0
				}
			}],
		"sum":	{
			"start":	0,
			"end":	5.1582298278808594,
			"seconds":	5.1582298278808594,
			"bytes":	3317368,
			"bits_per_second":	5308180.3669931283,
			"jitter_ms":	2.1675769702111678,
			"lost_packets":	1,
			"packets":	2291,
			"lost_percent":	0.043649061545176782
		},
		"cpu_utilization_percent":	{
			"host_total":	12.953717338878674,
			"host_user":	3.9260579335652106,
			"host_system":	8.9972160977536078,
			"remote_total":	5.3906457575838376,
			"remote_user":	1.624230706812416,
			"remote_system":	3.7898716492289708
		}
	}
}
