{
	"start":	{
		"connected":	[{
				"socket":	5,
				"local_host":	"10.120.139.104",
				"local_port":	36996,
				"remote_host":	"10.120.139.106",
				"remote_port":	5201
			}],
		"version":	"iperf 3.5",
		"system_info":	"Linux KN6GFJ-CHTEST-B 4.9.152 #0 Wed Jan 30 12:21:02 2019 mips",
		"timestamp":	{
			"time":	"Fri, 20 Mar 2020 10:42:46 GMT",
			"timesecs":	1584700966
		},
		"connecting_to":	{
			"host":	"10.120.139.106",
			"port":	5201
		},
		"cookie":	"2fhmguo4nlegut6ugejfg2c2pw3iu45mnlat",
		"sock_bufsize":	0,
		"sndbuf_actual":	163840,
		"rcvbuf_actual":	163840,
		"test_start":	{
			"protocol":	"UDP",
			"num_streams":	1,
			"blksize":	1448,
			"omit":	1,
			"duration":	5,
			"bytes":	0,
			"blocks":	0,
			"reverse":	0,
			"tos":	118
		}
	},
	"intervals":	[{
			"streams":	[{
					"socket":	5,
					"start":	0,
					"end":	1.0005760192871094,
					"seconds":	1.0005760192871094,
					"bytes":	674768,
					"bits_per_second":	5395036.355004861,
					"packets":	466,
					"omitted":	true
				}],
			"sum":	{
				"start":	0,
				"end":	1.0005760192871094,
				"seconds":	1.0005760192871094,
				"bytes":	674768,
				"bits_per_second":	5395036.355004861,
				"packets":	466,
				"omitted":	true
			}
		}, {
			"streams":	[{
					"socket":	5,
					"start":	0.0022561550140380859,
					"end":	0.99790191650390625,
					"seconds":	1.0001580715179443,
					"bytes":	551688,
					"bits_per_second":	4412806.4609843176,
					"packets":	381,
					"omitted":	false
				}],
			"sum":	{
				"start":	0.0022561550140380859,
				"end":	0.99790191650390625,
				"seconds":	1.0001580715179443,
				"bytes":	551688,
				"bits_per_second":	4412806.4609843176,
				"packets":	381,
				"omitted":	false
			}
		}, {
			"streams":	[{
					"socket":	5,
					"start":	0.99790191650390625,
					"end":	1.9977970123291016,
					"seconds":	0.99989509582519531,
					"bytes":	835496,
					"bits_per_second":	6684669.2497114837,
					"packets":	577,
					"omitted":	false
				}],
			"sum":	{
				"start":	0.99790191650390625,
				"end":	1.9977970123291016,
				"seconds":	0.99989509582519531,
				"bytes":	835496,
				"bits_per_second":	6684669.2497114837,
				"packets":	577,
				"omitted":	false
			}
		}, {
			"streams":	[{
					"socket":	5,
					"start":	1.9977970123291016,
					"end":	2.9978139400482178,
					"seconds":	1.0000169277191162,
					"bytes":	619744,
					"bits_per_second":	4957868.0746018179,
					"packets":	428,
					"omitted":	false
				}],
			"sum":	{
				"start":	1.9977970123291016,
				"end":	2.9978139400482178,
				"seconds":	1.0000169277191162,
				"bytes":	619744,
				"bits_per_second":	4957868.0746018179,
				"packets":	428,
				"omitted":	false
			}
		}, {
			"streams":	[{
					"socket":	5,
					"start":	2.9978139400482178,
					"end":	3.9978389739990234,
					"seconds":	1.0000250339508057,
					"bytes":	677664,
					"bits_per_second":	5421176.2865395341,
					"packets":	468,
					"omitted":	false
				}],
			"sum":	{
				"start":	2.9978139400482178,
				"end":	3.9978389739990234,
				"seconds":	1.0000250339508057,
				"bytes":	677664,
				"bits_per_second":	5421176.2865395341,
				"packets":	468,
				"omitted":	false
			}
		}, {
			"streams":	[{
					"socket":	5,
					"start":	3.9978389739990234,
					"end":	4.9973788261413574,
					"seconds":	0.999539852142334,
					"bytes":	618296,
					"bits_per_second":	4948645.1084450008,
					"packets":	427,
					"omitted":	false
				}],
			"sum":	{
				"start":	3.9978389739990234,
				"end":	4.9973788261413574,
				"seconds":	0.999539852142334,
				"bytes":	618296,
				"bits_per_second":	4948645.1084450008,
				"packets":	427,
				"omitted":	false
			}
		}],
	"end":	{
		"streams":	[{
				"udp":	{
					"socket":	5,
					"start":	0,
					"end":	4.9973788261413574,
					"seconds":	4.9973788261413574,
					"bytes":	3302888,
					"bits_per_second":	5287392.6350710858,
					"jitter_ms":	6.7509942227215207,
					"lost_packets":	3,
					"packets":	2281,
					"lost_percent":	0.131521262604121,
					"out_of_order":	0
				}
			}],
		"sum":	{
			"start":	0,
			"end":	5.1066329479217529,
			"seconds":	5.1066329479217529,
			"bytes":	3302888,
			"bits_per_second":	5287392.6350710858,
			"jitter_ms":	6.7509942227215207,
			"lost_packets":	3,
			"packets":	2281,
			"lost_percent":	0.131521262604121
		},
		"cpu_utilization_percent":	{
			"host_total":	17.248634826438821,
			"host_user":	3.1140281724489802,
			"host_system":	14.095074885821699,
			"remote_total":	5.6138208617147276,
			"remote_user":	1.7544371063987829,
			"remote_system":	3.778787613781994
		}
	}
}
