{
	"start":	{
		"connected":	[{
				"socket":	5,
				"local_host":	"10.120.139.104",
				"local_port":	41379,
				"remote_host":	"10.120.139.106",
				"remote_port":	5201
			}],
		"version":	"iperf 3.5",
		"system_info":	"Linux KN6GFJ-CHTEST-B 4.9.152 #0 Wed Jan 30 12:21:02 2019 mips",
		"timestamp":	{
			"time":	"Fri, 20 Mar 2020 10:48:22 GMT",
			"timesecs":	1584701302
		},
		"connecting_to":	{
			"host":	"10.120.139.106",
			"port":	5201
		},
		"cookie":	"xeimluedtqjnyozqqdhcz7lnugvbtcmcplir",
		"sock_bufsize":	0,
		"sndbuf_actual":	163840,
		"rcvbuf_actual":	163840,
		"test_start":	{
			"protocol":	"UDP",
			"num_streams":	1,
			"blksize":	1448,
			"omit":	1,
			"duration":	5,
			"bytes":	0,
			"blocks":	0,
			"reverse":	0,
			"tos":	118
		}
	},
	"intervals":	[{
			"streams":	[{
					"socket":	5,
					"start":	0,
					"end":	1.0001609325408936,
					"seconds":	1.0001609325408936,
					"bytes":	615400,
					"bits_per_second":	4922407.8244015044,
					"packets":	425,
					"omitted":	true
				}],
			"sum":	{
				"start":	0,
				"end":	1.0001609325408936,
				"seconds":	1.0001609325408936,
				"bytes":	615400,
				"bits_per_second":	4922407.8244015044,
				"packets":	425,
				"omitted":	true
			}
		}, {
			"streams":	[{
					"socket":	5,
					"start":	0.00039601325988769531,
					"end":	0.99964189529418945,
					"seconds":	1.0000379085540771,
					"bytes":	664632,
					"bits_per_second":	5316854.4457357237,
					"packets":	459,
					"omitted":	false
				}],
			"sum":	{
				"start":	0.00039601325988769531,
				"end":	0.99964189529418945,
				"seconds":	1.0000379085540771,
				"bytes":	664632,
				"bits_per_second":	5316854.4457357237,
				"packets":	459,
				"omitted":	false
			}
		}, {
			"streams":	[{
					"socket":	5,
					"start":	0.99964189529418945,
					"end":	1.9996428489685059,
					"seconds":	1.0000009536743164,
					"bytes":	625536,
					"bits_per_second":	5004283.2275436139,
					"packets":	432,
					"omitted":	false
				}],
			"sum":	{
				"start":	0.99964189529418945,
				"end":	1.9996428489685059,
				"seconds":	1.0000009536743164,
				"bytes":	625536,
				"bits_per_second":	5004283.2275436139,
				"packets":	432,
				"omitted":	false
			}
		}, {
			"streams":	[{
					"socket":	5,
					"start":	1.9996428489685059,
					"end":	2.99967098236084,
					"seconds":	1.000028133392334,
					"bytes":	503904,
					"bits_per_second":	4031118.5909591359,
					"packets":	348,
					"omitted":	false
				}],
			"sum":	{
				"start":	1.9996428489685059,
				"end":	2.99967098236084,
				"seconds":	1.000028133392334,
				"bytes":	503904,
				"bits_per_second":	4031118.5909591359,
				"packets":	348,
				"omitted":	false
			}
		}, {
			"streams":	[{
					"socket":	5,
					"start":	2.99967098236084,
					"end":	3.9996428489685059,
					"seconds":	0.999971866607666,
					"bytes":	556032,
					"bits_per_second":	4448381.1480520889,
					"packets":	384,
					"omitted":	false
				}],
			"sum":	{
				"start":	2.99967098236084,
				"end":	3.9996428489685059,
				"seconds":	0.999971866607666,
				"bytes":	556032,
				"bits_per_second":	4448381.1480520889,
				"packets":	384,
				"omitted":	false
			}
		}, {
			"streams":	[{
					"socket":	5,
					"start":	3.9996428489685059,
					"end":	5.0006680488586426,
					"seconds":	1.0010251998901367,
					"bytes":	705176,
					"bits_per_second":	5635630.3523818869,
					"packets":	487,
					"omitted":	false
				}],
			"sum":	{
				"start":	3.9996428489685059,
				"end":	5.0006680488586426,
				"seconds":	1.0010251998901367,
				"bytes":	705176,
				"bits_per_second":	5635630.3523818869,
				"packets":	487,
				"omitted":	false
			}
		}],
	"end":	{
		"streams":	[{
				"udp":	{
					"socket":	5,
					"start":	0,
					"end":	5.0006680488586426,
					"seconds":	5.0006680488586426,
					"bytes":	3055280,
					"bits_per_second":	4887794.942833432,
					"jitter_ms":	2.9905159554984517,
					"lost_packets":	5,
					"packets":	2110,
					"lost_percent":	0.23696682464454977,
					"out_of_order":	0
				}
			}],
		"sum":	{
			"start":	0,
			"end":	5.1299707889556885,
			"seconds":	5.1299707889556885,
			"bytes":	3055280,
			"bits_per_second":	4887794.942833432,
			"jitter_ms":	2.9905159554984517,
			"lost_packets":	5,
			"packets":	2110,
			"lost_percent":	0.23696682464454977
		},
		"cpu_utilization_percent":	{
			"host_total":	12.687985970619531,
			"host_user":	3.5942608802769671,
			"host_system":	9.1490276952504619,
			"remote_total":	5.192974247275715,
			"remote_user":	1.7661930008760318,
			"remote_system":	3.3965250016846764
		}
	}
}
