{
	"start":	{
		"connected":	[{
				"socket":	5,
				"local_host":	"10.120.139.104",
				"local_port":	41465,
				"remote_host":	"10.120.139.106",
				"remote_port":	5201
			}],
		"version":	"iperf 3.5",
		"system_info":	"Linux KN6GFJ-CHTEST-B 4.9.152 #0 Wed Jan 30 12:21:02 2019 mips",
		"timestamp":	{
			"time":	"Fri, 20 Mar 2020 10:45:07 GMT",
			"timesecs":	1584701107
		},
		"connecting_to":	{
			"host":	"10.120.139.106",
			"port":	5201
		},
		"cookie":	"5uk2wundsnr7u3eoohj5mkhj25p6qeqkrnnw",
		"sock_bufsize":	0,
		"sndbuf_actual":	163840,
		"rcvbuf_actual":	163840,
		"test_start":	{
			"protocol":	"UDP",
			"num_streams":	1,
			"blksize":	1448,
			"omit":	1,
			"duration":	5,
			"bytes":	0,
			"blocks":	0,
			"reverse":	0,
			"tos":	117
		}
	},
	"intervals":	[{
			"streams":	[{
					"socket":	5,
					"start":	0,
					"end":	1.0001609325408936,
					"seconds":	1.0001609325408936,
					"bytes":	125976,
					"bits_per_second":	1007645.8369951316,
					"packets":	87,
					"omitted":	true
				}],
			"sum":	{
				"start":	0,
				"end":	1.0001609325408936,
				"seconds":	1.0001609325408936,
				"bytes":	125976,
				"bits_per_second":	1007645.8369951316,
				"packets":	87,
				"omitted":	true
			}
		}, {
			"streams":	[{
					"socket":	5,
					"start":	0.00041699409484863281,
					"end":	1.0000720024108887,
					"seconds":	1.0004889965057373,
					"bytes":	124528,
					"bits_per_second":	995737.08804331382,
					"packets":	86,
					"omitted":	false
				}],
			"sum":	{
				"start":	0.00041699409484863281,
				"end":	1.0000720024108887,
				"seconds":	1.0004889965057373,
				"bytes":	124528,
				"bits_per_second":	995737.08804331382,
				"packets":	86,
				"omitted":	false
			}
		}, {
			"streams":	[{
					"socket":	5,
					"start":	1.0000720024108887,
					"end":	2.0000190734863281,
					"seconds":	0.99994707107543945,
					"bytes":	125976,
					"bits_per_second":	1007861.3450170979,
					"packets":	87,
					"omitted":	false
				}],
			"sum":	{
				"start":	1.0000720024108887,
				"end":	2.0000190734863281,
				"seconds":	0.99994707107543945,
				"bytes":	125976,
				"bits_per_second":	1007861.3450170979,
				"packets":	87,
				"omitted":	false
			}
		}, {
			"streams":	[{
					"socket":	5,
					"start":	2.0000190734863281,
					"end":	3.000075101852417,
					"seconds":	1.0000560283660889,
					"bytes":	124528,
					"bits_per_second":	996168.18632417056,
					"packets":	86,
					"omitted":	false
				}],
			"sum":	{
				"start":	2.0000190734863281,
				"end":	3.000075101852417,
				"seconds":	1.0000560283660889,
				"bytes":	124528,
				"bits_per_second":	996168.18632417056,
				"packets":	86,
				"omitted":	false
			}
		}, {
			"streams":	[{
					"socket":	5,
					"start":	3.000075101852417,
					"end":	4.0000729560852051,
					"seconds":	0.99999785423278809,
					"bytes":	124528,
					"bits_per_second":	996226.13766938192,
					"packets":	86,
					"omitted":	false
				}],
			"sum":	{
				"start":	3.000075101852417,
				"end":	4.0000729560852051,
				"seconds":	0.99999785423278809,
				"bytes":	124528,
				"bits_per_second":	996226.13766938192,
				"packets":	86,
				"omitted":	false
			}
		}, {
			"streams":	[{
					"socket":	5,
					"start":	4.0000729560852051,
					"end":	4.999629020690918,
					"seconds":	0.99955606460571289,
					"bytes":	124528,
					"bits_per_second":	996666.45551590214,
					"packets":	86,
					"omitted":	false
				}],
			"sum":	{
				"start":	4.0000729560852051,
				"end":	4.999629020690918,
				"seconds":	0.99955606460571289,
				"bytes":	124528,
				"bits_per_second":	996666.45551590214,
				"packets":	86,
				"omitted":	false
			}
		}],
	"end":	{
		"streams":	[{
				"udp":	{
					"socket":	5,
					"start":	0,
					"end":	4.999629020690918,
					"seconds":	4.999629020690918,
					"bytes":	624088,
					"bits_per_second":	998614.89309261576,
					"jitter_ms":	0.14209244049635966,
					"lost_packets":	0,
					"packets":	431,
					"lost_percent":	0,
					"out_of_order":	0
				}
			}],
		"sum":	{
			"start":	0,
			"end":	5.0469579696655273,
			"seconds":	5.0469579696655273,
			"bytes":	624088,
			"bits_per_second":	998614.89309261576,
			"jitter_ms":	0.14209244049635966,
			"lost_packets":	0,
			"packets":	431,
			"lost_percent":	0
		},
		"cpu_utilization_percent":	{
			"host_total":	8.56864547350089,
			"host_user":	4.919617548931746,
			"host_system":	3.6077195358832803,
			"remote_total":	0.86663847111395609,
			"remote_user":	0.56216210543949929,
			"remote_system":	0.28108105271974965
		}
	}
}
