{
	"start":	{
		"connected":	[{
				"socket":	5,
				"local_host":	"10.120.139.104",
				"local_port":	40869,
				"remote_host":	"10.120.139.106",
				"remote_port":	5201
			}],
		"version":	"iperf 3.5",
		"system_info":	"Linux KN6GFJ-CHTEST-B 4.9.152 #0 Wed Jan 30 12:21:02 2019 mips",
		"timestamp":	{
			"time":	"Fri, 20 Mar 2020 10:43:47 GMT",
			"timesecs":	1584701027
		},
		"connecting_to":	{
			"host":	"10.120.139.106",
			"port":	5201
		},
		"cookie":	"ybaw627uo6xw46pjoeedmyore4oxpdjk4xud",
		"sock_bufsize":	0,
		"sndbuf_actual":	163840,
		"rcvbuf_actual":	163840,
		"test_start":	{
			"protocol":	"UDP",
			"num_streams":	1,
			"blksize":	1448,
			"omit":	1,
			"duration":	5,
			"bytes":	0,
			"blocks":	0,
			"reverse":	0,
			"tos":	118
		}
	},
	"intervals":	[{
			"streams":	[{
					"socket":	5,
					"start":	0,
					"end":	1.0001680850982666,
					"seconds":	1.0001680850982666,
					"bytes":	512592,
					"bits_per_second":	4100046.8432234591,
					"packets":	354,
					"omitted":	true
				}],
			"sum":	{
				"start":	0,
				"end":	1.0001680850982666,
				"seconds":	1.0001680850982666,
				"bytes":	512592,
				"bits_per_second":	4100046.8432234591,
				"packets":	354,
				"omitted":	true
			}
		}, {
			"streams":	[{
					"socket":	5,
					"start":	0.000518798828125,
					"end":	0.99950814247131348,
					"seconds":	1.0000269412994385,
					"bytes":	621192,
					"bits_per_second":	4969402.117849513,
					"packets":	429,
					"omitted":	false
				}],
			"sum":	{
				"start":	0.000518798828125,
				"end":	0.99950814247131348,
				"seconds":	1.0000269412994385,
				"bytes":	621192,
				"bits_per_second":	4969402.117849513,
				"packets":	429,
				"omitted":	false
			}
		}, {
			"streams":	[{
					"socket":	5,
					"start":	0.99950814247131348,
					"end":	1.9995400905609131,
					"seconds":	1.0000319480895996,
					"bytes":	658840,
					"bits_per_second":	5270551.6159447348,
					"packets":	455,
					"omitted":	false
				}],
			"sum":	{
				"start":	0.99950814247131348,
				"end":	1.9995400905609131,
				"seconds":	1.0000319480895996,
				"bytes":	658840,
				"bits_per_second":	5270551.6159447348,
				"packets":	455,
				"omitted":	false
			}
		}, {
			"streams":	[{
					"socket":	5,
					"start":	1.9995400905609131,
					"end":	2.9995410442352295,
					"seconds":	1.0000009536743164,
					"bytes":	767440,
					"bits_per_second":	6139514.1449030451,
					"packets":	530,
					"omitted":	false
				}],
			"sum":	{
				"start":	1.9995400905609131,
				"end":	2.9995410442352295,
				"seconds":	1.0000009536743164,
				"bytes":	767440,
				"bits_per_second":	6139514.1449030451,
				"packets":	530,
				"omitted":	false
			}
		}, {
			"streams":	[{
					"socket":	5,
					"start":	2.9995410442352295,
					"end":	3.9995660781860352,
					"seconds":	1.0000250339508057,
					"bytes":	608160,
					"bits_per_second":	4865158.2058688123,
					"packets":	420,
					"omitted":	false
				}],
			"sum":	{
				"start":	2.9995410442352295,
				"end":	3.9995660781860352,
				"seconds":	1.0000250339508057,
				"bytes":	608160,
				"bits_per_second":	4865158.2058688123,
				"packets":	420,
				"omitted":	false
			}
		}, {
			"streams":	[{
					"socket":	5,
					"start":	3.9995660781860352,
					"end":	4.9995551109313965,
					"seconds":	0.99998903274536133,
					"bytes":	537208,
					"bits_per_second":	4297711.134092371,
					"packets":	371,
					"omitted":	false
				}],
			"sum":	{
				"start":	3.9995660781860352,
				"end":	4.9995551109313965,
				"seconds":	0.99998903274536133,
				"bytes":	537208,
				"bits_per_second":	4297711.134092371,
				"packets":	371,
				"omitted":	false
			}
		}],
	"end":	{
		"streams":	[{
				"udp":	{
					"socket":	5,
					"start":	0,
					"end":	4.9995551109313965,
					"seconds":	4.9995551109313965,
					"bytes":	3192840,
					"bits_per_second":	5108998.58752462,
					"jitter_ms":	2.3369070491784325,
					"lost_packets":	2,
					"packets":	2205,
					"lost_percent":	0.090702947845804988,
					"out_of_order":	0
				}
			}],
		"sum":	{
			"start":	0,
			"end":	5.1503510475158691,
			"seconds":	5.1503510475158691,
			"bytes":	3192840,
			"bits_per_second":	5108998.58752462,
			"jitter_ms":	2.3369070491784325,
			"lost_packets":	2,
			"packets":	2205,
			"lost_percent":	0.090702947845804988
		},
		"cpu_utilization_percent":	{
			"host_total":	15.908110420581197,
			"host_user":	2.1316587896408596,
			"host_system":	13.773795256140939,
			"remote_total":	5.4987479684805187,
			"remote_user":	1.4946385277864853,
			"remote_system":	4.0762868939631414
		}
	}
}
