{
	"start":	{
		"connected":	[{
				"socket":	5,
				"local_host":	"10.120.139.104",
				"local_port":	51106,
				"remote_host":	"10.120.139.106",
				"remote_port":	5201
			}],
		"version":	"iperf 3.5",
		"system_info":	"Linux KN6GFJ-CHTEST-B 4.9.152 #0 Wed Jan 30 12:21:02 2019 mips",
		"timestamp":	{
			"time":	"Fri, 20 Mar 2020 11:00:20 GMT",
			"timesecs":	1584702020
		},
		"connecting_to":	{
			"host":	"10.120.139.106",
			"port":	5201
		},
		"cookie":	"eqqavgesqgjjo2xcb24jiox7zgtc2rx5l4ty",
		"sock_bufsize":	0,
		"sndbuf_actual":	163840,
		"rcvbuf_actual":	163840,
		"test_start":	{
			"protocol":	"UDP",
			"num_streams":	1,
			"blksize":	1448,
			"omit":	1,
			"duration":	5,
			"bytes":	0,
			"blocks":	0,
			"reverse":	0,
			"tos":	118
		}
	},
	"intervals":	[{
			"streams":	[{
					"socket":	5,
					"start":	0,
					"end":	1.0001580715179443,
					"seconds":	1.0001580715179443,
					"bytes":	1630448,
					"bits_per_second":	13041522.506741054,
					"packets":	1126,
					"omitted":	true
				}],
			"sum":	{
				"start":	0,
				"end":	1.0001580715179443,
				"seconds":	1.0001580715179443,
				"bytes":	1630448,
				"bits_per_second":	13041522.506741054,
				"packets":	1126,
				"omitted":	true
			}
		}, {
			"streams":	[{
					"socket":	5,
					"start":	0.00040912628173828125,
					"end":	0.999626874923706,
					"seconds":	1.0000360012054443,
					"bytes":	1475512,
					"bits_per_second":	11803671.053613402,
					"packets":	1019,
					"omitted":	false
				}],
			"sum":	{
				"start":	0.00040912628173828125,
				"end":	0.999626874923706,
				"seconds":	1.0000360012054443,
				"bytes":	1475512,
				"bits_per_second":	11803671.053613402,
				"packets":	1019,
				"omitted":	false
			}
		}, {
			"streams":	[{
					"socket":	5,
					"start":	0.999626874923706,
					"end":	1.9996638298034668,
					"seconds":	1.0000369548797607,
					"bytes":	1465376,
					"bits_per_second":	11722574.793658014,
					"packets":	1012,
					"omitted":	false
				}],
			"sum":	{
				"start":	0.999626874923706,
				"end":	1.9996638298034668,
				"seconds":	1.0000369548797607,
				"bytes":	1465376,
				"bits_per_second":	11722574.793658014,
				"packets":	1012,
				"omitted":	false
			}
		}, {
			"streams":	[{
					"socket":	5,
					"start":	1.9996638298034668,
					"end":	2.9996268749237061,
					"seconds":	0.99996304512023926,
					"bytes":	1304648,
					"bits_per_second":	10437569.719133966,
					"packets":	901,
					"omitted":	false
				}],
			"sum":	{
				"start":	1.9996638298034668,
				"end":	2.9996268749237061,
				"seconds":	0.99996304512023926,
				"bytes":	1304648,
				"bits_per_second":	10437569.719133966,
				"packets":	901,
				"omitted":	false
			}
		}, {
			"streams":	[{
					"socket":	5,
					"start":	2.9996268749237061,
					"end":	3.9996268749237061,
					"seconds":	1,
					"bytes":	1503024,
					"bits_per_second":	12024192,
					"packets":	1038,
					"omitted":	false
				}],
			"sum":	{
				"start":	2.9996268749237061,
				"end":	3.9996268749237061,
				"seconds":	1,
				"bytes":	1503024,
				"bits_per_second":	12024192,
				"packets":	1038,
				"omitted":	false
			}
		}, {
			"streams":	[{
					"socket":	5,
					"start":	3.9996268749237061,
					"end":	4.9995949268341064,
					"seconds":	0.99996805191040039,
					"bytes":	1440760,
					"bits_per_second":	11526448.248001393,
					"packets":	995,
					"omitted":	false
				}],
			"sum":	{
				"start":	3.9996268749237061,
				"end":	4.9995949268341064,
				"seconds":	0.99996805191040039,
				"bytes":	1440760,
				"bits_per_second":	11526448.248001393,
				"packets":	995,
				"omitted":	false
			}
		}],
	"end":	{
		"streams":	[{
				"udp":	{
					"socket":	5,
					"start":	0,
					"end":	4.9995949268341064,
					"seconds":	4.9995949268341064,
					"bytes":	7189320,
					"bits_per_second":	11503843.979700161,
					"jitter_ms":	2.17474953578,
					"lost_packets":	0,
					"packets":	4965,
					"lost_percent":	0,
					"out_of_order":	0
				}
			}],
		"sum":	{
			"start":	0,
			"end":	5.0766961574554443,
			"seconds":	5.0766961574554443,
			"bytes":	7189320,
			"bits_per_second":	11503843.979700161,
			"jitter_ms":	2.17474953578,
			"lost_packets":	0,
			"packets":	4965,
			"lost_percent":	0
		},
		"cpu_utilization_percent":	{
			"host_total":	27.085738936574355,
			"host_user":	5.244863844154116,
			"host_system":	21.798965352265544,
			"remote_total":	12.198025335857915,
			"remote_user":	3.2974728580200243,
			"remote_system":	8.9306556571375655
		}
	}
}
