{
	"start":	{
		"connected":	[{
				"socket":	5,
				"local_host":	"10.120.139.104",
				"local_port":	34516,
				"remote_host":	"10.120.139.106",
				"remote_port":	5201
			}],
		"version":	"iperf 3.5",
		"system_info":	"Linux KN6GFJ-CHTEST-B 4.9.152 #0 Wed Jan 30 12:21:02 2019 mips",
		"timestamp":	{
			"time":	"Fri, 20 Mar 2020 10:57:14 GMT",
			"timesecs":	1584701834
		},
		"connecting_to":	{
			"host":	"10.120.139.106",
			"port":	5201
		},
		"cookie":	"cbwxau64ebml6vs76xkcmvwbvol3korklido",
		"sock_bufsize":	0,
		"sndbuf_actual":	163840,
		"rcvbuf_actual":	163840,
		"test_start":	{
			"protocol":	"UDP",
			"num_streams":	1,
			"blksize":	1448,
			"omit":	1,
			"duration":	5,
			"bytes":	0,
			"blocks":	0,
			"reverse":	0,
			"tos":	118
		}
	},
	"intervals":	[{
			"streams":	[{
					"socket":	5,
					"start":	0,
					"end":	1.0001580715179443,
					"seconds":	1.0001580715179443,
					"bytes":	1517504,
					"bits_per_second":	12138113.310004108,
					"packets":	1048,
					"omitted":	true
				}],
			"sum":	{
				"start":	0,
				"end":	1.0001580715179443,
				"seconds":	1.0001580715179443,
				"bytes":	1517504,
				"bits_per_second":	12138113.310004108,
				"packets":	1048,
				"omitted":	true
			}
		}, {
			"streams":	[{
					"socket":	5,
					"start":	0.00060892105102539062,
					"end":	1.000028133392334,
					"seconds":	1.0006370544433594,
					"bytes":	1300304,
					"bits_per_second":	10395809.303490894,
					"packets":	898,
					"omitted":	false
				}],
			"sum":	{
				"start":	0.00060892105102539062,
				"end":	1.000028133392334,
				"seconds":	1.0006370544433594,
				"bytes":	1300304,
				"bits_per_second":	10395809.303490894,
				"packets":	898,
				"omitted":	false
			}
		}, {
			"streams":	[{
					"socket":	5,
					"start":	1.000028133392334,
					"end":	2.0001142024993896,
					"seconds":	1.0000860691070557,
					"bytes":	1715880,
					"bits_per_second":	13725858.62760435,
					"packets":	1185,
					"omitted":	false
				}],
			"sum":	{
				"start":	1.000028133392334,
				"end":	2.0001142024993896,
				"seconds":	1.0000860691070557,
				"bytes":	1715880,
				"bits_per_second":	13725858.62760435,
				"packets":	1185,
				"omitted":	false
			}
		}, {
			"streams":	[{
					"socket":	5,
					"start":	2.0001142024993896,
					"end":	3.0000731945037842,
					"seconds":	0.99995899200439453,
					"bytes":	1568184,
					"bits_per_second":	12545986.485758673,
					"packets":	1083,
					"omitted":	false
				}],
			"sum":	{
				"start":	2.0001142024993896,
				"end":	3.0000731945037842,
				"seconds":	0.99995899200439453,
				"bytes":	1568184,
				"bits_per_second":	12545986.485758673,
				"packets":	1083,
				"omitted":	false
			}
		}, {
			"streams":	[{
					"socket":	5,
					"start":	3.0000731945037842,
					"end":	4.0000240802764893,
					"seconds":	0.99995088577270508,
					"bytes":	1501576,
					"bits_per_second":	12013198.01893804,
					"packets":	1037,
					"omitted":	false
				}],
			"sum":	{
				"start":	3.0000731945037842,
				"end":	4.0000240802764893,
				"seconds":	0.99995088577270508,
				"bytes":	1501576,
				"bits_per_second":	12013198.01893804,
				"packets":	1037,
				"omitted":	false
			}
		}, {
			"streams":	[{
					"socket":	5,
					"start":	4.0000240802764893,
					"end":	4.9994370937347412,
					"seconds":	0.999413013458252,
					"bytes":	1456688,
					"bits_per_second":	11660348.467622587,
					"packets":	1006,
					"omitted":	false
				}],
			"sum":	{
				"start":	4.0000240802764893,
				"end":	4.9994370937347412,
				"seconds":	0.999413013458252,
				"bytes":	1456688,
				"bits_per_second":	11660348.467622587,
				"packets":	1006,
				"omitted":	false
			}
		}],
	"end":	{
		"streams":	[{
				"udp":	{
					"socket":	5,
					"start":	0,
					"end":	4.9994370937347412,
					"seconds":	4.9994370937347412,
					"bytes":	7542632,
					"bits_per_second":	12069570.00731522,
					"jitter_ms":	1.2389089654459977,
					"lost_packets":	4,
					"packets":	5209,
					"lost_percent":	0.076790170858130155,
					"out_of_order":	0
				}
			}],
		"sum":	{
			"start":	0,
			"end":	5.0779201984405518,
			"seconds":	5.0779201984405518,
			"bytes":	7542632,
			"bits_per_second":	12069570.00731522,
			"jitter_ms":	1.2389089654459977,
			"lost_packets":	4,
			"packets":	5209,
			"lost_percent":	0.076790170858130155
		},
		"cpu_utilization_percent":	{
			"host_total":	26.708451290284867,
			"host_user":	5.3954320310449884,
			"host_system":	21.254732243510563,
			"remote_total":	11.379105570916236,
			"remote_user":	2.7786834227451913,
			"remote_system":	8.6006867846874968
		}
	}
}
