{
	"start":	{
		"connected":	[{
				"socket":	5,
				"local_host":	"10.120.139.104",
				"local_port":	39403,
				"remote_host":	"10.120.139.106",
				"remote_port":	5201
			}],
		"version":	"iperf 3.5",
		"system_info":	"Linux KN6GFJ-CHTEST-B 4.9.152 #0 Wed Jan 30 12:21:02 2019 mips",
		"timestamp":	{
			"time":	"Fri, 20 Mar 2020 10:48:07 GMT",
			"timesecs":	1584701287
		},
		"connecting_to":	{
			"host":	"10.120.139.106",
			"port":	5201
		},
		"cookie":	"4v5g2vcnd5lvh2zahuidktbk4uil22r7maw6",
		"sock_bufsize":	0,
		"sndbuf_actual":	163840,
		"rcvbuf_actual":	163840,
		"test_start":	{
			"protocol":	"UDP",
			"num_streams":	1,
			"blksize":	1448,
			"omit":	1,
			"duration":	5,
			"bytes":	0,
			"blocks":	0,
			"reverse":	0,
			"tos":	118
		}
	},
	"intervals":	[{
			"streams":	[{
					"socket":	5,
					"start":	0,
					"end":	1.000175952911377,
					"seconds":	1.000175952911377,
					"bytes":	761648,
					"bits_per_second":	6092112.0751439435,
					"packets":	526,
					"omitted":	true
				}],
			"sum":	{
				"start":	0,
				"end":	1.000175952911377,
				"seconds":	1.000175952911377,
				"bytes":	761648,
				"bits_per_second":	6092112.0751439435,
				"packets":	526,
				"omitted":	true
			}
		}, {
			"streams":	[{
					"socket":	5,
					"start":	0.00041413307189941406,
					"end":	0.99961590766906738,
					"seconds":	1.0000300407409668,
					"bytes":	527072,
					"bits_per_second":	4216449.3347377358,
					"packets":	364,
					"omitted":	false
				}],
			"sum":	{
				"start":	0.00041413307189941406,
				"end":	0.99961590766906738,
				"seconds":	1.0000300407409668,
				"bytes":	527072,
				"bits_per_second":	4216449.3347377358,
				"packets":	364,
				"omitted":	false
			}
		}, {
			"streams":	[{
					"socket":	5,
					"start":	0.99961590766906738,
					"end":	1.9996979236602783,
					"seconds":	1.0000820159912109,
					"bytes":	612504,
					"bits_per_second":	4899630.1519765183,
					"packets":	423,
					"omitted":	false
				}],
			"sum":	{
				"start":	0.99961590766906738,
				"end":	1.9996979236602783,
				"seconds":	1.0000820159912109,
				"bytes":	612504,
				"bits_per_second":	4899630.1519765183,
				"packets":	423,
				"omitted":	false
			}
		}, {
			"streams":	[{
					"socket":	5,
					"start":	1.9996979236602783,
					"end":	2.9996118545532227,
					"seconds":	0.99991393089294434,
					"bytes":	712416,
					"bits_per_second":	5699818.5782954134,
					"packets":	492,
					"omitted":	false
				}],
			"sum":	{
				"start":	1.9996979236602783,
				"end":	2.9996118545532227,
				"seconds":	0.99991393089294434,
				"bytes":	712416,
				"bits_per_second":	5699818.5782954134,
				"packets":	492,
				"omitted":	false
			}
		}, {
			"streams":	[{
					"socket":	5,
					"start":	2.9996118545532227,
					"end":	3.9996089935302734,
					"seconds":	0.99999713897705078,
					"bytes":	587888,
					"bits_per_second":	4703117.4557269737,
					"packets":	406,
					"omitted":	false
				}],
			"sum":	{
				"start":	2.9996118545532227,
				"end":	3.9996089935302734,
				"seconds":	0.99999713897705078,
				"bytes":	587888,
				"bits_per_second":	4703117.4557269737,
				"packets":	406,
				"omitted":	false
			}
		}, {
			"streams":	[{
					"socket":	5,
					"start":	3.9996089935302734,
					"end":	4.9996199607849121,
					"seconds":	1.0000109672546387,
					"bytes":	598024,
					"bits_per_second":	4784139.5311235348,
					"packets":	413,
					"omitted":	false
				}],
			"sum":	{
				"start":	3.9996089935302734,
				"end":	4.9996199607849121,
				"seconds":	1.0000109672546387,
				"bytes":	598024,
				"bits_per_second":	4784139.5311235348,
				"packets":	413,
				"omitted":	false
			}
		}],
	"end":	{
		"streams":	[{
				"udp":	{
					"socket":	5,
					"start":	0,
					"end":	4.9996199607849121,
					"seconds":	4.9996199607849121,
					"bytes":	3037904,
					"bits_per_second":	4861015.8753315583,
					"jitter_ms":	1.6478656637540343,
					"lost_packets":	14,
					"packets":	2098,
					"lost_percent":	0.667302192564347,
					"out_of_order":	0
				}
			}],
		"sum":	{
			"start":	0,
			"end":	5.0980589389801025,
			"seconds":	5.0980589389801025,
			"bytes":	3037904,
			"bits_per_second":	4861015.8753315583,
			"jitter_ms":	1.6478656637540343,
			"lost_packets":	14,
			"packets":	2098,
			"lost_percent":	0.667302192564347
		},
		"cpu_utilization_percent":	{
			"host_total":	13.14817805031171,
			"host_user":	3.7475769063882987,
			"host_system":	9.4504113291531,
			"remote_total":	5.3293480674306988,
			"remote_user":	1.6396522570838103,
			"remote_system":	3.6892175784385728
		}
	}
}
