{
	"start":	{
		"connected":	[{
				"socket":	5,
				"local_host":	"10.120.139.104",
				"local_port":	38947,
				"remote_host":	"10.120.139.106",
				"remote_port":	5201
			}],
		"version":	"iperf 3.5",
		"system_info":	"Linux KN6GFJ-CHTEST-B 4.9.152 #0 Wed Jan 30 12:21:02 2019 mips",
		"timestamp":	{
			"time":	"Fri, 20 Mar 2020 10:50:28 GMT",
			"timesecs":	1584701428
		},
		"connecting_to":	{
			"host":	"10.120.139.106",
			"port":	5201
		},
		"cookie":	"kj7xdmb2zhgtbnrbv43ai7flsbvza4htknor",
		"sock_bufsize":	0,
		"sndbuf_actual":	163840,
		"rcvbuf_actual":	163840,
		"test_start":	{
			"protocol":	"UDP",
			"num_streams":	1,
			"blksize":	1448,
			"omit":	1,
			"duration":	5,
			"bytes":	0,
			"blocks":	0,
			"reverse":	0,
			"tos":	117
		}
	},
	"intervals":	[{
			"streams":	[{
					"socket":	5,
					"start":	0,
					"end":	1.0001881122589111,
					"seconds":	1.0001881122589111,
					"bytes":	897760,
					"bits_per_second":	7180729.2168063978,
					"packets":	620,
					"omitted":	true
				}],
			"sum":	{
				"start":	0,
				"end":	1.0001881122589111,
				"seconds":	1.0001881122589111,
				"bytes":	897760,
				"bits_per_second":	7180729.2168063978,
				"packets":	620,
				"omitted":	true
			}
		}, {
			"streams":	[{
					"socket":	5,
					"start":	0.00044989585876464844,
					"end":	1.0000770092010498,
					"seconds":	1.0005269050598145,
					"bytes":	1120752,
					"bits_per_second":	8961294.248717865,
					"packets":	774,
					"omitted":	false
				}],
			"sum":	{
				"start":	0.00044989585876464844,
				"end":	1.0000770092010498,
				"seconds":	1.0005269050598145,
				"bytes":	1120752,
				"bits_per_second":	8961294.248717865,
				"packets":	774,
				"omitted":	false
			}
		}, {
			"streams":	[{
					"socket":	5,
					"start":	1.0000770092010498,
					"end":	2.0000729560852051,
					"seconds":	0.99999594688415527,
					"bytes":	1164192,
					"bits_per_second":	9313573.7489933334,
					"packets":	804,
					"omitted":	false
				}],
			"sum":	{
				"start":	1.0000770092010498,
				"end":	2.0000729560852051,
				"seconds":	0.99999594688415527,
				"bytes":	1164192,
				"bits_per_second":	9313573.7489933334,
				"packets":	804,
				"omitted":	false
			}
		}, {
			"streams":	[{
					"socket":	5,
					"start":	2.0000729560852051,
					"end":	3.0002820491790771,
					"seconds":	1.0002090930938721,
					"bytes":	975952,
					"bits_per_second":	7805983.8226917982,
					"packets":	674,
					"omitted":	false
				}],
			"sum":	{
				"start":	2.0000729560852051,
				"end":	3.0002820491790771,
				"seconds":	1.0002090930938721,
				"bytes":	975952,
				"bits_per_second":	7805983.8226917982,
				"packets":	674,
				"omitted":	false
			}
		}, {
			"streams":	[{
					"socket":	5,
					"start":	3.0002820491790771,
					"end":	4.0000948905944824,
					"seconds":	0.99981284141540527,
					"bytes":	1114960,
					"bits_per_second":	8921349.7071838714,
					"packets":	770,
					"omitted":	false
				}],
			"sum":	{
				"start":	3.0002820491790771,
				"end":	4.0000948905944824,
				"seconds":	0.99981284141540527,
				"bytes":	1114960,
				"bits_per_second":	8921349.7071838714,
				"packets":	770,
				"omitted":	false
			}
		}, {
			"streams":	[{
					"socket":	5,
					"start":	4.0000948905944824,
					"end":	4.9995300769805908,
					"seconds":	0.9994351863861084,
					"bytes":	1161296,
					"bits_per_second":	9295618.2917607259,
					"packets":	802,
					"omitted":	false
				}],
			"sum":	{
				"start":	4.0000948905944824,
				"end":	4.9995300769805908,
				"seconds":	0.9994351863861084,
				"bytes":	1161296,
				"bits_per_second":	9295618.2917607259,
				"packets":	802,
				"omitted":	false
			}
		}],
	"end":	{
		"streams":	[{
				"udp":	{
					"socket":	5,
					"start":	0,
					"end":	4.9995300769805908,
					"seconds":	4.9995300769805908,
					"bytes":	5537152,
					"bits_per_second":	8860275.92952352,
					"jitter_ms":	1.5021325761723507,
					"lost_packets":	5,
					"packets":	3824,
					"lost_percent":	0.1307531380753138,
					"out_of_order":	0
				}
			}],
		"sum":	{
			"start":	0,
			"end":	5.1038839817047119,
			"seconds":	5.1038839817047119,
			"bytes":	5537152,
			"bits_per_second":	8860275.92952352,
			"jitter_ms":	1.5021325761723507,
			"lost_packets":	5,
			"packets":	3824,
			"lost_percent":	0.1307531380753138
		},
		"cpu_utilization_percent":	{
			"host_total":	20.39035718905965,
			"host_user":	5.4107878320235674,
			"host_system":	14.920657354974079,
			"remote_total":	7.4844462753904013,
			"remote_user":	2.0022495273439711,
			"remote_system":	5.3810456047369222
		}
	}
}
