{
	"start":	{
		"connected":	[{
				"socket":	5,
				"local_host":	"10.120.139.104",
				"local_port":	39005,
				"remote_host":	"10.120.139.106",
				"remote_port":	5201
			}],
		"version":	"iperf 3.5",
		"system_info":	"Linux KN6GFJ-CHTEST-B 4.9.152 #0 Wed Jan 30 12:21:02 2019 mips",
		"timestamp":	{
			"time":	"Fri, 20 Mar 2020 10:56:36 GMT",
			"timesecs":	1584701796
		},
		"connecting_to":	{
			"host":	"10.120.139.106",
			"port":	5201
		},
		"cookie":	"542zk2xxjoidnnogop3hptdseyyl3lzlc4wj",
		"sock_bufsize":	0,
		"sndbuf_actual":	163840,
		"rcvbuf_actual":	163840,
		"test_start":	{
			"protocol":	"UDP",
			"num_streams":	1,
			"blksize":	1448,
			"omit":	1,
			"duration":	5,
			"bytes":	0,
			"blocks":	0,
			"reverse":	0,
			"tos":	118
		}
	},
	"intervals":	[{
			"streams":	[{
					"socket":	5,
					"start":	0,
					"end":	1.0001649856567383,
					"seconds":	1.0001649856567383,
					"bytes":	1306096,
					"bits_per_second":	10447044.387520751,
					"packets":	902,
					"omitted":	true
				}],
			"sum":	{
				"start":	0,
				"end":	1.0001649856567383,
				"seconds":	1.0001649856567383,
				"bytes":	1306096,
				"bits_per_second":	10447044.387520751,
				"packets":	902,
				"omitted":	true
			}
		}, {
			"streams":	[{
					"socket":	5,
					"start":	0.0016891956329345703,
					"end":	0.998344898223877,
					"seconds":	1.0000340938568115,
					"bytes":	1416144,
					"bits_per_second":	11328765.758682372,
					"packets":	978,
					"omitted":	false
				}],
			"sum":	{
				"start":	0.0016891956329345703,
				"end":	0.998344898223877,
				"seconds":	1.0000340938568115,
				"bytes":	1416144,
				"bits_per_second":	11328765.758682372,
				"packets":	978,
				"omitted":	false
			}
		}, {
			"streams":	[{
					"socket":	5,
					"start":	0.998344898223877,
					"end":	1.9983479976654053,
					"seconds":	1.0000030994415283,
					"bytes":	1387184,
					"bits_per_second":	11097437.604141032,
					"packets":	958,
					"omitted":	false
				}],
			"sum":	{
				"start":	0.998344898223877,
				"end":	1.9983479976654053,
				"seconds":	1.0000030994415283,
				"bytes":	1387184,
				"bits_per_second":	11097437.604141032,
				"packets":	958,
				"omitted":	false
			}
		}, {
			"streams":	[{
					"socket":	5,
					"start":	1.9983479976654053,
					"end":	2.998399019241333,
					"seconds":	1.0000510215759277,
					"bytes":	1511712,
					"bits_per_second":	12093078.992052007,
					"packets":	1044,
					"omitted":	false
				}],
			"sum":	{
				"start":	1.9983479976654053,
				"end":	2.998399019241333,
				"seconds":	1.0000510215759277,
				"bytes":	1511712,
				"bits_per_second":	12093078.992052007,
				"packets":	1044,
				"omitted":	false
			}
		}, {
			"streams":	[{
					"socket":	5,
					"start":	2.998399019241333,
					"end":	3.9983248710632324,
					"seconds":	0.99992585182189941,
					"bytes":	1600040,
					"bits_per_second":	12801269.190787872,
					"packets":	1105,
					"omitted":	false
				}],
			"sum":	{
				"start":	2.998399019241333,
				"end":	3.9983248710632324,
				"seconds":	0.99992585182189941,
				"bytes":	1600040,
				"bits_per_second":	12801269.190787872,
				"packets":	1105,
				"omitted":	false
			}
		}, {
			"streams":	[{
					"socket":	5,
					"start":	3.9983248710632324,
					"end":	4.998694896697998,
					"seconds":	1.0003700256347656,
					"bytes":	1468272,
					"bits_per_second":	11741831.221448973,
					"packets":	1014,
					"omitted":	false
				}],
			"sum":	{
				"start":	3.9983248710632324,
				"end":	4.998694896697998,
				"seconds":	1.0003700256347656,
				"bytes":	1468272,
				"bits_per_second":	11741831.221448973,
				"packets":	1014,
				"omitted":	false
			}
		}],
	"end":	{
		"streams":	[{
				"udp":	{
					"socket":	5,
					"start":	0,
					"end":	4.998694896697998,
					"seconds":	4.998694896697998,
					"bytes":	7383352,
					"bits_per_second":	11816447.536939679,
					"jitter_ms":	1.3491356695176733,
					"lost_packets":	0,
					"packets":	5099,
					"lost_percent":	0,
					"out_of_order":	0
				}
			}],
		"sum":	{
			"start":	0,
			"end":	5.0729360580444336,
			"seconds":	5.0729360580444336,
			"bytes":	7383352,
			"bits_per_second":	11816447.536939679,
			"jitter_ms":	1.3491356695176733,
			"lost_packets":	0,
			"packets":	5099,
			"lost_percent":	0
		},
		"cpu_utilization_percent":	{
			"host_total":	26.434869367906476,
			"host_user":	2.7869578895581051,
			"host_system":	23.607172711551005,
			"remote_total":	11.816900093497019,
			"remote_user":	3.6532843703023161,
			"remote_system":	8.1184097117829239
		}
	}
}
