{
	"start":	{
		"connected":	[{
				"socket":	5,
				"local_host":	"10.120.139.104",
				"local_port":	55032,
				"remote_host":	"10.120.139.106",
				"remote_port":	5201
			}],
		"version":	"iperf 3.5",
		"system_info":	"Linux KN6GFJ-CHTEST-B 4.9.152 #0 Wed Jan 30 12:21:02 2019 mips",
		"timestamp":	{
			"time":	"Fri, 20 Mar 2020 10:57:29 GMT",
			"timesecs":	1584701849
		},
		"connecting_to":	{
			"host":	"10.120.139.106",
			"port":	5201
		},
		"cookie":	"ysjyydqji5ihfrj4gku7bzvw6bopgt6vbadu",
		"sock_bufsize":	0,
		"sndbuf_actual":	163840,
		"rcvbuf_actual":	163840,
		"test_start":	{
			"protocol":	"UDP",
			"num_streams":	1,
			"blksize":	1448,
			"omit":	1,
			"duration":	5,
			"bytes":	0,
			"blocks":	0,
			"reverse":	0,
			"tos":	118
		}
	},
	"intervals":	[{
			"streams":	[{
					"socket":	5,
					"start":	0,
					"end":	1.0001959800720215,
					"seconds":	1.0001959800720215,
					"bytes":	1530536,
					"bits_per_second":	12241888.833744684,
					"packets":	1057,
					"omitted":	true
				}],
			"sum":	{
				"start":	0,
				"end":	1.0001959800720215,
				"seconds":	1.0001959800720215,
				"bytes":	1530536,
				"bits_per_second":	12241888.833744684,
				"packets":	1057,
				"omitted":	true
			}
		}, {
			"streams":	[{
					"socket":	5,
					"start":	0.00039911270141601562,
					"end":	0.99965000152587891,
					"seconds":	1.0000491142272949,
					"bytes":	1462480,
					"bits_per_second":	11699265.39961998,
					"packets":	1010,
					"omitted":	false
				}],
			"sum":	{
				"start":	0.00039911270141601562,
				"end":	0.99965000152587891,
				"seconds":	1.0000491142272949,
				"bytes":	1462480,
				"bits_per_second":	11699265.39961998,
				"packets":	1010,
				"omitted":	false
			}
		}, {
			"streams":	[{
					"socket":	5,
					"start":	0.99965000152587891,
					"end":	1.9996168613433838,
					"seconds":	0.99996685981750488,
					"bytes":	1054144,
					"bits_per_second":	8433431.4854584876,
					"packets":	728,
					"omitted":	false
				}],
			"sum":	{
				"start":	0.99965000152587891,
				"end":	1.9996168613433838,
				"seconds":	0.99996685981750488,
				"bytes":	1054144,
				"bits_per_second":	8433431.4854584876,
				"packets":	728,
				"omitted":	false
			}
		}, {
			"streams":	[{
					"socket":	5,
					"start":	1.9996168613433838,
					"end":	2.9996950626373291,
					"seconds":	1.0000782012939453,
					"bytes":	1352432,
					"bits_per_second":	10818609.970701601,
					"packets":	934,
					"omitted":	false
				}],
			"sum":	{
				"start":	1.9996168613433838,
				"end":	2.9996950626373291,
				"seconds":	1.0000782012939453,
				"bytes":	1352432,
				"bits_per_second":	10818609.970701601,
				"packets":	934,
				"omitted":	false
			}
		}, {
			"streams":	[{
					"socket":	5,
					"start":	2.9996950626373291,
					"end":	3.9996190071105957,
					"seconds":	0.9999239444732666,
					"bytes":	1600040,
					"bits_per_second":	12801293.609128311,
					"packets":	1105,
					"omitted":	false
				}],
			"sum":	{
				"start":	2.9996950626373291,
				"end":	3.9996190071105957,
				"seconds":	0.9999239444732666,
				"bytes":	1600040,
				"bits_per_second":	12801293.609128311,
				"packets":	1105,
				"omitted":	false
			}
		}, {
			"streams":	[{
					"socket":	5,
					"start":	3.9996190071105957,
					"end":	4.9997909069061279,
					"seconds":	1.0001718997955322,
					"bytes":	1466824,
					"bits_per_second":	11732575.172726741,
					"packets":	1013,
					"omitted":	false
				}],
			"sum":	{
				"start":	3.9996190071105957,
				"end":	4.9997909069061279,
				"seconds":	1.0001718997955322,
				"bytes":	1466824,
				"bits_per_second":	11732575.172726741,
				"packets":	1013,
				"omitted":	false
			}
		}],
	"end":	{
		"streams":	[{
				"udp":	{
					"socket":	5,
					"start":	0,
					"end":	4.9997909069061279,
					"seconds":	4.9997909069061279,
					"bytes":	6935920,
					"bits_per_second":	11097936.100358963,
					"jitter_ms":	0.93052972560122937,
					"lost_packets":	1,
					"packets":	4790,
					"lost_percent":	0.020876826722338204,
					"out_of_order":	0
				}
			}],
		"sum":	{
			"start":	0,
			"end":	5.0674889087677,
			"seconds":	5.0674889087677,
			"bytes":	6935920,
			"bits_per_second":	11097936.100358963,
			"jitter_ms":	0.93052972560122937,
			"lost_packets":	1,
			"packets":	4790,
			"lost_percent":	0.020876826722338204
		},
		"cpu_utilization_percent":	{
			"host_total":	26.789016315304536,
			"host_user":	3.763396258955042,
			"host_system":	23.071255326637434,
			"remote_total":	11.48614642446667,
			"remote_user":	2.5830750937996139,
			"remote_system":	8.9727871679355
		}
	}
}
