{
	"start":	{
		"connected":	[{
				"socket":	5,
				"local_host":	"10.120.139.104",
				"local_port":	45983,
				"remote_host":	"10.120.139.106",
				"remote_port":	5201
			}],
		"version":	"iperf 3.5",
		"system_info":	"Linux KN6GFJ-CHTEST-B 4.9.152 #0 Wed Jan 30 12:21:02 2019 mips",
		"timestamp":	{
			"time":	"Fri, 20 Mar 2020 10:51:59 GMT",
			"timesecs":	1584701519
		},
		"connecting_to":	{
			"host":	"10.120.139.106",
			"port":	5201
		},
		"cookie":	"hhxwfwuhmqrbgzcast6jyeuuh66il6q3zfas",
		"sock_bufsize":	0,
		"sndbuf_actual":	163840,
		"rcvbuf_actual":	163840,
		"test_start":	{
			"protocol":	"UDP",
			"num_streams":	1,
			"blksize":	1448,
			"omit":	1,
			"duration":	5,
			"bytes":	0,
			"blocks":	0,
			"reverse":	0,
			"tos":	118
		}
	},
	"intervals":	[{
			"streams":	[{
					"socket":	5,
					"start":	0,
					"end":	1.0001640319824219,
					"seconds":	1.0001640319824219,
					"bytes":	1099032,
					"bits_per_second":	8790814.02534832,
					"packets":	759,
					"omitted":	true
				}],
			"sum":	{
				"start":	0,
				"end":	1.0001640319824219,
				"seconds":	1.0001640319824219,
				"bytes":	1099032,
				"bits_per_second":	8790814.02534832,
				"packets":	759,
				"omitted":	true
			}
		}, {
			"streams":	[{
					"socket":	5,
					"start":	0.00039601325988769531,
					"end":	0.99963212013244629,
					"seconds":	1.000028133392334,
					"bytes":	1145368,
					"bits_per_second":	9162686.2225536685,
					"packets":	791,
					"omitted":	false
				}],
			"sum":	{
				"start":	0.00039601325988769531,
				"end":	0.99963212013244629,
				"seconds":	1.000028133392334,
				"bytes":	1145368,
				"bits_per_second":	9162686.2225536685,
				"packets":	791,
				"omitted":	false
			}
		}, {
			"streams":	[{
					"socket":	5,
					"start":	0.99963212013244629,
					"end":	1.9997391700744629,
					"seconds":	1.0001070499420166,
					"bytes":	1387184,
					"bits_per_second":	11096284.143425846,
					"packets":	958,
					"omitted":	false
				}],
			"sum":	{
				"start":	0.99963212013244629,
				"end":	1.9997391700744629,
				"seconds":	1.0001070499420166,
				"bytes":	1387184,
				"bits_per_second":	11096284.143425846,
				"packets":	958,
				"omitted":	false
			}
		}, {
			"streams":	[{
					"socket":	5,
					"start":	1.9997391700744629,
					"end":	2.9996330738067627,
					"seconds":	0.9998939037322998,
					"bytes":	1282928,
					"bits_per_second":	10264513.026521875,
					"packets":	886,
					"omitted":	false
				}],
			"sum":	{
				"start":	1.9997391700744629,
				"end":	2.9996330738067627,
				"seconds":	0.9998939037322998,
				"bytes":	1282928,
				"bits_per_second":	10264513.026521875,
				"packets":	886,
				"omitted":	false
			}
		}, {
			"streams":	[{
					"socket":	5,
					"start":	2.9996330738067627,
					"end":	3.9996349811553955,
					"seconds":	1.0000019073486328,
					"bytes":	971608,
					"bits_per_second":	7772849.1744667543,
					"packets":	671,
					"omitted":	false
				}],
			"sum":	{
				"start":	2.9996330738067627,
				"end":	3.9996349811553955,
				"seconds":	1.0000019073486328,
				"bytes":	971608,
				"bits_per_second":	7772849.1744667543,
				"packets":	671,
				"omitted":	false
			}
		}, {
			"streams":	[{
					"socket":	5,
					"start":	3.9996349811553955,
					"end":	5.0002191066741943,
					"seconds":	1.0005841255187988,
					"bytes":	1094688,
					"bits_per_second":	8752391.5047715455,
					"packets":	756,
					"omitted":	false
				}],
			"sum":	{
				"start":	3.9996349811553955,
				"end":	5.0002191066741943,
				"seconds":	1.0005841255187988,
				"bytes":	1094688,
				"bits_per_second":	8752391.5047715455,
				"packets":	756,
				"omitted":	false
			}
		}],
	"end":	{
		"streams":	[{
				"udp":	{
					"socket":	5,
					"start":	0,
					"end":	5.0002191066741943,
					"seconds":	5.0002191066741943,
					"bytes":	5881776,
					"bits_per_second":	9410429.2224300671,
					"jitter_ms":	3.7544646432621396,
					"lost_packets":	2,
					"packets":	4062,
					"lost_percent":	0.049236829148202856,
					"out_of_order":	0
				}
			}],
		"sum":	{
			"start":	0,
			"end":	5.0749819278717041,
			"seconds":	5.0749819278717041,
			"bytes":	5881776,
			"bits_per_second":	9410429.2224300671,
			"jitter_ms":	3.7544646432621396,
			"lost_packets":	2,
			"packets":	4062,
			"lost_percent":	0.049236829148202856
		},
		"cpu_utilization_percent":	{
			"host_total":	21.559852370582718,
			"host_user":	5.403951959194595,
			"host_system":	16.211855877583787,
			"remote_total":	8.8028985304345291,
			"remote_user":	2.0588493255827265,
			"remote_system":	6.8628310852757544
		}
	}
}
