{
	"start":	{
		"connected":	[{
				"socket":	5,
				"local_host":	"10.120.139.104",
				"local_port":	42827,
				"remote_host":	"10.120.139.106",
				"remote_port":	5201
			}],
		"version":	"iperf 3.5",
		"system_info":	"Linux KN6GFJ-CHTEST-B 4.9.152 #0 Wed Jan 30 12:21:02 2019 mips",
		"timestamp":	{
			"time":	"Fri, 20 Mar 2020 10:41:53 GMT",
			"timesecs":	1584700913
		},
		"connecting_to":	{
			"host":	"10.120.139.106",
			"port":	5201
		},
		"cookie":	"g54kygykjzqwppobz4pfcazss7uffthyyrxp",
		"sock_bufsize":	0,
		"sndbuf_actual":	163840,
		"rcvbuf_actual":	163840,
		"test_start":	{
			"protocol":	"UDP",
			"num_streams":	1,
			"blksize":	1448,
			"omit":	1,
			"duration":	5,
			"bytes":	0,
			"blocks":	0,
			"reverse":	0,
			"tos":	118
		}
	},
	"intervals":	[{
			"streams":	[{
					"socket":	5,
					"start":	0,
					"end":	1.0001621246337891,
					"seconds":	1.0001621246337891,
					"bytes":	716760,
					"bits_per_second":	5733150.5150722861,
					"packets":	495,
					"omitted":	true
				}],
			"sum":	{
				"start":	0,
				"end":	1.0001621246337891,
				"seconds":	1.0001621246337891,
				"bytes":	716760,
				"bits_per_second":	5733150.5150722861,
				"packets":	495,
				"omitted":	true
			}
		}, {
			"streams":	[{
					"socket":	5,
					"start":	0.0004329681396484375,
					"end":	1.0003170967102051,
					"seconds":	1.0007500648498535,
					"bytes":	648704,
					"bits_per_second":	5185742.3569376646,
					"packets":	448,
					"omitted":	false
				}],
			"sum":	{
				"start":	0.0004329681396484375,
				"end":	1.0003170967102051,
				"seconds":	1.0007500648498535,
				"bytes":	648704,
				"bits_per_second":	5185742.3569376646,
				"packets":	448,
				"omitted":	false
			}
		}, {
			"streams":	[{
					"socket":	5,
					"start":	1.0003170967102051,
					"end":	2.0000720024108887,
					"seconds":	0.99975490570068359,
					"bytes":	501008,
					"bits_per_second":	4009046.5944659975,
					"packets":	346,
					"omitted":	false
				}],
			"sum":	{
				"start":	1.0003170967102051,
				"end":	2.0000720024108887,
				"seconds":	0.99975490570068359,
				"bytes":	501008,
				"bits_per_second":	4009046.5944659975,
				"packets":	346,
				"omitted":	false
			}
		}, {
			"streams":	[{
					"socket":	5,
					"start":	2.0000720024108887,
					"end":	3.0004251003265381,
					"seconds":	1.0003530979156494,
					"bytes":	667528,
					"bits_per_second":	5338339.0436106715,
					"packets":	461,
					"omitted":	false
				}],
			"sum":	{
				"start":	2.0000720024108887,
				"end":	3.0004251003265381,
				"seconds":	1.0003530979156494,
				"bytes":	667528,
				"bits_per_second":	5338339.0436106715,
				"packets":	461,
				"omitted":	false
			}
		}, {
			"streams":	[{
					"socket":	5,
					"start":	3.0004251003265381,
					"end":	4.0000159740448,
					"seconds":	0.99959087371826172,
					"bytes":	790608,
					"bits_per_second":	6327452.7272071568,
					"packets":	546,
					"omitted":	false
				}],
			"sum":	{
				"start":	3.0004251003265381,
				"end":	4.0000159740448,
				"seconds":	0.99959087371826172,
				"bytes":	790608,
				"bits_per_second":	6327452.7272071568,
				"packets":	546,
				"omitted":	false
			}
		}, {
			"streams":	[{
					"socket":	5,
					"start":	4.0000159740448,
					"end":	5.0000948905944824,
					"seconds":	1.0000789165496826,
					"bytes":	732688,
					"bits_per_second":	5861041.4668298913,
					"packets":	506,
					"omitted":	false
				}],
			"sum":	{
				"start":	4.0000159740448,
				"end":	5.0000948905944824,
				"seconds":	1.0000789165496826,
				"bytes":	732688,
				"bits_per_second":	5861041.4668298913,
				"packets":	506,
				"omitted":	false
			}
		}],
	"end":	{
		"streams":	[{
				"udp":	{
					"socket":	5,
					"start":	0,
					"end":	5.0000948905944824,
					"seconds":	5.0000948905944824,
					"bytes":	3340536,
					"bits_per_second":	5344756.1665819976,
					"jitter_ms":	1.4246675258909534,
					"lost_packets":	0,
					"packets":	2307,
					"lost_percent":	0,
					"out_of_order":	0
				}
			}],
		"sum":	{
			"start":	0,
			"end":	5.0926110744476318,
			"seconds":	5.0926110744476318,
			"bytes":	3340536,
			"bits_per_second":	5344756.1665819976,
			"jitter_ms":	1.4246675258909534,
			"lost_packets":	0,
			"packets":	2307,
			"lost_percent":	0
		},
		"cpu_utilization_percent":	{
			"host_total":	16.847870636136921,
			"host_user":	2.9509377096395331,
			"host_system":	13.934983628853351,
			"remote_total":	5.1273085691332216,
			"remote_user":	1.0814166125057181,
			"remote_system":	4.0853516472438232
		}
	}
}
