{
	"start":	{
		"connected":	[{
				"socket":	5,
				"local_host":	"10.120.139.104",
				"local_port":	49576,
				"remote_host":	"10.120.139.106",
				"remote_port":	5201
			}],
		"version":	"iperf 3.5",
		"system_info":	"Linux KN6GFJ-CHTEST-B 4.9.152 #0 Wed Jan 30 12:21:02 2019 mips",
		"timestamp":	{
			"time":	"Fri, 20 Mar 2020 10:53:51 GMT",
			"timesecs":	1584701631
		},
		"connecting_to":	{
			"host":	"10.120.139.106",
			"port":	5201
		},
		"cookie":	"qa4kfngmjmd57dpv33djyrldqd5s5tobeztm",
		"sock_bufsize":	0,
		"sndbuf_actual":	163840,
		"rcvbuf_actual":	163840,
		"test_start":	{
			"protocol":	"UDP",
			"num_streams":	1,
			"blksize":	1448,
			"omit":	1,
			"duration":	5,
			"bytes":	0,
			"blocks":	0,
			"reverse":	0,
			"tos":	117
		}
	},
	"intervals":	[{
			"streams":	[{
					"socket":	5,
					"start":	0,
					"end":	1.0001599788665771,
					"seconds":	1.0001599788665771,
					"bytes":	125976,
					"bits_per_second":	1007646.7978073767,
					"packets":	87,
					"omitted":	true
				}],
			"sum":	{
				"start":	0,
				"end":	1.0001599788665771,
				"seconds":	1.0001599788665771,
				"bytes":	125976,
				"bits_per_second":	1007646.7978073767,
				"packets":	87,
				"omitted":	true
			}
		}, {
			"streams":	[{
					"socket":	5,
					"start":	0.00043797492980957031,
					"end":	1.0000689029693604,
					"seconds":	1.00050687789917,
					"bytes":	124528,
					"bits_per_second":	995719.29189716023,
					"packets":	86,
					"omitted":	false
				}],
			"sum":	{
				"start":	0.00043797492980957031,
				"end":	1.0000689029693604,
				"seconds":	1.00050687789917,
				"bytes":	124528,
				"bits_per_second":	995719.29189716023,
				"packets":	86,
				"omitted":	false
			}
		}, {
			"streams":	[{
					"socket":	5,
					"start":	1.0000689029693604,
					"end":	2.0000920295715332,
					"seconds":	1.0000231266021729,
					"bytes":	125976,
					"bits_per_second":	1007784.6933643207,
					"packets":	87,
					"omitted":	false
				}],
			"sum":	{
				"start":	1.0000689029693604,
				"end":	2.0000920295715332,
				"seconds":	1.0000231266021729,
				"bytes":	125976,
				"bits_per_second":	1007784.6933643207,
				"packets":	87,
				"omitted":	false
			}
		}, {
			"streams":	[{
					"socket":	5,
					"start":	2.0000920295715332,
					"end":	3.0000698566436768,
					"seconds":	0.99997782707214355,
					"bytes":	124528,
					"bits_per_second":	996246.089692674,
					"packets":	86,
					"omitted":	false
				}],
			"sum":	{
				"start":	2.0000920295715332,
				"end":	3.0000698566436768,
				"seconds":	0.99997782707214355,
				"bytes":	124528,
				"bits_per_second":	996246.089692674,
				"packets":	86,
				"omitted":	false
			}
		}, {
			"streams":	[{
					"socket":	5,
					"start":	3.0000698566436768,
					"end":	4.0000698566436768,
					"seconds":	1,
					"bytes":	124528,
					"bits_per_second":	996224,
					"packets":	86,
					"omitted":	false
				}],
			"sum":	{
				"start":	3.0000698566436768,
				"end":	4.0000698566436768,
				"seconds":	1,
				"bytes":	124528,
				"bits_per_second":	996224,
				"packets":	86,
				"omitted":	false
			}
		}, {
			"streams":	[{
					"socket":	5,
					"start":	4.0000698566436768,
					"end":	4.9996249675750732,
					"seconds":	0.99955511093139648,
					"bytes":	124528,
					"bits_per_second":	996667.406434156,
					"packets":	86,
					"omitted":	false
				}],
			"sum":	{
				"start":	4.0000698566436768,
				"end":	4.9996249675750732,
				"seconds":	0.99955511093139648,
				"bytes":	124528,
				"bits_per_second":	996667.406434156,
				"packets":	86,
				"omitted":	false
			}
		}],
	"end":	{
		"streams":	[{
				"udp":	{
					"socket":	5,
					"start":	0,
					"end":	4.9996249675750732,
					"seconds":	4.9996249675750732,
					"bytes":	624088,
					"bits_per_second":	998615.70265370724,
					"jitter_ms":	0.12700462408805294,
					"lost_packets":	0,
					"packets":	431,
					"lost_percent":	0,
					"out_of_order":	0
				}
			}],
		"sum":	{
			"start":	0,
			"end":	5.0466258525848389,
			"seconds":	5.0466258525848389,
			"bytes":	624088,
			"bits_per_second":	998615.70265370724,
			"jitter_ms":	0.12700462408805294,
			"lost_packets":	0,
			"packets":	431,
			"lost_percent":	0
		},
		"cpu_utilization_percent":	{
			"host_total":	8.2702708463651735,
			"host_user":	2.2955166101122426,
			"host_system":	5.9027569974314815,
			"remote_total":	0.8948025739540596,
			"remote_user":	0.84646028648166249,
			"remote_system":	0
		}
	}
}
