{
	"start":	{
		"connected":	[{
				"socket":	5,
				"local_host":	"10.120.139.104",
				"local_port":	33208,
				"remote_host":	"10.120.139.106",
				"remote_port":	5201
			}],
		"version":	"iperf 3.5",
		"system_info":	"Linux KN6GFJ-CHTEST-B 4.9.152 #0 Wed Jan 30 12:21:02 2019 mips",
		"timestamp":	{
			"time":	"Fri, 20 Mar 2020 10:55:28 GMT",
			"timesecs":	1584701728
		},
		"connecting_to":	{
			"host":	"10.120.139.106",
			"port":	5201
		},
		"cookie":	"dmsgadhemarcspir4jwfcuoh35sfmqy5y45w",
		"sock_bufsize":	0,
		"sndbuf_actual":	163840,
		"rcvbuf_actual":	163840,
		"test_start":	{
			"protocol":	"UDP",
			"num_streams":	1,
			"blksize":	1448,
			"omit":	1,
			"duration":	5,
			"bytes":	0,
			"blocks":	0,
			"reverse":	0,
			"tos":	118
		}
	},
	"intervals":	[{
			"streams":	[{
					"socket":	5,
					"start":	0,
					"end":	1.0001580715179443,
					"seconds":	1.0001580715179443,
					"bytes":	1459584,
					"bits_per_second":	11674826.542446699,
					"packets":	1008,
					"omitted":	true
				}],
			"sum":	{
				"start":	0,
				"end":	1.0001580715179443,
				"seconds":	1.0001580715179443,
				"bytes":	1459584,
				"bits_per_second":	11674826.542446699,
				"packets":	1008,
				"omitted":	true
			}
		}, {
			"streams":	[{
					"socket":	5,
					"start":	0.00041985511779785156,
					"end":	1.0000710487365723,
					"seconds":	1.0004909038543701,
					"bytes":	1476960,
					"bits_per_second":	11809882.483169354,
					"packets":	1020,
					"omitted":	false
				}],
			"sum":	{
				"start":	0.00041985511779785156,
				"end":	1.0000710487365723,
				"seconds":	1.0004909038543701,
				"bytes":	1476960,
				"bits_per_second":	11809882.483169354,
				"packets":	1020,
				"omitted":	false
			}
		}, {
			"streams":	[{
					"socket":	5,
					"start":	1.0000710487365723,
					"end":	2.0006849765777588,
					"seconds":	1.0006139278411865,
					"bytes":	1453792,
					"bits_per_second":	11623200.193797342,
					"packets":	1004,
					"omitted":	false
				}],
			"sum":	{
				"start":	1.0000710487365723,
				"end":	2.0006849765777588,
				"seconds":	1.0006139278411865,
				"bytes":	1453792,
				"bits_per_second":	11623200.193797342,
				"packets":	1004,
				"omitted":	false
			}
		}, {
			"streams":	[{
					"socket":	5,
					"start":	2.0006849765777588,
					"end":	3.000108003616333,
					"seconds":	0.99942302703857422,
					"bytes":	1573976,
					"bits_per_second":	12599077.326956566,
					"packets":	1087,
					"omitted":	false
				}],
			"sum":	{
				"start":	2.0006849765777588,
				"end":	3.000108003616333,
				"seconds":	0.99942302703857422,
				"bytes":	1573976,
				"bits_per_second":	12599077.326956566,
				"packets":	1087,
				"omitted":	false
			}
		}, {
			"streams":	[{
					"socket":	5,
					"start":	3.000108003616333,
					"end":	4.0005800724029541,
					"seconds":	1.0004720687866211,
					"bytes":	1527640,
					"bits_per_second":	12215353.512889022,
					"packets":	1055,
					"omitted":	false
				}],
			"sum":	{
				"start":	3.000108003616333,
				"end":	4.0005800724029541,
				"seconds":	1.0004720687866211,
				"bytes":	1527640,
				"bits_per_second":	12215353.512889022,
				"packets":	1055,
				"omitted":	false
			}
		}, {
			"streams":	[{
					"socket":	5,
					"start":	4.0005800724029541,
					"end":	4.9997680187225342,
					"seconds":	0.99918794631958008,
					"bytes":	1468272,
					"bits_per_second":	11755722.277541472,
					"packets":	1014,
					"omitted":	false
				}],
			"sum":	{
				"start":	4.0005800724029541,
				"end":	4.9997680187225342,
				"seconds":	0.99918794631958008,
				"bytes":	1468272,
				"bits_per_second":	11755722.277541472,
				"packets":	1014,
				"omitted":	false
			}
		}],
	"end":	{
		"streams":	[{
				"udp":	{
					"socket":	5,
					"start":	0,
					"end":	4.9997680187225342,
					"seconds":	4.9997680187225342,
					"bytes":	7500640,
					"bits_per_second":	12001580.828410437,
					"jitter_ms":	1.5827770929523066,
					"lost_packets":	0,
					"packets":	5180,
					"lost_percent":	0,
					"out_of_order":	0
				}
			}],
		"sum":	{
			"start":	0,
			"end":	5.0787742137908936,
			"seconds":	5.0787742137908936,
			"bytes":	7500640,
			"bits_per_second":	12001580.828410437,
			"jitter_ms":	1.5827770929523066,
			"lost_packets":	0,
			"packets":	5180,
			"lost_percent":	0
		},
		"cpu_utilization_percent":	{
			"host_total":	27.502498081990833,
			"host_user":	4.0965595126863894,
			"host_system":	23.432320412566146,
			"remote_total":	11.679204466904256,
			"remote_user":	2.716843224820459,
			"remote_system":	9.0561440827348623
		}
	}
}
