{
	"start":	{
		"connected":	[{
				"socket":	5,
				"local_host":	"10.120.139.104",
				"local_port":	33033,
				"remote_host":	"10.120.139.106",
				"remote_port":	5201
			}],
		"version":	"iperf 3.5",
		"system_info":	"Linux KN6GFJ-CHTEST-B 4.9.152 #0 Wed Jan 30 12:21:02 2019 mips",
		"timestamp":	{
			"time":	"Fri, 20 Mar 2020 10:59:05 GMT",
			"timesecs":	1584701945
		},
		"connecting_to":	{
			"host":	"10.120.139.106",
			"port":	5201
		},
		"cookie":	"6ppznyi24ltkpnk2xlhh6hfs2ngdyi5cpimv",
		"sock_bufsize":	0,
		"sndbuf_actual":	163840,
		"rcvbuf_actual":	163840,
		"test_start":	{
			"protocol":	"UDP",
			"num_streams":	1,
			"blksize":	1448,
			"omit":	1,
			"duration":	5,
			"bytes":	0,
			"blocks":	0,
			"reverse":	0,
			"tos":	117
		}
	},
	"intervals":	[{
			"streams":	[{
					"socket":	5,
					"start":	0,
					"end":	1.0006599426269531,
					"seconds":	1.0006599426269531,
					"bytes":	1000568,
					"bits_per_second":	7999264.94407911,
					"packets":	691,
					"omitted":	true
				}],
			"sum":	{
				"start":	0,
				"end":	1.0006599426269531,
				"seconds":	1.0006599426269531,
				"bytes":	1000568,
				"bits_per_second":	7999264.94407911,
				"packets":	691,
				"omitted":	true
			}
		}, {
			"streams":	[{
					"socket":	5,
					"start":	0.0014870166778564453,
					"end":	0.99855804443359375,
					"seconds":	1.0000450611114502,
					"bytes":	1000568,
					"bits_per_second":	8004183.3226032322,
					"packets":	691,
					"omitted":	false
				}],
			"sum":	{
				"start":	0.0014870166778564453,
				"end":	0.99855804443359375,
				"seconds":	1.0000450611114502,
				"bytes":	1000568,
				"bits_per_second":	8004183.3226032322,
				"packets":	691,
				"omitted":	false
			}
		}, {
			"streams":	[{
					"socket":	5,
					"start":	0.99855804443359375,
					"end":	1.9990110397338867,
					"seconds":	1.000452995300293,
					"bytes":	1000568,
					"bits_per_second":	8000919.6210136591,
					"packets":	691,
					"omitted":	false
				}],
			"sum":	{
				"start":	0.99855804443359375,
				"end":	1.9990110397338867,
				"seconds":	1.000452995300293,
				"bytes":	1000568,
				"bits_per_second":	8000919.6210136591,
				"packets":	691,
				"omitted":	false
			}
		}, {
			"streams":	[{
					"socket":	5,
					"start":	1.9990110397338867,
					"end":	2.9988610744476318,
					"seconds":	0.99985003471374512,
					"bytes":	999120,
					"bits_per_second":	7994158.8463197555,
					"packets":	690,
					"omitted":	false
				}],
			"sum":	{
				"start":	1.9990110397338867,
				"end":	2.9988610744476318,
				"seconds":	0.99985003471374512,
				"bytes":	999120,
				"bits_per_second":	7994158.8463197555,
				"packets":	690,
				"omitted":	false
			}
		}, {
			"streams":	[{
					"socket":	5,
					"start":	2.9988610744476318,
					"end":	3.9986019134521484,
					"seconds":	0.9997408390045166,
					"bytes":	1000568,
					"bits_per_second":	8006619.0033513652,
					"packets":	691,
					"omitted":	false
				}],
			"sum":	{
				"start":	2.9988610744476318,
				"end":	3.9986019134521484,
				"seconds":	0.9997408390045166,
				"bytes":	1000568,
				"bits_per_second":	8006619.0033513652,
				"packets":	691,
				"omitted":	false
			}
		}, {
			"streams":	[{
					"socket":	5,
					"start":	3.9986019134521484,
					"end":	4.99847412109375,
					"seconds":	0.99987220764160156,
					"bytes":	999120,
					"bits_per_second":	7993981.5697577931,
					"packets":	690,
					"omitted":	false
				}],
			"sum":	{
				"start":	3.9986019134521484,
				"end":	4.99847412109375,
				"seconds":	0.99987220764160156,
				"bytes":	999120,
				"bits_per_second":	7993981.5697577931,
				"packets":	690,
				"omitted":	false
			}
		}],
	"end":	{
		"streams":	[{
				"udp":	{
					"socket":	5,
					"start":	0,
					"end":	4.99847412109375,
					"seconds":	4.99847412109375,
					"bytes":	4999944,
					"bits_per_second":	8002352.5241834056,
					"jitter_ms":	1.1560806596812663,
					"lost_packets":	0,
					"packets":	3453,
					"lost_percent":	0,
					"out_of_order":	0
				}
			}],
		"sum":	{
			"start":	0,
			"end":	5.0457761287689209,
			"seconds":	5.0457761287689209,
			"bytes":	4999944,
			"bits_per_second":	8002352.5241834056,
			"jitter_ms":	1.1560806596812663,
			"lost_packets":	0,
			"packets":	3453,
			"lost_percent":	0
		},
		"cpu_utilization_percent":	{
			"host_total":	30.257535250902883,
			"host_user":	6.8856624277763689,
			"host_system":	23.280096779624866,
			"remote_total":	10.34099352696261,
			"remote_user":	3.1595225054848624,
			"remote_system":	7.1432682732701229
		}
	}
}
