{
	"start":	{
		"connected":	[{
				"socket":	5,
				"local_host":	"10.120.139.104",
				"local_port":	44068,
				"remote_host":	"10.120.139.106",
				"remote_port":	5201
			}],
		"version":	"iperf 3.5",
		"system_info":	"Linux KN6GFJ-CHTEST-B 4.9.152 #0 Wed Jan 30 12:21:02 2019 mips",
		"timestamp":	{
			"time":	"Fri, 20 Mar 2020 10:52:21 GMT",
			"timesecs":	1584701541
		},
		"connecting_to":	{
			"host":	"10.120.139.106",
			"port":	5201
		},
		"cookie":	"sg6c7e67a4qmf7xklgwcf4izg5oc5zprjkij",
		"sock_bufsize":	0,
		"sndbuf_actual":	163840,
		"rcvbuf_actual":	163840,
		"test_start":	{
			"protocol":	"UDP",
			"num_streams":	1,
			"blksize":	1448,
			"omit":	1,
			"duration":	5,
			"bytes":	0,
			"blocks":	0,
			"reverse":	0,
			"tos":	118
		}
	},
	"intervals":	[{
			"streams":	[{
					"socket":	5,
					"start":	0,
					"end":	1.000187873840332,
					"seconds":	1.000187873840332,
					"bytes":	1183016,
					"bits_per_second":	9462350.2719158474,
					"packets":	817,
					"omitted":	true
				}],
			"sum":	{
				"start":	0,
				"end":	1.000187873840332,
				"seconds":	1.000187873840332,
				"bytes":	1183016,
				"bits_per_second":	9462350.2719158474,
				"packets":	817,
				"omitted":	true
			}
		}, {
			"streams":	[{
					"socket":	5,
					"start":	0.00055193901062011719,
					"end":	0.99945902824401855,
					"seconds":	1.0000109672546387,
					"bytes":	670424,
					"bits_per_second":	5363333.1789593147,
					"packets":	463,
					"omitted":	false
				}],
			"sum":	{
				"start":	0.00055193901062011719,
				"end":	0.99945902824401855,
				"seconds":	1.0000109672546387,
				"bytes":	670424,
				"bits_per_second":	5363333.1789593147,
				"packets":	463,
				"omitted":	false
			}
		}, {
			"streams":	[{
					"socket":	5,
					"start":	0.99945902824401855,
					"end":	1.9994921684265137,
					"seconds":	1.0000331401824951,
					"bytes":	790608,
					"bits_per_second":	6324654.3997989725,
					"packets":	546,
					"omitted":	false
				}],
			"sum":	{
				"start":	0.99945902824401855,
				"end":	1.9994921684265137,
				"seconds":	1.0000331401824951,
				"bytes":	790608,
				"bits_per_second":	6324654.3997989725,
				"packets":	546,
				"omitted":	false
			}
		}, {
			"streams":	[{
					"socket":	5,
					"start":	1.9994921684265137,
					"end":	2.9994590282440186,
					"seconds":	0.99996685981750488,
					"bytes":	933960,
					"bits_per_second":	7471927.6210449515,
					"packets":	645,
					"omitted":	false
				}],
			"sum":	{
				"start":	1.9994921684265137,
				"end":	2.9994590282440186,
				"seconds":	0.99996685981750488,
				"bytes":	933960,
				"bits_per_second":	7471927.6210449515,
				"packets":	645,
				"omitted":	false
			}
		}, {
			"streams":	[{
					"socket":	5,
					"start":	2.9994590282440186,
					"end":	3.9994590282440186,
					"seconds":	1,
					"bytes":	1103376,
					"bits_per_second":	8827008,
					"packets":	762,
					"omitted":	false
				}],
			"sum":	{
				"start":	2.9994590282440186,
				"end":	3.9994590282440186,
				"seconds":	1,
				"bytes":	1103376,
				"bits_per_second":	8827008,
				"packets":	762,
				"omitted":	false
			}
		}, {
			"streams":	[{
					"socket":	5,
					"start":	3.9994590282440186,
					"end":	4.999474048614502,
					"seconds":	1.0000150203704834,
					"bytes":	1209080,
					"bits_per_second":	9672494.7155458741,
					"packets":	835,
					"omitted":	false
				}],
			"sum":	{
				"start":	3.9994590282440186,
				"end":	4.999474048614502,
				"seconds":	1.0000150203704834,
				"bytes":	1209080,
				"bits_per_second":	9672494.7155458741,
				"packets":	835,
				"omitted":	false
			}
		}],
	"end":	{
		"streams":	[{
				"udp":	{
					"socket":	5,
					"start":	0,
					"end":	4.999474048614502,
					"seconds":	4.999474048614502,
					"bytes":	4707448,
					"bits_per_second":	7532709.1677646684,
					"jitter_ms":	0.99905246534661074,
					"lost_packets":	0,
					"packets":	3251,
					"lost_percent":	0,
					"out_of_order":	0
				}
			}],
		"sum":	{
			"start":	0,
			"end":	5.0653460025787354,
			"seconds":	5.0653460025787354,
			"bytes":	4707448,
			"bits_per_second":	7532709.1677646684,
			"jitter_ms":	0.99905246534661074,
			"lost_packets":	0,
			"packets":	3251,
			"lost_percent":	0
		},
		"cpu_utilization_percent":	{
			"host_total":	19.049409188973492,
			"host_user":	4.4246301132131745,
			"host_system":	14.584891854665649,
			"remote_total":	7.7929762411846442,
			"remote_user":	1.9273801699563835,
			"remote_system":	5.78214050986915
		}
	}
}
