{
	"start":	{
		"connected":	[{
				"socket":	5,
				"local_host":	"10.120.139.104",
				"local_port":	57582,
				"remote_host":	"10.120.139.106",
				"remote_port":	5201
			}],
		"version":	"iperf 3.5",
		"system_info":	"Linux KN6GFJ-CHTEST-B 4.9.152 #0 Wed Jan 30 12:21:02 2019 mips",
		"timestamp":	{
			"time":	"Fri, 20 Mar 2020 10:49:36 GMT",
			"timesecs":	1584701376
		},
		"connecting_to":	{
			"host":	"10.120.139.106",
			"port":	5201
		},
		"cookie":	"p7m5uegno7frfgih2jl4caug7kfl4hl6xo4u",
		"sock_bufsize":	0,
		"sndbuf_actual":	163840,
		"rcvbuf_actual":	163840,
		"test_start":	{
			"protocol":	"UDP",
			"num_streams":	1,
			"blksize":	1448,
			"omit":	1,
			"duration":	5,
			"bytes":	0,
			"blocks":	0,
			"reverse":	0,
			"tos":	117
		}
	},
	"intervals":	[{
			"streams":	[{
					"socket":	5,
					"start":	0,
					"end":	1.0001800060272217,
					"seconds":	1.0001800060272217,
					"bytes":	250504,
					"bits_per_second":	2003671.3270845534,
					"packets":	173,
					"omitted":	true
				}],
			"sum":	{
				"start":	0,
				"end":	1.0001800060272217,
				"seconds":	1.0001800060272217,
				"bytes":	250504,
				"bits_per_second":	2003671.3270845534,
				"packets":	173,
				"omitted":	true
			}
		}, {
			"streams":	[{
					"socket":	5,
					"start":	0.000408172607421875,
					"end":	1.0000698566436768,
					"seconds":	1.0004780292510986,
					"bytes":	250504,
					"bits_per_second":	2003074.4718103458,
					"packets":	173,
					"omitted":	false
				}],
			"sum":	{
				"start":	0.000408172607421875,
				"end":	1.0000698566436768,
				"seconds":	1.0004780292510986,
				"bytes":	250504,
				"bits_per_second":	2003074.4718103458,
				"packets":	173,
				"omitted":	false
			}
		}, {
			"streams":	[{
					"socket":	5,
					"start":	1.0000698566436768,
					"end":	2.0000219345092773,
					"seconds":	0.99995207786560059,
					"bytes":	250504,
					"bits_per_second":	2004128.0420933869,
					"packets":	173,
					"omitted":	false
				}],
			"sum":	{
				"start":	1.0000698566436768,
				"end":	2.0000219345092773,
				"seconds":	0.99995207786560059,
				"bytes":	250504,
				"bits_per_second":	2004128.0420933869,
				"packets":	173,
				"omitted":	false
			}
		}, {
			"streams":	[{
					"socket":	5,
					"start":	2.0000219345092773,
					"end":	3.0000698566436768,
					"seconds":	1.0000479221343994,
					"bytes":	249056,
					"bits_per_second":	1992352.5222146595,
					"packets":	172,
					"omitted":	false
				}],
			"sum":	{
				"start":	2.0000219345092773,
				"end":	3.0000698566436768,
				"seconds":	1.0000479221343994,
				"bytes":	249056,
				"bits_per_second":	1992352.5222146595,
				"packets":	172,
				"omitted":	false
			}
		}, {
			"streams":	[{
					"socket":	5,
					"start":	3.0000698566436768,
					"end":	4.0000779628753662,
					"seconds":	1.0000081062316895,
					"bytes":	250504,
					"bits_per_second":	2004015.7549839807,
					"packets":	173,
					"omitted":	false
				}],
			"sum":	{
				"start":	3.0000698566436768,
				"end":	4.0000779628753662,
				"seconds":	1.0000081062316895,
				"bytes":	250504,
				"bits_per_second":	2004015.7549839807,
				"packets":	173,
				"omitted":	false
			}
		}, {
			"streams":	[{
					"socket":	5,
					"start":	4.0000779628753662,
					"end":	4.9996199607849121,
					"seconds":	0.9995419979095459,
					"bytes":	249056,
					"bits_per_second":	1993360.9634883073,
					"packets":	172,
					"omitted":	false
				}],
			"sum":	{
				"start":	4.0000779628753662,
				"end":	4.9996199607849121,
				"seconds":	0.9995419979095459,
				"bytes":	249056,
				"bits_per_second":	1993360.9634883073,
				"packets":	172,
				"omitted":	false
			}
		}],
	"end":	{
		"streams":	[{
				"udp":	{
					"socket":	5,
					"start":	0,
					"end":	4.9996199607849121,
					"seconds":	4.9996199607849121,
					"bytes":	1249624,
					"bits_per_second":	1999550.3815115036,
					"jitter_ms":	0.23638294123119644,
					"lost_packets":	0,
					"packets":	863,
					"lost_percent":	0,
					"out_of_order":	0
				}
			}],
		"sum":	{
			"start":	0,
			"end":	5.0471720695495605,
			"seconds":	5.0471720695495605,
			"bytes":	1249624,
			"bits_per_second":	1999550.3815115036,
			"jitter_ms":	0.23638294123119644,
			"lost_packets":	0,
			"packets":	863,
			"lost_percent":	0
		},
		"cpu_utilization_percent":	{
			"host_total":	12.360902004465284,
			"host_user":	12.281660729438943,
			"host_system":	0,
			"remote_total":	2.5200271620994514,
			"remote_user":	0.95010341875713167,
			"remote_system":	1.4930196580469213
		}
	}
}
