{
	"start":	{
		"connected":	[{
				"socket":	5,
				"local_host":	"10.120.139.104",
				"local_port":	49447,
				"remote_host":	"10.120.139.106",
				"remote_port":	5201
			}],
		"version":	"iperf 3.5",
		"system_info":	"Linux KN6GFJ-CHTEST-B 4.9.152 #0 Wed Jan 30 12:21:02 2019 mips",
		"timestamp":	{
			"time":	"Fri, 20 Mar 2020 10:58:20 GMT",
			"timesecs":	1584701900
		},
		"connecting_to":	{
			"host":	"10.120.139.106",
			"port":	5201
		},
		"cookie":	"o2kxjrn7vkgpuquwurs76fmva54m5yxh7rcf",
		"sock_bufsize":	0,
		"sndbuf_actual":	163840,
		"rcvbuf_actual":	163840,
		"test_start":	{
			"protocol":	"UDP",
			"num_streams":	1,
			"blksize":	1448,
			"omit":	1,
			"duration":	5,
			"bytes":	0,
			"blocks":	0,
			"reverse":	0,
			"tos":	117
		}
	},
	"intervals":	[{
			"streams":	[{
					"socket":	5,
					"start":	0,
					"end":	1.0001709461212158,
					"seconds":	1.0001709461212158,
					"bytes":	250504,
					"bits_per_second":	2003689.4770557764,
					"packets":	173,
					"omitted":	true
				}],
			"sum":	{
				"start":	0,
				"end":	1.0001709461212158,
				"seconds":	1.0001709461212158,
				"bytes":	250504,
				"bits_per_second":	2003689.4770557764,
				"packets":	173,
				"omitted":	true
			}
		}, {
			"streams":	[{
					"socket":	5,
					"start":	0.00040388107299804688,
					"end":	0.99977898597717285,
					"seconds":	1.0001828670501709,
					"bytes":	250504,
					"bits_per_second":	2003665.5955830067,
					"packets":	173,
					"omitted":	false
				}],
			"sum":	{
				"start":	0.00040388107299804688,
				"end":	0.99977898597717285,
				"seconds":	1.0001828670501709,
				"bytes":	250504,
				"bits_per_second":	2003665.5955830067,
				"packets":	173,
				"omitted":	false
			}
		}, {
			"streams":	[{
					"socket":	5,
					"start":	0.99977898597717285,
					"end":	1.9996330738067627,
					"seconds":	0.99985408782958984,
					"bytes":	249056,
					"bits_per_second":	1992738.764838238,
					"packets":	172,
					"omitted":	false
				}],
			"sum":	{
				"start":	0.99977898597717285,
				"end":	1.9996330738067627,
				"seconds":	0.99985408782958984,
				"bytes":	249056,
				"bits_per_second":	1992738.764838238,
				"packets":	172,
				"omitted":	false
			}
		}, {
			"streams":	[{
					"socket":	5,
					"start":	1.9996330738067627,
					"end":	2.9996330738067627,
					"seconds":	1,
					"bytes":	250504,
					"bits_per_second":	2004032,
					"packets":	173,
					"omitted":	false
				}],
			"sum":	{
				"start":	1.9996330738067627,
				"end":	2.9996330738067627,
				"seconds":	1,
				"bytes":	250504,
				"bits_per_second":	2004032,
				"packets":	173,
				"omitted":	false
			}
		}, {
			"streams":	[{
					"socket":	5,
					"start":	2.9996330738067627,
					"end":	3.9996809959411621,
					"seconds":	1.0000479221343994,
					"bytes":	250504,
					"bits_per_second":	2003935.9671112562,
					"packets":	173,
					"omitted":	false
				}],
			"sum":	{
				"start":	2.9996330738067627,
				"end":	3.9996809959411621,
				"seconds":	1.0000479221343994,
				"bytes":	250504,
				"bits_per_second":	2003935.9671112562,
				"packets":	173,
				"omitted":	false
			}
		}, {
			"streams":	[{
					"socket":	5,
					"start":	3.9996809959411621,
					"end":	4.9996399879455566,
					"seconds":	0.99995899200439453,
					"bytes":	249056,
					"bits_per_second":	1992529.709649577,
					"packets":	172,
					"omitted":	false
				}],
			"sum":	{
				"start":	3.9996809959411621,
				"end":	4.9996399879455566,
				"seconds":	0.99995899200439453,
				"bytes":	249056,
				"bits_per_second":	1992529.709649577,
				"packets":	172,
				"omitted":	false
			}
		}],
	"end":	{
		"streams":	[{
				"udp":	{
					"socket":	5,
					"start":	0,
					"end":	4.9996399879455566,
					"seconds":	4.9996399879455566,
					"bytes":	1249624,
					"bits_per_second":	1999542.3718714488,
					"jitter_ms":	0.11988349716010116,
					"lost_packets":	0,
					"packets":	863,
					"lost_percent":	0,
					"out_of_order":	0
				}
			}],
		"sum":	{
			"start":	0,
			"end":	5.0514011383056641,
			"seconds":	5.0514011383056641,
			"bytes":	1249624,
			"bits_per_second":	1999542.3718714488,
			"jitter_ms":	0.11988349716010116,
			"lost_packets":	0,
			"packets":	863,
			"lost_percent":	0
		},
		"cpu_utilization_percent":	{
			"host_total":	12.010586873855864,
			"host_user":	1.63842915932036,
			"host_system":	10.322103703718268,
			"remote_total":	2.5835266458626,
			"remote_user":	0.82280102312564563,
			"remote_system":	1.6456020462512913
		}
	}
}
