{
	"start":	{
		"connected":	[{
				"socket":	5,
				"local_host":	"10.120.139.104",
				"local_port":	59117,
				"remote_host":	"10.120.139.106",
				"remote_port":	5201
			}],
		"version":	"iperf 3.5",
		"system_info":	"Linux KN6GFJ-CHTEST-B 4.9.152 #0 Wed Jan 30 12:21:02 2019 mips",
		"timestamp":	{
			"time":	"Fri, 20 Mar 2020 11:01:52 GMT",
			"timesecs":	1584702112
		},
		"connecting_to":	{
			"host":	"10.120.139.106",
			"port":	5201
		},
		"cookie":	"etdyrnubbw4i4mhlo52otmzo4s6caczrsk4z",
		"sock_bufsize":	0,
		"sndbuf_actual":	163840,
		"rcvbuf_actual":	163840,
		"test_start":	{
			"protocol":	"UDP",
			"num_streams":	1,
			"blksize":	1448,
			"omit":	1,
			"duration":	5,
			"bytes":	0,
			"blocks":	0,
			"reverse":	0,
			"tos":	118
		}
	},
	"intervals":	[{
			"streams":	[{
					"socket":	5,
					"start":	0,
					"end":	1.0001900196075439,
					"seconds":	1.0001900196075439,
					"bytes":	1578320,
					"bits_per_second":	12624161.161850454,
					"packets":	1090,
					"omitted":	true
				}],
			"sum":	{
				"start":	0,
				"end":	1.0001900196075439,
				"seconds":	1.0001900196075439,
				"bytes":	1578320,
				"bits_per_second":	12624161.161850454,
				"packets":	1090,
				"omitted":	true
			}
		}, {
			"streams":	[{
					"socket":	5,
					"start":	0.00042700767517089844,
					"end":	1.0000839233398438,
					"seconds":	1.0005109310150146,
					"bytes":	1476960,
					"bits_per_second":	11809646.085538551,
					"packets":	1020,
					"omitted":	false
				}],
			"sum":	{
				"start":	0.00042700767517089844,
				"end":	1.0000839233398438,
				"seconds":	1.0005109310150146,
				"bytes":	1476960,
				"bits_per_second":	11809646.085538551,
				"packets":	1020,
				"omitted":	false
			}
		}, {
			"streams":	[{
					"socket":	5,
					"start":	1.0000839233398438,
					"end":	2.0000748634338379,
					"seconds":	0.99999094009399414,
					"bytes":	1484200,
					"bits_per_second":	11873707.574674567,
					"packets":	1025,
					"omitted":	false
				}],
			"sum":	{
				"start":	1.0000839233398438,
				"end":	2.0000748634338379,
				"seconds":	0.99999094009399414,
				"bytes":	1484200,
				"bits_per_second":	11873707.574674567,
				"packets":	1025,
				"omitted":	false
			}
		}, {
			"streams":	[{
					"socket":	5,
					"start":	2.0000748634338379,
					"end":	3.0006489753723145,
					"seconds":	1.0005741119384766,
					"bytes":	1397320,
					"bits_per_second":	11172145.937638799,
					"packets":	965,
					"omitted":	false
				}],
			"sum":	{
				"start":	2.0000748634338379,
				"end":	3.0006489753723145,
				"seconds":	1.0005741119384766,
				"bytes":	1397320,
				"bits_per_second":	11172145.937638799,
				"packets":	965,
				"omitted":	false
			}
		}, {
			"streams":	[{
					"socket":	5,
					"start":	3.0006489753723145,
					"end":	4.00007700920105,
					"seconds":	0.99942803382873535,
					"bytes":	1511712,
					"bits_per_second":	12100617.143657597,
					"packets":	1044,
					"omitted":	false
				}],
			"sum":	{
				"start":	3.0006489753723145,
				"end":	4.00007700920105,
				"seconds":	0.99942803382873535,
				"bytes":	1511712,
				"bits_per_second":	12100617.143657597,
				"packets":	1044,
				"omitted":	false
			}
		}, {
			"streams":	[{
					"socket":	5,
					"start":	4.00007700920105,
					"end":	4.9995920658111572,
					"seconds":	0.99951505661010742,
					"bytes":	1417592,
					"bits_per_second":	11346238.283255611,
					"packets":	979,
					"omitted":	false
				}],
			"sum":	{
				"start":	4.00007700920105,
				"end":	4.9995920658111572,
				"seconds":	0.99951505661010742,
				"bytes":	1417592,
				"bits_per_second":	11346238.283255611,
				"packets":	979,
				"omitted":	false
			}
		}],
	"end":	{
		"streams":	[{
				"udp":	{
					"socket":	5,
					"start":	0,
					"end":	4.9995920658111572,
					"seconds":	4.9995920658111572,
					"bytes":	7287784,
					"bits_per_second":	11661405.817224564,
					"jitter_ms":	0.9155134758157899,
					"lost_packets":	0,
					"packets":	5033,
					"lost_percent":	0,
					"out_of_order":	0
				}
			}],
		"sum":	{
			"start":	0,
			"end":	5.0664851665496826,
			"seconds":	5.0664851665496826,
			"bytes":	7287784,
			"bits_per_second":	11661405.817224564,
			"jitter_ms":	0.9155134758157899,
			"lost_packets":	0,
			"packets":	5033,
			"lost_percent":	0
		},
		"cpu_utilization_percent":	{
			"host_total":	26.441330579770689,
			"host_user":	6.06391265605766,
			"host_system":	20.322301874355404,
			"remote_total":	10.122737810484061,
			"remote_user":	3.1076494552290503,
			"remote_system":	6.9324487847417275
		}
	}
}
