{
	"start":	{
		"connected":	[{
				"socket":	5,
				"local_host":	"10.120.139.104",
				"local_port":	43272,
				"remote_host":	"10.120.139.106",
				"remote_port":	5201
			}],
		"version":	"iperf 3.5",
		"system_info":	"Linux KN6GFJ-CHTEST-B 4.9.152 #0 Wed Jan 30 12:21:02 2019 mips",
		"timestamp":	{
			"time":	"Fri, 20 Mar 2020 10:56:59 GMT",
			"timesecs":	1584701819
		},
		"connecting_to":	{
			"host":	"10.120.139.106",
			"port":	5201
		},
		"cookie":	"7kuuoymo2ufvqpotajjtxa7irxsszvjqpla5",
		"sock_bufsize":	0,
		"sndbuf_actual":	163840,
		"rcvbuf_actual":	163840,
		"test_start":	{
			"protocol":	"UDP",
			"num_streams":	1,
			"blksize":	1448,
			"omit":	1,
			"duration":	5,
			"bytes":	0,
			"blocks":	0,
			"reverse":	0,
			"tos":	118
		}
	},
	"intervals":	[{
			"streams":	[{
					"socket":	5,
					"start":	0,
					"end":	1.0050079822540283,
					"seconds":	1.0050079822540283,
					"bytes":	1401664,
					"bits_per_second":	11157435.759714887,
					"packets":	968,
					"omitted":	true
				}],
			"sum":	{
				"start":	0,
				"end":	1.0050079822540283,
				"seconds":	1.0050079822540283,
				"bytes":	1401664,
				"bits_per_second":	11157435.759714887,
				"packets":	968,
				"omitted":	true
			}
		}, {
			"streams":	[{
					"socket":	5,
					"start":	0.0051610469818115234,
					"end":	0.99514985084533691,
					"seconds":	1.0003108978271484,
					"bytes":	1516056,
					"bits_per_second":	12124678.463810727,
					"packets":	1047,
					"omitted":	false
				}],
			"sum":	{
				"start":	0.0051610469818115234,
				"end":	0.99514985084533691,
				"seconds":	1.0003108978271484,
				"bytes":	1516056,
				"bits_per_second":	12124678.463810727,
				"packets":	1047,
				"omitted":	false
			}
		}, {
			"streams":	[{
					"socket":	5,
					"start":	0.99514985084533691,
					"end":	1.9949178695678711,
					"seconds":	0.99976801872253418,
					"bytes":	1432072,
					"bits_per_second":	11459234.327818148,
					"packets":	989,
					"omitted":	false
				}],
			"sum":	{
				"start":	0.99514985084533691,
				"end":	1.9949178695678711,
				"seconds":	0.99976801872253418,
				"bytes":	1432072,
				"bits_per_second":	11459234.327818148,
				"packets":	989,
				"omitted":	false
			}
		}, {
			"streams":	[{
					"socket":	5,
					"start":	1.9949178695678711,
					"end":	2.9987437725067139,
					"seconds":	1.0038259029388428,
					"bytes":	1332160,
					"bits_per_second":	10616661.682866821,
					"packets":	920,
					"omitted":	false
				}],
			"sum":	{
				"start":	1.9949178695678711,
				"end":	2.9987437725067139,
				"seconds":	1.0038259029388428,
				"bytes":	1332160,
				"bits_per_second":	10616661.682866821,
				"packets":	920,
				"omitted":	false
			}
		}, {
			"streams":	[{
					"socket":	5,
					"start":	2.9987437725067139,
					"end":	3.9948608875274658,
					"seconds":	0.996117115020752,
					"bytes":	1317680,
					"bits_per_second":	10582530.749690404,
					"packets":	910,
					"omitted":	false
				}],
			"sum":	{
				"start":	2.9987437725067139,
				"end":	3.9948608875274658,
				"seconds":	0.996117115020752,
				"bytes":	1317680,
				"bits_per_second":	10582530.749690404,
				"packets":	910,
				"omitted":	false
			}
		}, {
			"streams":	[{
					"socket":	5,
					"start":	3.9948608875274658,
					"end":	4.9900908470153809,
					"seconds":	0.995229959487915,
					"bytes":	1437864,
					"bits_per_second":	11558044.339741038,
					"packets":	993,
					"omitted":	false
				}],
			"sum":	{
				"start":	3.9948608875274658,
				"end":	4.9900908470153809,
				"seconds":	0.995229959487915,
				"bytes":	1437864,
				"bits_per_second":	11558044.339741038,
				"packets":	993,
				"omitted":	false
			}
		}],
	"end":	{
		"streams":	[{
				"udp":	{
					"socket":	5,
					"start":	0,
					"end":	4.9900908470153809,
					"seconds":	4.9900908470153809,
					"bytes":	7035832,
					"bits_per_second":	11279685.626097482,
					"jitter_ms":	0.6655448029484885,
					"lost_packets":	0,
					"packets":	4859,
					"lost_percent":	0,
					"out_of_order":	0
				}
			}],
		"sum":	{
			"start":	0,
			"end":	5.0795159339904785,
			"seconds":	5.0795159339904785,
			"bytes":	7035832,
			"bits_per_second":	11279685.626097482,
			"jitter_ms":	0.6655448029484885,
			"lost_packets":	0,
			"packets":	4859,
			"lost_percent":	0
		},
		"cpu_utilization_percent":	{
			"host_total":	26.485460615499466,
			"host_user":	4.8985494088920429,
			"host_system":	21.553617399124988,
			"remote_total":	11.575116220663352,
			"remote_user":	3.6893279766113,
			"remote_system":	7.9252230608687189
		}
	}
}
