{
	"start":	{
		"connected":	[{
				"socket":	5,
				"local_host":	"10.120.139.104",
				"local_port":	42319,
				"remote_host":	"10.120.139.106",
				"remote_port":	5201
			}],
		"version":	"iperf 3.5",
		"system_info":	"Linux KN6GFJ-CHTEST-B 4.9.152 #0 Wed Jan 30 12:21:02 2019 mips",
		"timestamp":	{
			"time":	"Fri, 20 Mar 2020 10:42:54 GMT",
			"timesecs":	1584700974
		},
		"connecting_to":	{
			"host":	"10.120.139.106",
			"port":	5201
		},
		"cookie":	"6oaugqel6eldghcltginodr5dhcpx6ayikhv",
		"sock_bufsize":	0,
		"sndbuf_actual":	163840,
		"rcvbuf_actual":	163840,
		"test_start":	{
			"protocol":	"UDP",
			"num_streams":	1,
			"blksize":	1448,
			"omit":	1,
			"duration":	5,
			"bytes":	0,
			"blocks":	0,
			"reverse":	0,
			"tos":	118
		}
	},
	"intervals":	[{
			"streams":	[{
					"socket":	5,
					"start":	0,
					"end":	1.0002670288085938,
					"seconds":	1.0002670288085938,
					"bytes":	732688,
					"bits_per_second":	5859939.2274096729,
					"packets":	506,
					"omitted":	true
				}],
			"sum":	{
				"start":	0,
				"end":	1.0002670288085938,
				"seconds":	1.0002670288085938,
				"bytes":	732688,
				"bits_per_second":	5859939.2274096729,
				"packets":	506,
				"omitted":	true
			}
		}, {
			"streams":	[{
					"socket":	5,
					"start":	0.00050687789916992188,
					"end":	0.99965000152587891,
					"seconds":	1.0001568794250488,
					"bytes":	761648,
					"bits_per_second":	6092228.2547341315,
					"packets":	526,
					"omitted":	false
				}],
			"sum":	{
				"start":	0.00050687789916992188,
				"end":	0.99965000152587891,
				"seconds":	1.0001568794250488,
				"bytes":	761648,
				"bits_per_second":	6092228.2547341315,
				"packets":	526,
				"omitted":	false
			}
		}, {
			"streams":	[{
					"socket":	5,
					"start":	0.99965000152587891,
					"end":	1.9995641708374023,
					"seconds":	0.99991416931152344,
					"bytes":	728344,
					"bits_per_second":	5827252.1570645673,
					"packets":	503,
					"omitted":	false
				}],
			"sum":	{
				"start":	0.99965000152587891,
				"end":	1.9995641708374023,
				"seconds":	0.99991416931152344,
				"bytes":	728344,
				"bits_per_second":	5827252.1570645673,
				"packets":	503,
				"omitted":	false
			}
		}, {
			"streams":	[{
					"socket":	5,
					"start":	1.9995641708374023,
					"end":	2.999547004699707,
					"seconds":	0.99998283386230469,
					"bytes":	684904,
					"bits_per_second":	5479326.058865604,
					"packets":	473,
					"omitted":	false
				}],
			"sum":	{
				"start":	1.9995641708374023,
				"end":	2.999547004699707,
				"seconds":	0.99998283386230469,
				"bytes":	684904,
				"bits_per_second":	5479326.058865604,
				"packets":	473,
				"omitted":	false
			}
		}, {
			"streams":	[{
					"socket":	5,
					"start":	2.999547004699707,
					"end":	3.9996261596679688,
					"seconds":	1.0000791549682617,
					"bytes":	781920,
					"bits_per_second":	6254864.8963676468,
					"packets":	540,
					"omitted":	false
				}],
			"sum":	{
				"start":	2.999547004699707,
				"end":	3.9996261596679688,
				"seconds":	1.0000791549682617,
				"bytes":	781920,
				"bits_per_second":	6254864.8963676468,
				"packets":	540,
				"omitted":	false
			}
		}, {
			"streams":	[{
					"socket":	5,
					"start":	3.9996261596679688,
					"end":	5.007343053817749,
					"seconds":	1.0077168941497803,
					"bytes":	631328,
					"bits_per_second":	5011947.3329473715,
					"packets":	436,
					"omitted":	false
				}],
			"sum":	{
				"start":	3.9996261596679688,
				"end":	5.007343053817749,
				"seconds":	1.0077168941497803,
				"bytes":	631328,
				"bits_per_second":	5011947.3329473715,
				"packets":	436,
				"omitted":	false
			}
		}],
	"end":	{
		"streams":	[{
				"udp":	{
					"socket":	5,
					"start":	0,
					"end":	5.007343053817749,
					"seconds":	5.007343053817749,
					"bytes":	3588144,
					"bits_per_second":	5732611.4251577649,
					"jitter_ms":	3.4982628237754696,
					"lost_packets":	0,
					"packets":	2478,
					"lost_percent":	0,
					"out_of_order":	0
				}
			}],
		"sum":	{
			"start":	0,
			"end":	5.1272790431976318,
			"seconds":	5.1272790431976318,
			"bytes":	3588144,
			"bits_per_second":	5732611.4251577649,
			"jitter_ms":	3.4982628237754696,
			"lost_packets":	0,
			"packets":	2478,
			"lost_percent":	0
		},
		"cpu_utilization_percent":	{
			"host_total":	17.77412287687531,
			"host_user":	1.6335969468726501,
			"host_system":	16.172609774039238,
			"remote_total":	6.00472187754721,
			"remote_user":	1.6332083520641916,
			"remote_system":	4.3552222721711775
		}
	}
}
