{
	"start":	{
		"connected":	[{
				"socket":	5,
				"local_host":	"10.120.139.104",
				"local_port":	57070,
				"remote_host":	"10.120.139.106",
				"remote_port":	5201
			}],
		"version":	"iperf 3.5",
		"system_info":	"Linux KN6GFJ-CHTEST-B 4.9.152 #0 Wed Jan 30 12:21:02 2019 mips",
		"timestamp":	{
			"time":	"Fri, 20 Mar 2020 10:47:22 GMT",
			"timesecs":	1584701242
		},
		"connecting_to":	{
			"host":	"10.120.139.106",
			"port":	5201
		},
		"cookie":	"cknfpqpjpxrzrj6fbwy2vxg6jgincfr4zqv2",
		"sock_bufsize":	0,
		"sndbuf_actual":	163840,
		"rcvbuf_actual":	163840,
		"test_start":	{
			"protocol":	"UDP",
			"num_streams":	1,
			"blksize":	1448,
			"omit":	1,
			"duration":	5,
			"bytes":	0,
			"blocks":	0,
			"reverse":	0,
			"tos":	118
		}
	},
	"intervals":	[{
			"streams":	[{
					"socket":	5,
					"start":	0,
					"end":	1.0001718997955322,
					"seconds":	1.0001718997955322,
					"bytes":	635672,
					"bits_per_second":	5084501.9751500888,
					"packets":	439,
					"omitted":	true
				}],
			"sum":	{
				"start":	0,
				"end":	1.0001718997955322,
				"seconds":	1.0001718997955322,
				"bytes":	635672,
				"bits_per_second":	5084501.9751500888,
				"packets":	439,
				"omitted":	true
			}
		}, {
			"streams":	[{
					"socket":	5,
					"start":	0.00038599967956542969,
					"end":	0.99963498115539551,
					"seconds":	1.0000209808349609,
					"bytes":	498112,
					"bits_per_second":	3984812.3953087837,
					"packets":	344,
					"omitted":	false
				}],
			"sum":	{
				"start":	0.00038599967956542969,
				"end":	0.99963498115539551,
				"seconds":	1.0000209808349609,
				"bytes":	498112,
				"bits_per_second":	3984812.3953087837,
				"packets":	344,
				"omitted":	false
			}
		}, {
			"streams":	[{
					"socket":	5,
					"start":	0.99963498115539551,
					"end":	1.9996340274810791,
					"seconds":	0.99999904632568359,
					"bytes":	735584,
					"bits_per_second":	5884677.6120658992,
					"packets":	508,
					"omitted":	false
				}],
			"sum":	{
				"start":	0.99963498115539551,
				"end":	1.9996340274810791,
				"seconds":	0.99999904632568359,
				"bytes":	735584,
				"bits_per_second":	5884677.6120658992,
				"packets":	508,
				"omitted":	false
			}
		}, {
			"streams":	[{
					"socket":	5,
					"start":	1.9996340274810791,
					"end":	2.9996330738067627,
					"seconds":	0.99999904632568359,
					"bytes":	687800,
					"bits_per_second":	5502405.2475025626,
					"packets":	475,
					"omitted":	false
				}],
			"sum":	{
				"start":	1.9996340274810791,
				"end":	2.9996330738067627,
				"seconds":	0.99999904632568359,
				"bytes":	687800,
				"bits_per_second":	5502405.2475025626,
				"packets":	475,
				"omitted":	false
			}
		}, {
			"streams":	[{
					"socket":	5,
					"start":	2.9996330738067627,
					"end":	3.9999918937683105,
					"seconds":	1.0003588199615479,
					"bytes":	564720,
					"bits_per_second":	4516139.5189914508,
					"packets":	390,
					"omitted":	false
				}],
			"sum":	{
				"start":	2.9996330738067627,
				"end":	3.9999918937683105,
				"seconds":	1.0003588199615479,
				"bytes":	564720,
				"bits_per_second":	4516139.5189914508,
				"packets":	390,
				"omitted":	false
			}
		}, {
			"streams":	[{
					"socket":	5,
					"start":	3.9999918937683105,
					"end":	4.9996719360351562,
					"seconds":	0.9996800422668457,
					"bytes":	477840,
					"bits_per_second":	3823943.5002940642,
					"packets":	330,
					"omitted":	false
				}],
			"sum":	{
				"start":	3.9999918937683105,
				"end":	4.9996719360351562,
				"seconds":	0.9996800422668457,
				"bytes":	477840,
				"bits_per_second":	3823943.5002940642,
				"packets":	330,
				"omitted":	false
			}
		}],
	"end":	{
		"streams":	[{
				"udp":	{
					"socket":	5,
					"start":	0,
					"end":	4.9996719360351562,
					"seconds":	4.9996719360351562,
					"bytes":	2964056,
					"bits_per_second":	4742800.7884062221,
					"jitter_ms":	4.878980693867355,
					"lost_packets":	2,
					"packets":	2047,
					"lost_percent":	0.097703957010258913,
					"out_of_order":	0
				}
			}],
		"sum":	{
			"start":	0,
			"end":	5.1168801784515381,
			"seconds":	5.1168801784515381,
			"bytes":	2964056,
			"bits_per_second":	4742800.7884062221,
			"jitter_ms":	4.878980693867355,
			"lost_packets":	2,
			"packets":	2047,
			"lost_percent":	0.097703957010258913
		},
		"cpu_utilization_percent":	{
			"host_total":	12.642560299172828,
			"host_user":	2.9317894747129083,
			"host_system":	9.7726315823763628,
			"remote_total":	5.0999611715147681,
			"remote_user":	1.6377568463354166,
			"remote_system":	3.4119934298654515
		}
	}
}
