{
	"start":	{
		"connected":	[{
				"socket":	5,
				"local_host":	"10.120.139.104",
				"local_port":	40790,
				"remote_host":	"10.120.139.106",
				"remote_port":	5201
			}],
		"version":	"iperf 3.5",
		"system_info":	"Linux KN6GFJ-CHTEST-B 4.9.152 #0 Wed Jan 30 12:21:02 2019 mips",
		"timestamp":	{
			"time":	"Fri, 20 Mar 2020 10:45:59 GMT",
			"timesecs":	1584701159
		},
		"connecting_to":	{
			"host":	"10.120.139.106",
			"port":	5201
		},
		"cookie":	"glnbleoqenr5qe52guac6n5ovict34qicsrt",
		"sock_bufsize":	0,
		"sndbuf_actual":	163840,
		"rcvbuf_actual":	163840,
		"test_start":	{
			"protocol":	"UDP",
			"num_streams":	1,
			"blksize":	1448,
			"omit":	1,
			"duration":	5,
			"bytes":	0,
			"blocks":	0,
			"reverse":	0,
			"tos":	117
		}
	},
	"intervals":	[{
			"streams":	[{
					"socket":	5,
					"start":	0,
					"end":	1.002701997756958,
					"seconds":	1.002701997756958,
					"bytes":	631328,
					"bits_per_second":	5037013.9994716616,
					"packets":	436,
					"omitted":	true
				}],
			"sum":	{
				"start":	0,
				"end":	1.002701997756958,
				"seconds":	1.002701997756958,
				"bytes":	631328,
				"bits_per_second":	5037013.9994716616,
				"packets":	436,
				"omitted":	true
			}
		}, {
			"streams":	[{
					"socket":	5,
					"start":	0.00039911270141601562,
					"end":	0.99967002868652344,
					"seconds":	1.0000691413879395,
					"bytes":	710968,
					"bits_per_second":	5687350.7686741557,
					"packets":	491,
					"omitted":	false
				}],
			"sum":	{
				"start":	0.00039911270141601562,
				"end":	0.99967002868652344,
				"seconds":	1.0000691413879395,
				"bytes":	710968,
				"bits_per_second":	5687350.7686741557,
				"packets":	491,
				"omitted":	false
			}
		}, {
			"streams":	[{
					"socket":	5,
					"start":	0.99967002868652344,
					"end":	1.9996719360351562,
					"seconds":	1.0000019073486328,
					"bytes":	586440,
					"bits_per_second":	4691511.05165281,
					"packets":	405,
					"omitted":	false
				}],
			"sum":	{
				"start":	0.99967002868652344,
				"end":	1.9996719360351562,
				"seconds":	1.0000019073486328,
				"bytes":	586440,
				"bits_per_second":	4691511.05165281,
				"packets":	405,
				"omitted":	false
			}
		}, {
			"streams":	[{
					"socket":	5,
					"start":	1.9996719360351562,
					"end":	2.9996719360351562,
					"seconds":	1,
					"bytes":	566168,
					"bits_per_second":	4529344,
					"packets":	391,
					"omitted":	false
				}],
			"sum":	{
				"start":	1.9996719360351562,
				"end":	2.9996719360351562,
				"seconds":	1,
				"bytes":	566168,
				"bits_per_second":	4529344,
				"packets":	391,
				"omitted":	false
			}
		}, {
			"streams":	[{
					"socket":	5,
					"start":	2.9996719360351562,
					"end":	3.9996719360351562,
					"seconds":	1,
					"bytes":	806536,
					"bits_per_second":	6452288,
					"packets":	557,
					"omitted":	false
				}],
			"sum":	{
				"start":	2.9996719360351562,
				"end":	3.9996719360351562,
				"seconds":	1,
				"bytes":	806536,
				"bits_per_second":	6452288,
				"packets":	557,
				"omitted":	false
			}
		}, {
			"streams":	[{
					"socket":	5,
					"start":	3.9996719360351562,
					"end":	4.9977259635925293,
					"seconds":	0.998054027557373,
					"bytes":	635672,
					"bits_per_second":	5095291.2964500487,
					"packets":	439,
					"omitted":	false
				}],
			"sum":	{
				"start":	3.9996719360351562,
				"end":	4.9977259635925293,
				"seconds":	0.998054027557373,
				"bytes":	635672,
				"bits_per_second":	5095291.2964500487,
				"packets":	439,
				"omitted":	false
			}
		}],
	"end":	{
		"streams":	[{
				"udp":	{
					"socket":	5,
					"start":	0,
					"end":	4.9977259635925293,
					"seconds":	4.9977259635925293,
					"bytes":	3305784,
					"bits_per_second":	5291661.0859931093,
					"jitter_ms":	1.8361757058714443,
					"lost_packets":	3,
					"packets":	2283,
					"lost_percent":	0.13140604467805519,
					"out_of_order":	0
				}
			}],
		"sum":	{
			"start":	0,
			"end":	5.09365701675415,
			"seconds":	5.09365701675415,
			"bytes":	3305784,
			"bits_per_second":	5291661.0859931093,
			"jitter_ms":	1.8361757058714443,
			"lost_packets":	3,
			"packets":	2283,
			"lost_percent":	0.13140604467805519
		},
		"cpu_utilization_percent":	{
			"host_total":	13.925941738634195,
			"host_user":	10.313426673664518,
			"host_system":	3.601514076517768,
			"remote_total":	5.37879391511647,
			"remote_user":	1.371420609352348,
			"remote_system":	3.9771197671218088
		}
	}
}
