{
	"start":	{
		"connected":	[{
				"socket":	5,
				"local_host":	"10.120.139.104",
				"local_port":	45409,
				"remote_host":	"10.120.139.106",
				"remote_port":	5201
			}],
		"version":	"iperf 3.5",
		"system_info":	"Linux KN6GFJ-CHTEST-B 4.9.152 #0 Wed Jan 30 12:21:02 2019 mips",
		"timestamp":	{
			"time":	"Fri, 20 Mar 2020 10:39:38 GMT",
			"timesecs":	1584700778
		},
		"connecting_to":	{
			"host":	"10.120.139.106",
			"port":	5201
		},
		"cookie":	"qwiaaatedraxffvwd2cw7ghrvsicr2ilr6yr",
		"sock_bufsize":	0,
		"sndbuf_actual":	163840,
		"rcvbuf_actual":	163840,
		"test_start":	{
			"protocol":	"UDP",
			"num_streams":	1,
			"blksize":	1448,
			"omit":	1,
			"duration":	5,
			"bytes":	0,
			"blocks":	0,
			"reverse":	0,
			"tos":	120
		}
	},
	"intervals":	[{
			"streams":	[{
					"socket":	5,
					"start":	0,
					"end":	1.0001590251922607,
					"seconds":	1.0001590251922607,
					"bytes":	3149400,
					"bits_per_second":	25191193.965536352,
					"packets":	2175,
					"omitted":	true
				}],
			"sum":	{
				"start":	0,
				"end":	1.0001590251922607,
				"seconds":	1.0001590251922607,
				"bytes":	3149400,
				"bits_per_second":	25191193.965536352,
				"packets":	2175,
				"omitted":	true
			}
		}, {
			"streams":	[{
					"socket":	5,
					"start":	0.000431060791015625,
					"end":	1.0000698566436768,
					"seconds":	1.0005009174346924,
					"bytes":	3182704,
					"bits_per_second":	25448884.210205641,
					"packets":	2198,
					"omitted":	false
				}],
			"sum":	{
				"start":	0.000431060791015625,
				"end":	1.0000698566436768,
				"seconds":	1.0005009174346924,
				"bytes":	3182704,
				"bits_per_second":	25448884.210205641,
				"packets":	2198,
				"omitted":	false
			}
		}, {
			"streams":	[{
					"socket":	5,
					"start":	1.0000698566436768,
					"end":	2.0001058578491211,
					"seconds":	1.0000360012054443,
					"bytes":	3004600,
					"bits_per_second":	24035934.677377634,
					"packets":	2075,
					"omitted":	false
				}],
			"sum":	{
				"start":	1.0000698566436768,
				"end":	2.0001058578491211,
				"seconds":	1.0000360012054443,
				"bytes":	3004600,
				"bits_per_second":	24035934.677377634,
				"packets":	2075,
				"omitted":	false
			}
		}, {
			"streams":	[{
					"socket":	5,
					"start":	2.0001058578491211,
					"end":	3.0000689029693604,
					"seconds":	0.99996304512023926,
					"bytes":	3006048,
					"bits_per_second":	24049272.737982366,
					"packets":	2076,
					"omitted":	false
				}],
			"sum":	{
				"start":	2.0001058578491211,
				"end":	3.0000689029693604,
				"seconds":	0.99996304512023926,
				"bytes":	3006048,
				"bits_per_second":	24049272.737982366,
				"packets":	2076,
				"omitted":	false
			}
		}, {
			"streams":	[{
					"socket":	5,
					"start":	3.0000689029693604,
					"end":	4.0001790523529053,
					"seconds":	1.0001101493835449,
					"bytes":	3050936,
					"bits_per_second":	24404799.826343592,
					"packets":	2107,
					"omitted":	false
				}],
			"sum":	{
				"start":	3.0000689029693604,
				"end":	4.0001790523529053,
				"seconds":	1.0001101493835449,
				"bytes":	3050936,
				"bits_per_second":	24404799.826343592,
				"packets":	2107,
				"omitted":	false
			}
		}, {
			"streams":	[{
					"socket":	5,
					"start":	4.0001790523529053,
					"end":	4.999614953994751,
					"seconds":	0.9994359016418457,
					"bytes":	3132024,
					"bits_per_second":	25070334.134323552,
					"packets":	2163,
					"omitted":	false
				}],
			"sum":	{
				"start":	4.0001790523529053,
				"end":	4.999614953994751,
				"seconds":	0.9994359016418457,
				"bytes":	3132024,
				"bits_per_second":	25070334.134323552,
				"packets":	2163,
				"omitted":	false
			}
		}],
	"end":	{
		"streams":	[{
				"udp":	{
					"socket":	5,
					"start":	0,
					"end":	4.999614953994751,
					"seconds":	4.999614953994751,
					"bytes":	15376312,
					"bits_per_second":	24603993.933915485,
					"jitter_ms":	0.43258907746133651,
					"lost_packets":	0,
					"packets":	10619,
					"lost_percent":	0,
					"out_of_order":	0
				}
			}],
		"sum":	{
			"start":	0,
			"end":	5.0584859848022461,
			"seconds":	5.0584859848022461,
			"bytes":	15376312,
			"bits_per_second":	24603993.933915485,
			"jitter_ms":	0.43258907746133651,
			"lost_packets":	0,
			"packets":	10619,
			"lost_percent":	0
		},
		"cpu_utilization_percent":	{
			"host_total":	34.910098905965519,
			"host_user":	7.70908852329949,
			"host_system":	27.22784457165352,
			"remote_total":	5.3190245465151236,
			"remote_user":	1.2523451690540743,
			"remote_system":	4.0624855483949247
		}
	}
}
