{
	"start":	{
		"connected":	[{
				"socket":	5,
				"local_host":	"10.120.139.104",
				"local_port":	53447,
				"remote_host":	"10.120.139.106",
				"remote_port":	5201
			}],
		"version":	"iperf 3.5",
		"system_info":	"Linux KN6GFJ-CHTEST-B 4.9.152 #0 Wed Jan 30 12:21:02 2019 mips",
		"timestamp":	{
			"time":	"Fri, 20 Mar 2020 10:50:06 GMT",
			"timesecs":	1584701406
		},
		"connecting_to":	{
			"host":	"10.120.139.106",
			"port":	5201
		},
		"cookie":	"e66g5gvcdpfqbjvvabs3iqtyf2r6dmf3x7rj",
		"sock_bufsize":	0,
		"sndbuf_actual":	163840,
		"rcvbuf_actual":	163840,
		"test_start":	{
			"protocol":	"UDP",
			"num_streams":	1,
			"blksize":	1448,
			"omit":	1,
			"duration":	5,
			"bytes":	0,
			"blocks":	0,
			"reverse":	0,
			"tos":	117
		}
	},
	"intervals":	[{
			"streams":	[{
					"socket":	5,
					"start":	0,
					"end":	1.0002079010009766,
					"seconds":	1.0002079010009766,
					"bytes":	750064,
					"bits_per_second":	5999264.7468540054,
					"packets":	518,
					"omitted":	true
				}],
			"sum":	{
				"start":	0,
				"end":	1.0002079010009766,
				"seconds":	1.0002079010009766,
				"bytes":	750064,
				"bits_per_second":	5999264.7468540054,
				"packets":	518,
				"omitted":	true
			}
		}, {
			"streams":	[{
					"socket":	5,
					"start":	0.00042009353637695312,
					"end":	0.99960207939147949,
					"seconds":	1.0000221729278564,
					"bytes":	750064,
					"bits_per_second":	6000378.9540303405,
					"packets":	518,
					"omitted":	false
				}],
			"sum":	{
				"start":	0.00042009353637695312,
				"end":	0.99960207939147949,
				"seconds":	1.0000221729278564,
				"bytes":	750064,
				"bits_per_second":	6000378.9540303405,
				"packets":	518,
				"omitted":	false
			}
		}, {
			"streams":	[{
					"socket":	5,
					"start":	0.99960207939147949,
					"end":	2.0000660419464111,
					"seconds":	1.0004639625549316,
					"bytes":	750064,
					"bits_per_second":	5997729.2782002976,
					"packets":	518,
					"omitted":	false
				}],
			"sum":	{
				"start":	0.99960207939147949,
				"end":	2.0000660419464111,
				"seconds":	1.0004639625549316,
				"bytes":	750064,
				"bits_per_second":	5997729.2782002976,
				"packets":	518,
				"omitted":	false
			}
		}, {
			"streams":	[{
					"socket":	5,
					"start":	2.0000660419464111,
					"end":	2.9996330738067627,
					"seconds":	0.99956703186035156,
					"bytes":	750064,
					"bits_per_second":	6003111.1558692595,
					"packets":	518,
					"omitted":	false
				}],
			"sum":	{
				"start":	2.0000660419464111,
				"end":	2.9996330738067627,
				"seconds":	0.99956703186035156,
				"bytes":	750064,
				"bits_per_second":	6003111.1558692595,
				"packets":	518,
				"omitted":	false
			}
		}, {
			"streams":	[{
					"socket":	5,
					"start":	2.9996330738067627,
					"end":	4.0001239776611328,
					"seconds":	1.0004909038543701,
					"bytes":	750064,
					"bits_per_second":	5997567.7708644364,
					"packets":	518,
					"omitted":	false
				}],
			"sum":	{
				"start":	2.9996330738067627,
				"end":	4.0001239776611328,
				"seconds":	1.0004909038543701,
				"bytes":	750064,
				"bits_per_second":	5997567.7708644364,
				"packets":	518,
				"omitted":	false
			}
		}, {
			"streams":	[{
					"socket":	5,
					"start":	4.0001239776611328,
					"end":	4.9996330738067627,
					"seconds":	0.99950909614562988,
					"bytes":	750064,
					"bits_per_second":	6003459.1212221617,
					"packets":	518,
					"omitted":	false
				}],
			"sum":	{
				"start":	4.0001239776611328,
				"end":	4.9996330738067627,
				"seconds":	0.99950909614562988,
				"bytes":	750064,
				"bits_per_second":	6003459.1212221617,
				"packets":	518,
				"omitted":	false
			}
		}],
	"end":	{
		"streams":	[{
				"udp":	{
					"socket":	5,
					"start":	0,
					"end":	4.9996330738067627,
					"seconds":	4.9996330738067627,
					"bytes":	3750320,
					"bits_per_second":	6000952.3813226158,
					"jitter_ms":	2.3664607742091186,
					"lost_packets":	0,
					"packets":	2590,
					"lost_percent":	0,
					"out_of_order":	0
				}
			}],
		"sum":	{
			"start":	0,
			"end":	5.051353931427002,
			"seconds":	5.051353931427002,
			"bytes":	3750320,
			"bits_per_second":	6000952.3813226158,
			"jitter_ms":	2.3664607742091186,
			"lost_packets":	0,
			"packets":	2590,
			"lost_percent":	0
		},
		"cpu_utilization_percent":	{
			"host_total":	22.546551858027687,
			"host_user":	8.0277359916826114,
			"host_system":	14.417158515674892,
			"remote_total":	7.456398401142569,
			"remote_user":	1.9303877363018651,
			"remote_system":	5.5153935322910437
		}
	}
}
