{
	"start":	{
		"connected":	[{
				"socket":	5,
				"local_host":	"10.120.139.104",
				"local_port":	37225,
				"remote_host":	"10.120.139.106",
				"remote_port":	5201
			}],
		"version":	"iperf 3.5",
		"system_info":	"Linux KN6GFJ-CHTEST-B 4.9.152 #0 Wed Jan 30 12:21:02 2019 mips",
		"timestamp":	{
			"time":	"Fri, 20 Mar 2020 10:50:20 GMT",
			"timesecs":	1584701420
		},
		"connecting_to":	{
			"host":	"10.120.139.106",
			"port":	5201
		},
		"cookie":	"c3p5r4gdfezzkipapfymgbvp4ww5voejafwo",
		"sock_bufsize":	0,
		"sndbuf_actual":	163840,
		"rcvbuf_actual":	163840,
		"test_start":	{
			"protocol":	"UDP",
			"num_streams":	1,
			"blksize":	1448,
			"omit":	1,
			"duration":	5,
			"bytes":	0,
			"blocks":	0,
			"reverse":	0,
			"tos":	117
		}
	},
	"intervals":	[{
			"streams":	[{
					"socket":	5,
					"start":	0,
					"end":	1.0001838207244873,
					"seconds":	1.0001838207244873,
					"bytes":	1000568,
					"bits_per_second":	8003072.8693470322,
					"packets":	691,
					"omitted":	true
				}],
			"sum":	{
				"start":	0,
				"end":	1.0001838207244873,
				"seconds":	1.0001838207244873,
				"bytes":	1000568,
				"bits_per_second":	8003072.8693470322,
				"packets":	691,
				"omitted":	true
			}
		}, {
			"streams":	[{
					"socket":	5,
					"start":	0.00074911117553710938,
					"end":	0.99932694435119629,
					"seconds":	1.0000760555267334,
					"bytes":	999120,
					"bits_per_second":	7992352.1374483472,
					"packets":	690,
					"omitted":	false
				}],
			"sum":	{
				"start":	0.00074911117553710938,
				"end":	0.99932694435119629,
				"seconds":	1.0000760555267334,
				"bytes":	999120,
				"bits_per_second":	7992352.1374483472,
				"packets":	690,
				"omitted":	false
			}
		}, {
			"streams":	[{
					"socket":	5,
					"start":	0.99932694435119629,
					"end":	1.9995338916778564,
					"seconds":	1.0002069473266602,
					"bytes":	944096,
					"bits_per_second":	7551205.2982504647,
					"packets":	652,
					"omitted":	false
				}],
			"sum":	{
				"start":	0.99932694435119629,
				"end":	1.9995338916778564,
				"seconds":	1.0002069473266602,
				"bytes":	944096,
				"bits_per_second":	7551205.2982504647,
				"packets":	652,
				"omitted":	false
			}
		}, {
			"streams":	[{
					"socket":	5,
					"start":	1.9995338916778564,
					"end":	2.9997830390930176,
					"seconds":	1.0002491474151611,
					"bytes":	965816,
					"bits_per_second":	7724603.43502102,
					"packets":	667,
					"omitted":	false
				}],
			"sum":	{
				"start":	1.9995338916778564,
				"end":	2.9997830390930176,
				"seconds":	1.0002491474151611,
				"bytes":	965816,
				"bits_per_second":	7724603.43502102,
				"packets":	667,
				"omitted":	false
			}
		}, {
			"streams":	[{
					"socket":	5,
					"start":	2.9997830390930176,
					"end":	3.999323844909668,
					"seconds":	0.99954080581665039,
					"bytes":	1081656,
					"bits_per_second":	8657223.34660472,
					"packets":	747,
					"omitted":	false
				}],
			"sum":	{
				"start":	2.9997830390930176,
				"end":	3.999323844909668,
				"seconds":	0.99954080581665039,
				"bytes":	1081656,
				"bits_per_second":	8657223.34660472,
				"packets":	747,
				"omitted":	false
			}
		}, {
			"streams":	[{
					"socket":	5,
					"start":	3.999323844909668,
					"end":	4.9993090629577637,
					"seconds":	0.9999852180480957,
					"bytes":	1009256,
					"bits_per_second":	8074167.3519534636,
					"packets":	697,
					"omitted":	false
				}],
			"sum":	{
				"start":	3.999323844909668,
				"end":	4.9993090629577637,
				"seconds":	0.9999852180480957,
				"bytes":	1009256,
				"bits_per_second":	8074167.3519534636,
				"packets":	697,
				"omitted":	false
			}
		}],
	"end":	{
		"streams":	[{
				"udp":	{
					"socket":	5,
					"start":	0,
					"end":	4.9993090629577637,
					"seconds":	4.9993090629577637,
					"bytes":	4999944,
					"bits_per_second":	8001016.0396714676,
					"jitter_ms":	2.0507627651243681,
					"lost_packets":	0,
					"packets":	3453,
					"lost_percent":	0,
					"out_of_order":	0
				}
			}],
		"sum":	{
			"start":	0,
			"end":	5.06287407875061,
			"seconds":	5.06287407875061,
			"bytes":	4999944,
			"bits_per_second":	8001016.0396714676,
			"jitter_ms":	2.0507627651243681,
			"lost_packets":	0,
			"packets":	3453,
			"lost_percent":	0
		},
		"cpu_utilization_percent":	{
			"host_total":	21.826162477898272,
			"host_user":	5.08179893059279,
			"host_system":	16.720757771627888,
			"remote_total":	8.7651756574790927,
			"remote_user":	2.5976643169653593,
			"remote_system":	6.1523628559705879
		}
	}
}
