{
	"start":	{
		"connected":	[{
				"socket":	5,
				"local_host":	"10.120.139.104",
				"local_port":	56717,
				"remote_host":	"10.120.139.106",
				"remote_port":	5201
			}],
		"version":	"iperf 3.5",
		"system_info":	"Linux KN6GFJ-CHTEST-B 4.9.152 #0 Wed Jan 30 12:21:02 2019 mips",
		"timestamp":	{
			"time":	"Fri, 20 Mar 2020 10:54:43 GMT",
			"timesecs":	1584701683
		},
		"connecting_to":	{
			"host":	"10.120.139.106",
			"port":	5201
		},
		"cookie":	"qn7223llfx5g3q2tehiogdkvtbo55vadhp6k",
		"sock_bufsize":	0,
		"sndbuf_actual":	163840,
		"rcvbuf_actual":	163840,
		"test_start":	{
			"protocol":	"UDP",
			"num_streams":	1,
			"blksize":	1448,
			"omit":	1,
			"duration":	5,
			"bytes":	0,
			"blocks":	0,
			"reverse":	0,
			"tos":	117
		}
	},
	"intervals":	[{
			"streams":	[{
					"socket":	5,
					"start":	0,
					"end":	1.0002050399780273,
					"seconds":	1.0002050399780273,
					"bytes":	1000568,
					"bits_per_second":	8002903.0849273112,
					"packets":	691,
					"omitted":	true
				}],
			"sum":	{
				"start":	0,
				"end":	1.0002050399780273,
				"seconds":	1.0002050399780273,
				"bytes":	1000568,
				"bits_per_second":	8002903.0849273112,
				"packets":	691,
				"omitted":	true
			}
		}, {
			"streams":	[{
					"socket":	5,
					"start":	0.00041103363037109375,
					"end":	1.0000050067901611,
					"seconds":	1.0004160404205322,
					"bytes":	1000568,
					"bits_per_second":	8001215.1710754568,
					"packets":	691,
					"omitted":	false
				}],
			"sum":	{
				"start":	0.00041103363037109375,
				"end":	1.0000050067901611,
				"seconds":	1.0004160404205322,
				"bytes":	1000568,
				"bits_per_second":	8001215.1710754568,
				"packets":	691,
				"omitted":	false
			}
		}, {
			"streams":	[{
					"socket":	5,
					"start":	1.0000050067901611,
					"end":	2.000032901763916,
					"seconds":	1.0000278949737549,
					"bytes":	999120,
					"bits_per_second":	7992737.0428099614,
					"packets":	690,
					"omitted":	false
				}],
			"sum":	{
				"start":	1.0000050067901611,
				"end":	2.000032901763916,
				"seconds":	1.0000278949737549,
				"bytes":	999120,
				"bits_per_second":	7992737.0428099614,
				"packets":	690,
				"omitted":	false
			}
		}, {
			"streams":	[{
					"socket":	5,
					"start":	2.000032901763916,
					"end":	3.00026798248291,
					"seconds":	1.0002350807189941,
					"bytes":	1000568,
					"bits_per_second":	8002662.7282919651,
					"packets":	691,
					"omitted":	false
				}],
			"sum":	{
				"start":	2.000032901763916,
				"end":	3.00026798248291,
				"seconds":	1.0002350807189941,
				"bytes":	1000568,
				"bits_per_second":	8002662.7282919651,
				"packets":	691,
				"omitted":	false
			}
		}, {
			"streams":	[{
					"socket":	5,
					"start":	3.00026798248291,
					"end":	4.0002248287200928,
					"seconds":	0.99995684623718262,
					"bytes":	1000568,
					"bits_per_second":	8004889.4411003208,
					"packets":	691,
					"omitted":	false
				}],
			"sum":	{
				"start":	3.00026798248291,
				"end":	4.0002248287200928,
				"seconds":	0.99995684623718262,
				"bytes":	1000568,
				"bits_per_second":	8004889.4411003208,
				"packets":	691,
				"omitted":	false
			}
		}, {
			"streams":	[{
					"socket":	5,
					"start":	4.0002248287200928,
					"end":	4.9996578693389893,
					"seconds":	0.99943304061889648,
					"bytes":	999120,
					"bits_per_second":	7997494.2543928493,
					"packets":	690,
					"omitted":	false
				}],
			"sum":	{
				"start":	4.0002248287200928,
				"end":	4.9996578693389893,
				"seconds":	0.99943304061889648,
				"bytes":	999120,
				"bits_per_second":	7997494.2543928493,
				"packets":	690,
				"omitted":	false
			}
		}],
	"end":	{
		"streams":	[{
				"udp":	{
					"socket":	5,
					"start":	0,
					"end":	4.9996578693389893,
					"seconds":	4.9996578693389893,
					"bytes":	4999944,
					"bits_per_second":	8000457.8403858636,
					"jitter_ms":	1.0972089548680175,
					"lost_packets":	0,
					"packets":	3453,
					"lost_percent":	0,
					"out_of_order":	0
				}
			}],
		"sum":	{
			"start":	0,
			"end":	5.0529358386993408,
			"seconds":	5.0529358386993408,
			"bytes":	4999944,
			"bits_per_second":	8000457.8403858636,
			"jitter_ms":	1.0972089548680175,
			"lost_packets":	0,
			"packets":	3453,
			"lost_percent":	0
		},
		"cpu_utilization_percent":	{
			"host_total":	29.551405575109293,
			"host_user":	9.1760557379842833,
			"host_system":	20.318409134108055,
			"remote_total":	10.519874269481896,
			"remote_user":	5.6521109186789449,
			"remote_system":	4.9628290993278537
		}
	}
}
