{
	"start":	{
		"connected":	[{
				"socket":	5,
				"local_host":	"10.120.139.104",
				"local_port":	57422,
				"remote_host":	"10.120.139.106",
				"remote_port":	5201
			}],
		"version":	"iperf 3.5",
		"system_info":	"Linux KN6GFJ-CHTEST-B 4.9.152 #0 Wed Jan 30 12:21:02 2019 mips",
		"timestamp":	{
			"time":	"Fri, 20 Mar 2020 10:52:52 GMT",
			"timesecs":	1584701572
		},
		"connecting_to":	{
			"host":	"10.120.139.106",
			"port":	5201
		},
		"cookie":	"vvjlspoqaenemjjism7upr2izzkqbm7imuso",
		"sock_bufsize":	0,
		"sndbuf_actual":	163840,
		"rcvbuf_actual":	163840,
		"test_start":	{
			"protocol":	"UDP",
			"num_streams":	1,
			"blksize":	1448,
			"omit":	1,
			"duration":	5,
			"bytes":	0,
			"blocks":	0,
			"reverse":	0,
			"tos":	118
		}
	},
	"intervals":	[{
			"streams":	[{
					"socket":	5,
					"start":	0,
					"end":	1.0003130435943604,
					"seconds":	1.0003130435943604,
					"bytes":	466256,
					"bits_per_second":	3728880.697783425,
					"packets":	322,
					"omitted":	true
				}],
			"sum":	{
				"start":	0,
				"end":	1.0003130435943604,
				"seconds":	1.0003130435943604,
				"bytes":	466256,
				"bits_per_second":	3728880.697783425,
				"packets":	322,
				"omitted":	true
			}
		}, {
			"streams":	[{
					"socket":	5,
					"start":	0.00065898895263671875,
					"end":	0.99935317039489746,
					"seconds":	1.0000121593475342,
					"bytes":	635672,
					"bits_per_second":	5085314.1658977363,
					"packets":	439,
					"omitted":	false
				}],
			"sum":	{
				"start":	0.00065898895263671875,
				"end":	0.99935317039489746,
				"seconds":	1.0000121593475342,
				"bytes":	635672,
				"bits_per_second":	5085314.1658977363,
				"packets":	439,
				"omitted":	false
			}
		}, {
			"streams":	[{
					"socket":	5,
					"start":	0.99935317039489746,
					"end":	1.9993531703948975,
					"seconds":	1,
					"bytes":	692144,
					"bits_per_second":	5537152,
					"packets":	478,
					"omitted":	false
				}],
			"sum":	{
				"start":	0.99935317039489746,
				"end":	1.9993531703948975,
				"seconds":	1,
				"bytes":	692144,
				"bits_per_second":	5537152,
				"packets":	478,
				"omitted":	false
			}
		}, {
			"streams":	[{
					"socket":	5,
					"start":	1.9993531703948975,
					"end":	2.9993829727172852,
					"seconds":	1.0000298023223877,
					"bytes":	1019392,
					"bits_per_second":	8154892.9652508125,
					"packets":	704,
					"omitted":	false
				}],
			"sum":	{
				"start":	1.9993531703948975,
				"end":	2.9993829727172852,
				"seconds":	1.0000298023223877,
				"bytes":	1019392,
				"bits_per_second":	8154892.9652508125,
				"packets":	704,
				"omitted":	false
			}
		}, {
			"streams":	[{
					"socket":	5,
					"start":	2.9993829727172852,
					"end":	3.9993820190429688,
					"seconds":	0.99999904632568359,
					"bytes":	977400,
					"bits_per_second":	7819207.4569773264,
					"packets":	675,
					"omitted":	false
				}],
			"sum":	{
				"start":	2.9993829727172852,
				"end":	3.9993820190429688,
				"seconds":	0.99999904632568359,
				"bytes":	977400,
				"bits_per_second":	7819207.4569773264,
				"packets":	675,
				"omitted":	false
			}
		}, {
			"streams":	[{
					"socket":	5,
					"start":	3.9993820190429688,
					"end":	4.9992599487304688,
					"seconds":	0.9998779296875,
					"bytes":	1116408,
					"bits_per_second":	8932354.3752899524,
					"packets":	771,
					"omitted":	false
				}],
			"sum":	{
				"start":	3.9993820190429688,
				"end":	4.9992599487304688,
				"seconds":	0.9998779296875,
				"bytes":	1116408,
				"bits_per_second":	8932354.3752899524,
				"packets":	771,
				"omitted":	false
			}
		}],
	"end":	{
		"streams":	[{
				"udp":	{
					"socket":	5,
					"start":	0,
					"end":	4.9992599487304688,
					"seconds":	4.9992599487304688,
					"bytes":	4441016,
					"bits_per_second":	7106677.4611354526,
					"jitter_ms":	2.4343086553713897,
					"lost_packets":	11,
					"packets":	3067,
					"lost_percent":	0.35865666775350508,
					"out_of_order":	0
				}
			}],
		"sum":	{
			"start":	0,
			"end":	5.0914180278778076,
			"seconds":	5.0914180278778076,
			"bytes":	4441016,
			"bits_per_second":	7106677.4611354526,
			"jitter_ms":	2.4343086553713897,
			"lost_packets":	11,
			"packets":	3067,
			"lost_percent":	0.35865666775350508
		},
		"cpu_utilization_percent":	{
			"host_total":	16.992802699716808,
			"host_user":	3.4411754006429431,
			"host_system":	13.60083610730306,
			"remote_total":	5.326604546677002,
			"remote_user":	1.062539417260882,
			"remote_system":	4.2501576690435279
		}
	}
}
