{
	"start":	{
		"connected":	[{
				"socket":	5,
				"local_host":	"10.120.139.104",
				"local_port":	40646,
				"remote_host":	"10.120.139.106",
				"remote_port":	5201
			}],
		"version":	"iperf 3.5",
		"system_info":	"Linux KN6GFJ-CHTEST-B 4.9.152 #0 Wed Jan 30 12:21:02 2019 mips",
		"timestamp":	{
			"time":	"Fri, 20 Mar 2020 10:51:21 GMT",
			"timesecs":	1584701481
		},
		"connecting_to":	{
			"host":	"10.120.139.106",
			"port":	5201
		},
		"cookie":	"uqgtk3ink465oa6bqyrliqm5yss2cm5fevvx",
		"sock_bufsize":	0,
		"sndbuf_actual":	163840,
		"rcvbuf_actual":	163840,
		"test_start":	{
			"protocol":	"UDP",
			"num_streams":	1,
			"blksize":	1448,
			"omit":	1,
			"duration":	5,
			"bytes":	0,
			"blocks":	0,
			"reverse":	0,
			"tos":	118
		}
	},
	"intervals":	[{
			"streams":	[{
					"socket":	5,
					"start":	0,
					"end":	1.0003230571746826,
					"seconds":	1.0003230571746826,
					"bytes":	835496,
					"bits_per_second":	6681809.3935355563,
					"packets":	577,
					"omitted":	true
				}],
			"sum":	{
				"start":	0,
				"end":	1.0003230571746826,
				"seconds":	1.0003230571746826,
				"bytes":	835496,
				"bits_per_second":	6681809.3935355563,
				"packets":	577,
				"omitted":	true
			}
		}, {
			"streams":	[{
					"socket":	5,
					"start":	0.00083494186401367188,
					"end":	0.99946999549865723,
					"seconds":	1.0003049373626709,
					"bytes":	1217768,
					"bits_per_second":	9739174.161916472,
					"packets":	841,
					"omitted":	false
				}],
			"sum":	{
				"start":	0.00083494186401367188,
				"end":	0.99946999549865723,
				"seconds":	1.0003049373626709,
				"bytes":	1217768,
				"bits_per_second":	9739174.161916472,
				"packets":	841,
				"omitted":	false
			}
		}, {
			"streams":	[{
					"socket":	5,
					"start":	0.99946999549865723,
					"end":	1.9992351531982422,
					"seconds":	0.999765157699585,
					"bytes":	1327816,
					"bits_per_second":	10625023.2048914,
					"packets":	917,
					"omitted":	false
				}],
			"sum":	{
				"start":	0.99946999549865723,
				"end":	1.9992351531982422,
				"seconds":	0.999765157699585,
				"bytes":	1327816,
				"bits_per_second":	10625023.2048914,
				"packets":	917,
				"omitted":	false
			}
		}, {
			"streams":	[{
					"socket":	5,
					"start":	1.9992351531982422,
					"end":	2.9993991851806641,
					"seconds":	1.0001640319824219,
					"bytes":	1333608,
					"bits_per_second":	10667114.252102507,
					"packets":	921,
					"omitted":	false
				}],
			"sum":	{
				"start":	1.9992351531982422,
				"end":	2.9993991851806641,
				"seconds":	1.0001640319824219,
				"bytes":	1333608,
				"bits_per_second":	10667114.252102507,
				"packets":	921,
				"omitted":	false
			}
		}, {
			"streams":	[{
					"socket":	5,
					"start":	2.9993991851806641,
					"end":	3.9995450973510742,
					"seconds":	1.0001459121704102,
					"bytes":	1330712,
					"bits_per_second":	10644142.890008762,
					"packets":	919,
					"omitted":	false
				}],
			"sum":	{
				"start":	2.9993991851806641,
				"end":	3.9995450973510742,
				"seconds":	1.0001459121704102,
				"bytes":	1330712,
				"bits_per_second":	10644142.890008762,
				"packets":	919,
				"omitted":	false
			}
		}, {
			"streams":	[{
					"socket":	5,
					"start":	3.9995450973510742,
					"end":	4.9991071224212646,
					"seconds":	0.99956202507019043,
					"bytes":	1242384,
					"bits_per_second":	9943426.97173001,
					"packets":	858,
					"omitted":	false
				}],
			"sum":	{
				"start":	3.9995450973510742,
				"end":	4.9991071224212646,
				"seconds":	0.99956202507019043,
				"bytes":	1242384,
				"bits_per_second":	9943426.97173001,
				"packets":	858,
				"omitted":	false
			}
		}],
	"end":	{
		"streams":	[{
				"udp":	{
					"socket":	5,
					"start":	0,
					"end":	4.9991071224212646,
					"seconds":	4.9991071224212646,
					"bytes":	6452288,
					"bits_per_second":	10325504.682323994,
					"jitter_ms":	2.58028053960738,
					"lost_packets":	2,
					"packets":	4456,
					"lost_percent":	0.044883303411131059,
					"out_of_order":	0
				}
			}],
		"sum":	{
			"start":	0,
			"end":	5.0680859088897705,
			"seconds":	5.0680859088897705,
			"bytes":	6452288,
			"bits_per_second":	10325504.682323994,
			"jitter_ms":	2.58028053960738,
			"lost_packets":	2,
			"packets":	4456,
			"lost_percent":	0.044883303411131059
		},
		"cpu_utilization_percent":	{
			"host_total":	21.172059909864231,
			"host_user":	4.5872288599605859,
			"host_system":	16.5467898162864,
			"remote_total":	9.6420121924380471,
			"remote_user":	2.6134512962718426,
			"remote_system":	7.0150534794665269
		}
	}
}
