{
	"start":	{
		"connected":	[{
				"socket":	5,
				"local_host":	"10.120.139.104",
				"local_port":	34031,
				"remote_host":	"10.120.139.106",
				"remote_port":	5201
			}],
		"version":	"iperf 3.5",
		"system_info":	"Linux KN6GFJ-CHTEST-B 4.9.152 #0 Wed Jan 30 12:21:02 2019 mips",
		"timestamp":	{
			"time":	"Fri, 20 Mar 2020 11:00:36 GMT",
			"timesecs":	1584702036
		},
		"connecting_to":	{
			"host":	"10.120.139.106",
			"port":	5201
		},
		"cookie":	"zadetpwtxefknu6puhdne7gqvdgxxxjy5mye",
		"sock_bufsize":	0,
		"sndbuf_actual":	163840,
		"rcvbuf_actual":	163840,
		"test_start":	{
			"protocol":	"UDP",
			"num_streams":	1,
			"blksize":	1448,
			"omit":	1,
			"duration":	5,
			"bytes":	0,
			"blocks":	0,
			"reverse":	0,
			"tos":	118
		}
	},
	"intervals":	[{
			"streams":	[{
					"socket":	5,
					"start":	0,
					"end":	1.0005569458007812,
					"seconds":	1.0005569458007812,
					"bytes":	1407456,
					"bits_per_second":	11253380.476998743,
					"packets":	972,
					"omitted":	true
				}],
			"sum":	{
				"start":	0,
				"end":	1.0005569458007812,
				"seconds":	1.0005569458007812,
				"bytes":	1407456,
				"bits_per_second":	11253380.476998743,
				"packets":	972,
				"omitted":	true
			}
		}, {
			"streams":	[{
					"socket":	5,
					"start":	0.0022599697113037109,
					"end":	0.99780702590942383,
					"seconds":	1.0000669956207275,
					"bytes":	1377048,
					"bits_per_second":	11015645.999958517,
					"packets":	951,
					"omitted":	false
				}],
			"sum":	{
				"start":	0.0022599697113037109,
				"end":	0.99780702590942383,
				"seconds":	1.0000669956207275,
				"bytes":	1377048,
				"bits_per_second":	11015645.999958517,
				"packets":	951,
				"omitted":	false
			}
		}, {
			"streams":	[{
					"socket":	5,
					"start":	0.99780702590942383,
					"end":	1.9978079795837402,
					"seconds":	1.0000009536743164,
					"bytes":	1210528,
					"bits_per_second":	9684214.7644131053,
					"packets":	836,
					"omitted":	false
				}],
			"sum":	{
				"start":	0.99780702590942383,
				"end":	1.9978079795837402,
				"seconds":	1.0000009536743164,
				"bytes":	1210528,
				"bits_per_second":	9684214.7644131053,
				"packets":	836,
				"omitted":	false
			}
		}, {
			"streams":	[{
					"socket":	5,
					"start":	1.9978079795837402,
					"end":	2.9979691505432129,
					"seconds":	1.0001611709594727,
					"bytes":	1406008,
					"bits_per_second":	11246251.430866417,
					"packets":	971,
					"omitted":	false
				}],
			"sum":	{
				"start":	1.9978079795837402,
				"end":	2.9979691505432129,
				"seconds":	1.0001611709594727,
				"bytes":	1406008,
				"bits_per_second":	11246251.430866417,
				"packets":	971,
				"omitted":	false
			}
		}, {
			"streams":	[{
					"socket":	5,
					"start":	2.9979691505432129,
					"end":	3.9978110790252686,
					"seconds":	0.99984192848205566,
					"bytes":	1453792,
					"bits_per_second":	11632174.715514274,
					"packets":	1004,
					"omitted":	false
				}],
			"sum":	{
				"start":	2.9979691505432129,
				"end":	3.9978110790252686,
				"seconds":	0.99984192848205566,
				"bytes":	1453792,
				"bits_per_second":	11632174.715514274,
				"packets":	1004,
				"omitted":	false
			}
		}, {
			"streams":	[{
					"socket":	5,
					"start":	3.9978110790252686,
					"end":	4.9973921775817871,
					"seconds":	0.99958109855651855,
					"bytes":	1372704,
					"bits_per_second":	10986234.149343586,
					"packets":	948,
					"omitted":	false
				}],
			"sum":	{
				"start":	3.9978110790252686,
				"end":	4.9973921775817871,
				"seconds":	0.99958109855651855,
				"bytes":	1372704,
				"bits_per_second":	10986234.149343586,
				"packets":	948,
				"omitted":	false
			}
		}],
	"end":	{
		"streams":	[{
				"udp":	{
					"socket":	5,
					"start":	0,
					"end":	4.9973921775817871,
					"seconds":	4.9973921775817871,
					"bytes":	6820080,
					"bits_per_second":	10917822.348375631,
					"jitter_ms":	0.90763063213398532,
					"lost_packets":	0,
					"packets":	4710,
					"lost_percent":	0,
					"out_of_order":	0
				}
			}],
		"sum":	{
			"start":	0,
			"end":	5.053861141204834,
			"seconds":	5.053861141204834,
			"bytes":	6820080,
			"bits_per_second":	10917822.348375631,
			"jitter_ms":	0.90763063213398532,
			"lost_packets":	0,
			"packets":	4710,
			"lost_percent":	0
		},
		"cpu_utilization_percent":	{
			"host_total":	26.627757051964558,
			"host_user":	2.459658727270909,
			"host_system":	24.104655527254902,
			"remote_total":	10.960241777831607,
			"remote_user":	2.5683082121249563,
			"remote_system":	8.380795218513013
		}
	}
}
