{
	"start":	{
		"connected":	[{
				"socket":	5,
				"local_host":	"10.120.139.104",
				"local_port":	49632,
				"remote_host":	"10.120.139.106",
				"remote_port":	5201
			}],
		"version":	"iperf 3.5",
		"system_info":	"Linux KN6GFJ-CHTEST-B 4.9.152 #0 Wed Jan 30 12:21:02 2019 mips",
		"timestamp":	{
			"time":	"Fri, 20 Mar 2020 10:43:39 GMT",
			"timesecs":	1584701019
		},
		"connecting_to":	{
			"host":	"10.120.139.106",
			"port":	5201
		},
		"cookie":	"hthazn3xkidxikpv2vmqth7xh2svfjxyy45k",
		"sock_bufsize":	0,
		"sndbuf_actual":	163840,
		"rcvbuf_actual":	163840,
		"test_start":	{
			"protocol":	"UDP",
			"num_streams":	1,
			"blksize":	1448,
			"omit":	1,
			"duration":	5,
			"bytes":	0,
			"blocks":	0,
			"reverse":	0,
			"tos":	118
		}
	},
	"intervals":	[{
			"streams":	[{
					"socket":	5,
					"start":	0,
					"end":	1.0001928806304932,
					"seconds":	1.0001928806304932,
					"bytes":	412680,
					"bits_per_second":	3300803.3389708456,
					"packets":	285,
					"omitted":	true
				}],
			"sum":	{
				"start":	0,
				"end":	1.0001928806304932,
				"seconds":	1.0001928806304932,
				"bytes":	412680,
				"bits_per_second":	3300803.3389708456,
				"packets":	285,
				"omitted":	true
			}
		}, {
			"streams":	[{
					"socket":	5,
					"start":	0.0006771087646484375,
					"end":	1.0000758171081543,
					"seconds":	1.0007529258728027,
					"bytes":	718208,
					"bits_per_second":	5741341.1956691928,
					"packets":	496,
					"omitted":	false
				}],
			"sum":	{
				"start":	0.0006771087646484375,
				"end":	1.0000758171081543,
				"seconds":	1.0007529258728027,
				"bytes":	718208,
				"bits_per_second":	5741341.1956691928,
				"packets":	496,
				"omitted":	false
			}
		}, {
			"streams":	[{
					"socket":	5,
					"start":	1.0000758171081543,
					"end":	2.0006928443908691,
					"seconds":	1.0006170272827148,
					"bytes":	813776,
					"bits_per_second":	6506193.5011031972,
					"packets":	562,
					"omitted":	false
				}],
			"sum":	{
				"start":	1.0000758171081543,
				"end":	2.0006928443908691,
				"seconds":	1.0006170272827148,
				"bytes":	813776,
				"bits_per_second":	6506193.5011031972,
				"packets":	562,
				"omitted":	false
			}
		}, {
			"streams":	[{
					"socket":	5,
					"start":	2.0006928443908691,
					"end":	3.0004420280456543,
					"seconds":	0.99974918365478516,
					"bytes":	622640,
					"bits_per_second":	4982369.6597485673,
					"packets":	430,
					"omitted":	false
				}],
			"sum":	{
				"start":	2.0006928443908691,
				"end":	3.0004420280456543,
				"seconds":	0.99974918365478516,
				"bytes":	622640,
				"bits_per_second":	4982369.6597485673,
				"packets":	430,
				"omitted":	false
			}
		}, {
			"streams":	[{
					"socket":	5,
					"start":	3.0004420280456543,
					"end":	4.0000739097595215,
					"seconds":	0.99963188171386719,
					"bytes":	680560,
					"bits_per_second":	5446484.9507055022,
					"packets":	470,
					"omitted":	false
				}],
			"sum":	{
				"start":	3.0004420280456543,
				"end":	4.0000739097595215,
				"seconds":	0.99963188171386719,
				"bytes":	680560,
				"bits_per_second":	5446484.9507055022,
				"packets":	470,
				"omitted":	false
			}
		}, {
			"streams":	[{
					"socket":	5,
					"start":	4.0000739097595215,
					"end":	4.9993329048156738,
					"seconds":	0.99925899505615234,
					"bytes":	660288,
					"bits_per_second":	5286221.1159812137,
					"packets":	456,
					"omitted":	false
				}],
			"sum":	{
				"start":	4.0000739097595215,
				"end":	4.9993329048156738,
				"seconds":	0.99925899505615234,
				"bytes":	660288,
				"bits_per_second":	5286221.1159812137,
				"packets":	456,
				"omitted":	false
			}
		}],
	"end":	{
		"streams":	[{
				"udp":	{
					"socket":	5,
					"start":	0,
					"end":	4.9993329048156738,
					"seconds":	4.9993329048156738,
					"bytes":	3495472,
					"bits_per_second":	5593501.47958011,
					"jitter_ms":	1.714418492556707,
					"lost_packets":	3,
					"packets":	2414,
					"lost_percent":	0.12427506213753108,
					"out_of_order":	0
				}
			}],
		"sum":	{
			"start":	0,
			"end":	5.0859231948852539,
			"seconds":	5.0859231948852539,
			"bytes":	3495472,
			"bits_per_second":	5593501.47958011,
			"jitter_ms":	1.714418492556707,
			"lost_packets":	3,
			"packets":	2414,
			"lost_percent":	0.12427506213753108
		},
		"cpu_utilization_percent":	{
			"host_total":	16.943568576116842,
			"host_user":	6.2124118430149684,
			"host_system":	10.789978464183893,
			"remote_total":	5.7489718287651437,
			"remote_user":	1.5055755568987115,
			"remote_system":	4.2429856603509144
		}
	}
}
