{
	"start":	{
		"connected":	[{
				"socket":	5,
				"local_host":	"10.120.139.104",
				"local_port":	50630,
				"remote_host":	"10.120.139.106",
				"remote_port":	5201
			}],
		"version":	"iperf 3.5",
		"system_info":	"Linux KN6GFJ-CHTEST-B 4.9.152 #0 Wed Jan 30 12:21:02 2019 mips",
		"timestamp":	{
			"time":	"Fri, 20 Mar 2020 10:59:19 GMT",
			"timesecs":	1584701959
		},
		"connecting_to":	{
			"host":	"10.120.139.106",
			"port":	5201
		},
		"cookie":	"72ljgikzy7bzetslowci4ualzjvvpp3vuf7c",
		"sock_bufsize":	0,
		"sndbuf_actual":	163840,
		"rcvbuf_actual":	163840,
		"test_start":	{
			"protocol":	"UDP",
			"num_streams":	1,
			"blksize":	1448,
			"omit":	1,
			"duration":	5,
			"bytes":	0,
			"blocks":	0,
			"reverse":	0,
			"tos":	118
		}
	},
	"intervals":	[{
			"streams":	[{
					"socket":	5,
					"start":	0,
					"end":	1.0001919269561768,
					"seconds":	1.0001919269561768,
					"bytes":	1249624,
					"bits_per_second":	9995073.675932616,
					"packets":	863,
					"omitted":	true
				}],
			"sum":	{
				"start":	0,
				"end":	1.0001919269561768,
				"seconds":	1.0001919269561768,
				"bytes":	1249624,
				"bits_per_second":	9995073.675932616,
				"packets":	863,
				"omitted":	true
			}
		}, {
			"streams":	[{
					"socket":	5,
					"start":	0.00041413307189941406,
					"end":	0.99971199035644531,
					"seconds":	1.0001261234283447,
					"bytes":	1248176,
					"bits_per_second":	9984148.7649286631,
					"packets":	862,
					"omitted":	false
				}],
			"sum":	{
				"start":	0.00041413307189941406,
				"end":	0.99971199035644531,
				"seconds":	1.0001261234283447,
				"bytes":	1248176,
				"bits_per_second":	9984148.7649286631,
				"packets":	862,
				"omitted":	false
			}
		}, {
			"streams":	[{
					"socket":	5,
					"start":	0.99971199035644531,
					"end":	1.9996340274810791,
					"seconds":	0.99992203712463379,
					"bytes":	1252520,
					"bits_per_second":	10020941.261394614,
					"packets":	865,
					"omitted":	false
				}],
			"sum":	{
				"start":	0.99971199035644531,
				"end":	1.9996340274810791,
				"seconds":	0.99992203712463379,
				"bytes":	1252520,
				"bits_per_second":	10020941.261394614,
				"packets":	865,
				"omitted":	false
			}
		}, {
			"streams":	[{
					"socket":	5,
					"start":	1.9996340274810791,
					"end":	2.9996128082275391,
					"seconds":	0.99997878074646,
					"bytes":	1249624,
					"bits_per_second":	9997204.133209195,
					"packets":	863,
					"omitted":	false
				}],
			"sum":	{
				"start":	1.9996340274810791,
				"end":	2.9996128082275391,
				"seconds":	0.99997878074646,
				"bytes":	1249624,
				"bits_per_second":	9997204.133209195,
				"packets":	863,
				"omitted":	false
			}
		}, {
			"streams":	[{
					"socket":	5,
					"start":	2.9996128082275391,
					"end":	3.9996378421783447,
					"seconds":	1.0000250339508057,
					"bytes":	1249624,
					"bits_per_second":	9996741.7420590129,
					"packets":	863,
					"omitted":	false
				}],
			"sum":	{
				"start":	2.9996128082275391,
				"end":	3.9996378421783447,
				"seconds":	1.0000250339508057,
				"bytes":	1249624,
				"bits_per_second":	9996741.7420590129,
				"packets":	863,
				"omitted":	false
			}
		}, {
			"streams":	[{
					"socket":	5,
					"start":	3.9996378421783447,
					"end":	4.9996240139007568,
					"seconds":	0.99998617172241211,
					"bytes":	1249624,
					"bits_per_second":	9997130.2430920843,
					"packets":	863,
					"omitted":	false
				}],
			"sum":	{
				"start":	3.9996378421783447,
				"end":	4.9996240139007568,
				"seconds":	0.99998617172241211,
				"bytes":	1249624,
				"bits_per_second":	9997130.2430920843,
				"packets":	863,
				"omitted":	false
			}
		}],
	"end":	{
		"streams":	[{
				"udp":	{
					"socket":	5,
					"start":	0,
					"end":	4.9996240139007568,
					"seconds":	4.9996240139007568,
					"bytes":	6249568,
					"bits_per_second":	10000060.776768731,
					"jitter_ms":	1.4003426325231081,
					"lost_packets":	0,
					"packets":	4316,
					"lost_percent":	0,
					"out_of_order":	0
				}
			}],
		"sum":	{
			"start":	0,
			"end":	5.0504238605499268,
			"seconds":	5.0504238605499268,
			"bytes":	6249568,
			"bits_per_second":	10000060.776768731,
			"jitter_ms":	1.4003426325231081,
			"lost_packets":	0,
			"packets":	4316,
			"lost_percent":	0
		},
		"cpu_utilization_percent":	{
			"host_total":	30.407168203341676,
			"host_user":	5.9007271498848626,
			"host_system":	24.422454037023456,
			"remote_total":	12.44386303551363,
			"remote_user":	3.0291276786954704,
			"remote_system":	9.3627582796041811
		}
	}
}
