{
	"start":	{
		"connected":	[{
				"socket":	5,
				"local_host":	"10.120.139.104",
				"local_port":	41074,
				"remote_host":	"10.120.139.106",
				"remote_port":	5201
			}],
		"version":	"iperf 3.5",
		"system_info":	"Linux KN6GFJ-CHTEST-B 4.9.152 #0 Wed Jan 30 12:21:02 2019 mips",
		"timestamp":	{
			"time":	"Fri, 20 Mar 2020 10:46:52 GMT",
			"timesecs":	1584701212
		},
		"connecting_to":	{
			"host":	"10.120.139.106",
			"port":	5201
		},
		"cookie":	"pgr7g4qgyymzdjftejppuk35dpsgzqyo3g35",
		"sock_bufsize":	0,
		"sndbuf_actual":	163840,
		"rcvbuf_actual":	163840,
		"test_start":	{
			"protocol":	"UDP",
			"num_streams":	1,
			"blksize":	1448,
			"omit":	1,
			"duration":	5,
			"bytes":	0,
			"blocks":	0,
			"reverse":	0,
			"tos":	118
		}
	},
	"intervals":	[{
			"streams":	[{
					"socket":	5,
					"start":	0,
					"end":	1.0001969337463379,
					"seconds":	1.0001969337463379,
					"bytes":	616848,
					"bits_per_second":	4933812.3658470651,
					"packets":	426,
					"omitted":	true
				}],
			"sum":	{
				"start":	0,
				"end":	1.0001969337463379,
				"seconds":	1.0001969337463379,
				"bytes":	616848,
				"bits_per_second":	4933812.3658470651,
				"packets":	426,
				"omitted":	true
			}
		}, {
			"streams":	[{
					"socket":	5,
					"start":	0.00090003013610839844,
					"end":	0.999129056930542,
					"seconds":	1.0000290870666504,
					"bytes":	583544,
					"bits_per_second":	4668216.2152838074,
					"packets":	403,
					"omitted":	false
				}],
			"sum":	{
				"start":	0.00090003013610839844,
				"end":	0.999129056930542,
				"seconds":	1.0000290870666504,
				"bytes":	583544,
				"bits_per_second":	4668216.2152838074,
				"packets":	403,
				"omitted":	false
			}
		}, {
			"streams":	[{
					"socket":	5,
					"start":	0.999129056930542,
					"end":	1.999114990234375,
					"seconds":	0.999985933303833,
					"bytes":	618296,
					"bits_per_second":	4946437.5800345475,
					"packets":	427,
					"omitted":	false
				}],
			"sum":	{
				"start":	0.999129056930542,
				"end":	1.999114990234375,
				"seconds":	0.999985933303833,
				"bytes":	618296,
				"bits_per_second":	4946437.5800345475,
				"packets":	427,
				"omitted":	false
			}
		}, {
			"streams":	[{
					"socket":	5,
					"start":	1.999114990234375,
					"end":	2.9991209506988525,
					"seconds":	1.0000059604644775,
					"bytes":	660288,
					"bits_per_second":	5282272.5152023127,
					"packets":	456,
					"omitted":	false
				}],
			"sum":	{
				"start":	1.999114990234375,
				"end":	2.9991209506988525,
				"seconds":	1.0000059604644775,
				"bytes":	660288,
				"bits_per_second":	5282272.5152023127,
				"packets":	456,
				"omitted":	false
			}
		}, {
			"streams":	[{
					"socket":	5,
					"start":	2.9991209506988525,
					"end":	3.9997539520263672,
					"seconds":	1.0006330013275146,
					"bytes":	557480,
					"bits_per_second":	4457018.7012453545,
					"packets":	385,
					"omitted":	false
				}],
			"sum":	{
				"start":	2.9991209506988525,
				"end":	3.9997539520263672,
				"seconds":	1.0006330013275146,
				"bytes":	557480,
				"bits_per_second":	4457018.7012453545,
				"packets":	385,
				"omitted":	false
			}
		}, {
			"streams":	[{
					"socket":	5,
					"start":	3.9997539520263672,
					"end":	4.9991130828857422,
					"seconds":	0.999359130859375,
					"bytes":	612504,
					"bits_per_second":	4903174.2930955505,
					"packets":	423,
					"omitted":	false
				}],
			"sum":	{
				"start":	3.9997539520263672,
				"end":	4.9991130828857422,
				"seconds":	0.999359130859375,
				"bytes":	612504,
				"bits_per_second":	4903174.2930955505,
				"packets":	423,
				"omitted":	false
			}
		}],
	"end":	{
		"streams":	[{
				"udp":	{
					"socket":	5,
					"start":	0,
					"end":	4.9991130828857422,
					"seconds":	4.9991130828857422,
					"bytes":	3032112,
					"bits_per_second":	4852239.906923187,
					"jitter_ms":	1.6245169083546172,
					"lost_packets":	4,
					"packets":	2094,
					"lost_percent":	0.19102196752626552,
					"out_of_order":	0
				}
			}],
		"sum":	{
			"start":	0,
			"end":	5.0726299285888672,
			"seconds":	5.0726299285888672,
			"bytes":	3032112,
			"bits_per_second":	4852239.906923187,
			"jitter_ms":	1.6245169083546172,
			"lost_packets":	4,
			"packets":	2094,
			"lost_percent":	0.19102196752626552
		},
		"cpu_utilization_percent":	{
			"host_total":	12.323477292761773,
			"host_user":	3.1125890630500783,
			"host_system":	9.1739467121476,
			"remote_total":	4.9264632489834179,
			"remote_user":	1.052056131928891,
			"remote_system":	3.9452104947333413
		}
	}
}
