{
	"start":	{
		"connected":	[{
				"socket":	5,
				"local_host":	"10.120.139.104",
				"local_port":	51308,
				"remote_host":	"10.120.139.106",
				"remote_port":	5201
			}],
		"version":	"iperf 3.5",
		"system_info":	"Linux KN6GFJ-CHTEST-B 4.9.152 #0 Wed Jan 30 12:21:02 2019 mips",
		"timestamp":	{
			"time":	"Fri, 20 Mar 2020 10:56:52 GMT",
			"timesecs":	1584701812
		},
		"connecting_to":	{
			"host":	"10.120.139.106",
			"port":	5201
		},
		"cookie":	"bm2qlppuogxf4ogyveclcqq6xijsn6ylne2x",
		"sock_bufsize":	0,
		"sndbuf_actual":	163840,
		"rcvbuf_actual":	163840,
		"test_start":	{
			"protocol":	"UDP",
			"num_streams":	1,
			"blksize":	1448,
			"omit":	1,
			"duration":	5,
			"bytes":	0,
			"blocks":	0,
			"reverse":	0,
			"tos":	118
		}
	},
	"intervals":	[{
			"streams":	[{
					"socket":	5,
					"start":	0,
					"end":	1.0002889633178711,
					"seconds":	1.0002889633178711,
					"bytes":	1487096,
					"bits_per_second":	11893331.263537548,
					"packets":	1027,
					"omitted":	true
				}],
			"sum":	{
				"start":	0,
				"end":	1.0002889633178711,
				"seconds":	1.0002889633178711,
				"bytes":	1487096,
				"bits_per_second":	11893331.263537548,
				"packets":	1027,
				"omitted":	true
			}
		}, {
			"streams":	[{
					"socket":	5,
					"start":	0.0052390098571777344,
					"end":	0.99604511260986328,
					"seconds":	1.001284122467041,
					"bytes":	1384288,
					"bits_per_second":	11060101.475207932,
					"packets":	956,
					"omitted":	false
				}],
			"sum":	{
				"start":	0.0052390098571777344,
				"end":	0.99604511260986328,
				"seconds":	1.001284122467041,
				"bytes":	1384288,
				"bits_per_second":	11060101.475207932,
				"packets":	956,
				"omitted":	false
			}
		}, {
			"streams":	[{
					"socket":	5,
					"start":	0.99604511260986328,
					"end":	1.9954760074615479,
					"seconds":	0.99943089485168457,
					"bytes":	1400216,
					"bits_per_second":	11208106.5911639,
					"packets":	967,
					"omitted":	false
				}],
			"sum":	{
				"start":	0.99604511260986328,
				"end":	1.9954760074615479,
				"seconds":	0.99943089485168457,
				"bytes":	1400216,
				"bits_per_second":	11208106.5911639,
				"packets":	967,
				"omitted":	false
			}
		}, {
			"streams":	[{
					"socket":	5,
					"start":	1.9954760074615479,
					"end":	2.9948379993438721,
					"seconds":	0.99936199188232422,
					"bytes":	1416144,
					"bits_per_second":	11336384.705467183,
					"packets":	978,
					"omitted":	false
				}],
			"sum":	{
				"start":	1.9954760074615479,
				"end":	2.9948379993438721,
				"seconds":	0.99936199188232422,
				"bytes":	1416144,
				"bits_per_second":	11336384.705467183,
				"packets":	978,
				"omitted":	false
			}
		}, {
			"streams":	[{
					"socket":	5,
					"start":	2.9948379993438721,
					"end":	3.9948451519012451,
					"seconds":	1.000007152557373,
					"bytes":	1424832,
					"bits_per_second":	11398574.471042125,
					"packets":	984,
					"omitted":	false
				}],
			"sum":	{
				"start":	2.9948379993438721,
				"end":	3.9948451519012451,
				"seconds":	1.000007152557373,
				"bytes":	1424832,
				"bits_per_second":	11398574.471042125,
				"packets":	984,
				"omitted":	false
			}
		}, {
			"streams":	[{
					"socket":	5,
					"start":	3.9948451519012451,
					"end":	4.9948251247406006,
					"seconds":	0.99997997283935547,
					"bytes":	1407456,
					"bits_per_second":	11259873.503295487,
					"packets":	972,
					"omitted":	false
				}],
			"sum":	{
				"start":	3.9948451519012451,
				"end":	4.9948251247406006,
				"seconds":	0.99997997283935547,
				"bytes":	1407456,
				"bits_per_second":	11259873.503295487,
				"packets":	972,
				"omitted":	false
			}
		}],
	"end":	{
		"streams":	[{
				"udp":	{
					"socket":	5,
					"start":	0,
					"end":	4.9948251247406006,
					"seconds":	4.9948251247406006,
					"bytes":	7032936,
					"bits_per_second":	11264355.927360313,
					"jitter_ms":	1.4957423018017568,
					"lost_packets":	0,
					"packets":	4857,
					"lost_percent":	0,
					"out_of_order":	0
				}
			}],
		"sum":	{
			"start":	0,
			"end":	5.0753660202026367,
			"seconds":	5.0753660202026367,
			"bytes":	7032936,
			"bits_per_second":	11264355.927360313,
			"jitter_ms":	1.4957423018017568,
			"lost_packets":	0,
			"packets":	4857,
			"lost_percent":	0
		},
		"cpu_utilization_percent":	{
			"host_total":	26.694834547982381,
			"host_user":	1.803041632886955,
			"host_system":	24.914757108983377,
			"remote_total":	10.354393652790048,
			"remote_user":	2.0201631293610274,
			"remote_system":	8.3183187679571713
		}
	}
}
