{
	"start":	{
		"connected":	[{
				"socket":	5,
				"local_host":	"10.120.139.104",
				"local_port":	52571,
				"remote_host":	"10.120.139.106",
				"remote_port":	5201
			}],
		"version":	"iperf 3.5",
		"system_info":	"Linux KN6GFJ-CHTEST-B 4.9.152 #0 Wed Jan 30 12:21:02 2019 mips",
		"timestamp":	{
			"time":	"Fri, 20 Mar 2020 11:01:13 GMT",
			"timesecs":	1584702073
		},
		"connecting_to":	{
			"host":	"10.120.139.106",
			"port":	5201
		},
		"cookie":	"lw4usbjpft536tmnc7c7vz7lnruosk6opd75",
		"sock_bufsize":	0,
		"sndbuf_actual":	163840,
		"rcvbuf_actual":	163840,
		"test_start":	{
			"protocol":	"UDP",
			"num_streams":	1,
			"blksize":	1448,
			"omit":	1,
			"duration":	5,
			"bytes":	0,
			"blocks":	0,
			"reverse":	0,
			"tos":	118
		}
	},
	"intervals":	[{
			"streams":	[{
					"socket":	5,
					"start":	0,
					"end":	1.0001568794250488,
					"seconds":	1.0001568794250488,
					"bytes":	1588456,
					"bits_per_second":	12705654.744188862,
					"packets":	1097,
					"omitted":	true
				}],
			"sum":	{
				"start":	0,
				"end":	1.0001568794250488,
				"seconds":	1.0001568794250488,
				"bytes":	1588456,
				"bits_per_second":	12705654.744188862,
				"packets":	1097,
				"omitted":	true
			}
		}, {
			"streams":	[{
					"socket":	5,
					"start":	0.00042796134948730469,
					"end":	1.0000641345977783,
					"seconds":	1.0004920959472656,
					"bytes":	1162744,
					"bits_per_second":	9297376.79855723,
					"packets":	803,
					"omitted":	false
				}],
			"sum":	{
				"start":	0.00042796134948730469,
				"end":	1.0000641345977783,
				"seconds":	1.0004920959472656,
				"bytes":	1162744,
				"bits_per_second":	9297376.79855723,
				"packets":	803,
				"omitted":	false
			}
		}, {
			"streams":	[{
					"socket":	5,
					"start":	1.0000641345977783,
					"end":	2.0001649856567383,
					"seconds":	1.00010085105896,
					"bytes":	1465376,
					"bits_per_second":	11721825.841450945,
					"packets":	1012,
					"omitted":	false
				}],
			"sum":	{
				"start":	1.0000641345977783,
				"end":	2.0001649856567383,
				"seconds":	1.00010085105896,
				"bytes":	1465376,
				"bits_per_second":	11721825.841450945,
				"packets":	1012,
				"omitted":	false
			}
		}, {
			"streams":	[{
					"socket":	5,
					"start":	2.0001649856567383,
					"end":	3.0002591609954834,
					"seconds":	1.0000941753387451,
					"bytes":	1579768,
					"bits_per_second":	12636953.910584765,
					"packets":	1091,
					"omitted":	false
				}],
			"sum":	{
				"start":	2.0001649856567383,
				"end":	3.0002591609954834,
				"seconds":	1.0000941753387451,
				"bytes":	1579768,
				"bits_per_second":	12636953.910584765,
				"packets":	1091,
				"omitted":	false
			}
		}, {
			"streams":	[{
					"socket":	5,
					"start":	3.0002591609954834,
					"end":	4.0000741481781006,
					"seconds":	0.99981498718261719,
					"bytes":	1317680,
					"bits_per_second":	10543390.66241122,
					"packets":	910,
					"omitted":	false
				}],
			"sum":	{
				"start":	3.0002591609954834,
				"end":	4.0000741481781006,
				"seconds":	0.99981498718261719,
				"bytes":	1317680,
				"bits_per_second":	10543390.66241122,
				"packets":	910,
				"omitted":	false
			}
		}, {
			"streams":	[{
					"socket":	5,
					"start":	4.0000741481781006,
					"end":	4.999561071395874,
					"seconds":	0.99948692321777344,
					"bytes":	1432072,
					"bits_per_second":	11462457.120615855,
					"packets":	989,
					"omitted":	false
				}],
			"sum":	{
				"start":	4.0000741481781006,
				"end":	4.999561071395874,
				"seconds":	0.99948692321777344,
				"bytes":	1432072,
				"bits_per_second":	11462457.120615855,
				"packets":	989,
				"omitted":	false
			}
		}],
	"end":	{
		"streams":	[{
				"udp":	{
					"socket":	5,
					"start":	0,
					"end":	4.999561071395874,
					"seconds":	4.999561071395874,
					"bytes":	6957640,
					"bits_per_second":	11133201.336104382,
					"jitter_ms":	2.7997519663172978,
					"lost_packets":	0,
					"packets":	4805,
					"lost_percent":	0,
					"out_of_order":	0
				}
			}],
		"sum":	{
			"start":	0,
			"end":	5.077427864074707,
			"seconds":	5.077427864074707,
			"bytes":	6957640,
			"bits_per_second":	11133201.336104382,
			"jitter_ms":	2.7997519663172978,
			"lost_packets":	0,
			"packets":	4805,
			"lost_percent":	0
		},
		"cpu_utilization_percent":	{
			"host_total":	26.400616935778569,
			"host_user":	4.2606062056057121,
			"host_system":	22.122378375260428,
			"remote_total":	11.655529234544836,
			"remote_user":	3.4210775874396644,
			"remote_system":	8.2105862098551938
		}
	}
}
