{
	"start":	{
		"connected":	[{
				"socket":	5,
				"local_host":	"10.120.139.104",
				"local_port":	56866,
				"remote_host":	"10.120.139.106",
				"remote_port":	5201
			}],
		"version":	"iperf 3.5",
		"system_info":	"Linux KN6GFJ-CHTEST-B 4.9.152 #0 Wed Jan 30 12:21:02 2019 mips",
		"timestamp":	{
			"time":	"Fri, 20 Mar 2020 10:56:21 GMT",
			"timesecs":	1584701781
		},
		"connecting_to":	{
			"host":	"10.120.139.106",
			"port":	5201
		},
		"cookie":	"lhlsak4hfuggghx7lbaogutegovmikjckcav",
		"sock_bufsize":	0,
		"sndbuf_actual":	163840,
		"rcvbuf_actual":	163840,
		"test_start":	{
			"protocol":	"UDP",
			"num_streams":	1,
			"blksize":	1448,
			"omit":	1,
			"duration":	5,
			"bytes":	0,
			"blocks":	0,
			"reverse":	0,
			"tos":	118
		}
	},
	"intervals":	[{
			"streams":	[{
					"socket":	5,
					"start":	0,
					"end":	1.000175952911377,
					"seconds":	1.000175952911377,
					"bytes":	1394424,
					"bits_per_second":	11153429.521603836,
					"packets":	963,
					"omitted":	true
				}],
			"sum":	{
				"start":	0,
				"end":	1.000175952911377,
				"seconds":	1.000175952911377,
				"bytes":	1394424,
				"bits_per_second":	11153429.521603836,
				"packets":	963,
				"omitted":	true
			}
		}, {
			"streams":	[{
					"socket":	5,
					"start":	0.00042009353637695312,
					"end":	0.999600887298584,
					"seconds":	1.0000209808349609,
					"bytes":	1408904,
					"bits_per_second":	11270995.525103042,
					"packets":	973,
					"omitted":	false
				}],
			"sum":	{
				"start":	0.00042009353637695312,
				"end":	0.999600887298584,
				"seconds":	1.0000209808349609,
				"bytes":	1408904,
				"bits_per_second":	11270995.525103042,
				"packets":	973,
				"omitted":	false
			}
		}, {
			"streams":	[{
					"socket":	5,
					"start":	0.999600887298584,
					"end":	1.9997620582580566,
					"seconds":	1.0001611709594727,
					"bytes":	1233696,
					"bits_per_second":	9867977.5685872156,
					"packets":	852,
					"omitted":	false
				}],
			"sum":	{
				"start":	0.999600887298584,
				"end":	1.9997620582580566,
				"seconds":	1.0001611709594727,
				"bytes":	1233696,
				"bits_per_second":	9867977.5685872156,
				"packets":	852,
				"omitted":	false
			}
		}, {
			"streams":	[{
					"socket":	5,
					"start":	1.9997620582580566,
					"end":	2.999600887298584,
					"seconds":	0.99983882904052734,
					"bytes":	1465376,
					"bits_per_second":	11724897.713014126,
					"packets":	1012,
					"omitted":	false
				}],
			"sum":	{
				"start":	1.9997620582580566,
				"end":	2.999600887298584,
				"seconds":	0.99983882904052734,
				"bytes":	1465376,
				"bits_per_second":	11724897.713014126,
				"packets":	1012,
				"omitted":	false
			}
		}, {
			"streams":	[{
					"socket":	5,
					"start":	2.999600887298584,
					"end":	4.0016930103302,
					"seconds":	1.0020921230316162,
					"bytes":	1427728,
					"bits_per_second":	11397978.027654488,
					"packets":	986,
					"omitted":	false
				}],
			"sum":	{
				"start":	2.999600887298584,
				"end":	4.0016930103302,
				"seconds":	1.0020921230316162,
				"bytes":	1427728,
				"bits_per_second":	11397978.027654488,
				"packets":	986,
				"omitted":	false
			}
		}, {
			"streams":	[{
					"socket":	5,
					"start":	4.0016930103302,
					"end":	4.9996140003204346,
					"seconds":	0.99792098999023438,
					"bytes":	1468272,
					"bits_per_second":	11770647.2935447,
					"packets":	1014,
					"omitted":	false
				}],
			"sum":	{
				"start":	4.0016930103302,
				"end":	4.9996140003204346,
				"seconds":	0.99792098999023438,
				"bytes":	1468272,
				"bits_per_second":	11770647.2935447,
				"packets":	1014,
				"omitted":	false
			}
		}],
	"end":	{
		"streams":	[{
				"udp":	{
					"socket":	5,
					"start":	0,
					"end":	4.9996140003204346,
					"seconds":	4.9996140003204346,
					"bytes":	7003976,
					"bits_per_second":	11207226.797190506,
					"jitter_ms":	0.45500582390874011,
					"lost_packets":	2,
					"packets":	4837,
					"lost_percent":	0.04134794293983874,
					"out_of_order":	0
				}
			}],
		"sum":	{
			"start":	0,
			"end":	5.0620560646057129,
			"seconds":	5.0620560646057129,
			"bytes":	7003976,
			"bits_per_second":	11207226.797190506,
			"jitter_ms":	0.45500582390874011,
			"lost_packets":	2,
			"packets":	4837,
			"lost_percent":	0.04134794293983874
		},
		"cpu_utilization_percent":	{
			"host_total":	26.166572731029358,
			"host_user":	4.0865271450017522,
			"host_system":	22.06724658300946,
			"remote_total":	11.726915736189131,
			"remote_user":	2.7091424074252175,
			"remote_system":	8.9401699445032179
		}
	}
}
