{
	"start":	{
		"connected":	[{
				"socket":	5,
				"local_host":	"10.120.139.104",
				"local_port":	38776,
				"remote_host":	"10.120.139.106",
				"remote_port":	5201
			}],
		"version":	"iperf 3.5",
		"system_info":	"Linux KN6GFJ-CHTEST-B 4.9.152 #0 Wed Jan 30 12:21:02 2019 mips",
		"timestamp":	{
			"time":	"Fri, 20 Mar 2020 10:42:31 GMT",
			"timesecs":	1584700951
		},
		"connecting_to":	{
			"host":	"10.120.139.106",
			"port":	5201
		},
		"cookie":	"haayyrngjw37h2zzva33j7lzu7o7ifik4om6",
		"sock_bufsize":	0,
		"sndbuf_actual":	163840,
		"rcvbuf_actual":	163840,
		"test_start":	{
			"protocol":	"UDP",
			"num_streams":	1,
			"blksize":	1448,
			"omit":	1,
			"duration":	5,
			"bytes":	0,
			"blocks":	0,
			"reverse":	0,
			"tos":	118
		}
	},
	"intervals":	[{
			"streams":	[{
					"socket":	5,
					"start":	0,
					"end":	1.0001649856567383,
					"seconds":	1.0001649856567383,
					"bytes":	816672,
					"bits_per_second":	6532298.2644808246,
					"packets":	564,
					"omitted":	true
				}],
			"sum":	{
				"start":	0,
				"end":	1.0001649856567383,
				"seconds":	1.0001649856567383,
				"bytes":	816672,
				"bits_per_second":	6532298.2644808246,
				"packets":	564,
				"omitted":	true
			}
		}, {
			"streams":	[{
					"socket":	5,
					"start":	0.00039911270141601562,
					"end":	0.999647855758667,
					"seconds":	1.000046968460083,
					"bytes":	637120,
					"bits_per_second":	5096720.6148812454,
					"packets":	440,
					"omitted":	false
				}],
			"sum":	{
				"start":	0.00039911270141601562,
				"end":	0.999647855758667,
				"seconds":	1.000046968460083,
				"bytes":	637120,
				"bits_per_second":	5096720.6148812454,
				"packets":	440,
				"omitted":	false
			}
		}, {
			"streams":	[{
					"socket":	5,
					"start":	0.999647855758667,
					"end":	1.9996688365936279,
					"seconds":	1.0000209808349609,
					"bytes":	699384,
					"bits_per_second":	5594954.6131806467,
					"packets":	483,
					"omitted":	false
				}],
			"sum":	{
				"start":	0.999647855758667,
				"end":	1.9996688365936279,
				"seconds":	1.0000209808349609,
				"bytes":	699384,
				"bits_per_second":	5594954.6131806467,
				"packets":	483,
				"omitted":	false
			}
		}, {
			"streams":	[{
					"socket":	5,
					"start":	1.9996688365936279,
					"end":	2.9996399879455566,
					"seconds":	0.99997115135192871,
					"bytes":	683456,
					"bits_per_second":	5467805.7388034808,
					"packets":	472,
					"omitted":	false
				}],
			"sum":	{
				"start":	1.9996688365936279,
				"end":	2.9996399879455566,
				"seconds":	0.99997115135192871,
				"bytes":	683456,
				"bits_per_second":	5467805.7388034808,
				"packets":	472,
				"omitted":	false
			}
		}, {
			"streams":	[{
					"socket":	5,
					"start":	2.9996399879455566,
					"end":	3.9996368885040283,
					"seconds":	0.99999690055847168,
					"bytes":	757304,
					"bits_per_second":	6058450.7778139384,
					"packets":	523,
					"omitted":	false
				}],
			"sum":	{
				"start":	2.9996399879455566,
				"end":	3.9996368885040283,
				"seconds":	0.99999690055847168,
				"bytes":	757304,
				"bits_per_second":	6058450.7778139384,
				"packets":	523,
				"omitted":	false
			}
		}, {
			"streams":	[{
					"socket":	5,
					"start":	3.9996368885040283,
					"end":	5.0057568550109863,
					"seconds":	1.006119966506958,
					"bytes":	667528,
					"bits_per_second":	5307740.80405159,
					"packets":	461,
					"omitted":	false
				}],
			"sum":	{
				"start":	3.9996368885040283,
				"end":	5.0057568550109863,
				"seconds":	1.006119966506958,
				"bytes":	667528,
				"bits_per_second":	5307740.80405159,
				"packets":	461,
				"omitted":	false
			}
		}],
	"end":	{
		"streams":	[{
				"udp":	{
					"socket":	5,
					"start":	0,
					"end":	5.0057568550109863,
					"seconds":	5.0057568550109863,
					"bytes":	3444792,
					"bits_per_second":	5505328.52437946,
					"jitter_ms":	1.9297196903007723,
					"lost_packets":	4,
					"packets":	2379,
					"lost_percent":	0.16813787305590586,
					"out_of_order":	0
				}
			}],
		"sum":	{
			"start":	0,
			"end":	5.1170251369476318,
			"seconds":	5.1170251369476318,
			"bytes":	3444792,
			"bits_per_second":	5505328.52437946,
			"jitter_ms":	1.9297196903007723,
			"lost_packets":	4,
			"packets":	2379,
			"lost_percent":	0.16813787305590586
		},
		"cpu_utilization_percent":	{
			"host_total":	17.966560857516058,
			"host_user":	3.9313958322617548,
			"host_system":	13.923693572593715,
			"remote_total":	6.3295613825729156,
			"remote_user":	0.820167593045963,
			"remote_system":	5.4677839536397537
		}
	}
}
