{
	"start":	{
		"connected":	[{
				"socket":	5,
				"local_host":	"10.120.139.104",
				"local_port":	56143,
				"remote_host":	"10.120.139.106",
				"remote_port":	5201
			}],
		"version":	"iperf 3.5",
		"system_info":	"Linux KN6GFJ-CHTEST-B 4.9.152 #0 Wed Jan 30 12:21:02 2019 mips",
		"timestamp":	{
			"time":	"Fri, 20 Mar 2020 11:01:21 GMT",
			"timesecs":	1584702081
		},
		"connecting_to":	{
			"host":	"10.120.139.106",
			"port":	5201
		},
		"cookie":	"wluzljdfibv3us2cavno52gsectlxzy5k7pv",
		"sock_bufsize":	0,
		"sndbuf_actual":	163840,
		"rcvbuf_actual":	163840,
		"test_start":	{
			"protocol":	"UDP",
			"num_streams":	1,
			"blksize":	1448,
			"omit":	1,
			"duration":	5,
			"bytes":	0,
			"blocks":	0,
			"reverse":	0,
			"tos":	118
		}
	},
	"intervals":	[{
			"streams":	[{
					"socket":	5,
					"start":	0,
					"end":	1.0001640319824219,
					"seconds":	1.0001640319824219,
					"bytes":	1392976,
					"bits_per_second":	11141980.358873628,
					"packets":	962,
					"omitted":	true
				}],
			"sum":	{
				"start":	0,
				"end":	1.0001640319824219,
				"seconds":	1.0001640319824219,
				"bytes":	1392976,
				"bits_per_second":	11141980.358873628,
				"packets":	962,
				"omitted":	true
			}
		}, {
			"streams":	[{
					"socket":	5,
					"start":	0.00040292739868164062,
					"end":	0.99963808059692383,
					"seconds":	1.0000410079956055,
					"bytes":	1400216,
					"bits_per_second":	11201268.658424079,
					"packets":	967,
					"omitted":	false
				}],
			"sum":	{
				"start":	0.00040292739868164062,
				"end":	0.99963808059692383,
				"seconds":	1.0000410079956055,
				"bytes":	1400216,
				"bits_per_second":	11201268.658424079,
				"packets":	967,
				"omitted":	false
			}
		}, {
			"streams":	[{
					"socket":	5,
					"start":	0.99963808059692383,
					"end":	2.0005450248718262,
					"seconds":	1.0009069442749023,
					"bytes":	1475512,
					"bits_per_second":	11793400.043349052,
					"packets":	1019,
					"omitted":	false
				}],
			"sum":	{
				"start":	0.99963808059692383,
				"end":	2.0005450248718262,
				"seconds":	1.0009069442749023,
				"bytes":	1475512,
				"bits_per_second":	11793400.043349052,
				"packets":	1019,
				"omitted":	false
			}
		}, {
			"streams":	[{
					"socket":	5,
					"start":	2.0005450248718262,
					"end":	2.9996321201324463,
					"seconds":	0.99908709526062012,
					"bytes":	1282928,
					"bits_per_second":	10272802.089714412,
					"packets":	886,
					"omitted":	false
				}],
			"sum":	{
				"start":	2.0005450248718262,
				"end":	2.9996321201324463,
				"seconds":	0.99908709526062012,
				"bytes":	1282928,
				"bits_per_second":	10272802.089714412,
				"packets":	886,
				"omitted":	false
			}
		}, {
			"streams":	[{
					"socket":	5,
					"start":	2.9996321201324463,
					"end":	3.9996130466461182,
					"seconds":	0.99998092651367188,
					"bytes":	1492888,
					"bits_per_second":	11943331.800975818,
					"packets":	1031,
					"omitted":	false
				}],
			"sum":	{
				"start":	2.9996321201324463,
				"end":	3.9996130466461182,
				"seconds":	0.99998092651367188,
				"bytes":	1492888,
				"bits_per_second":	11943331.800975818,
				"packets":	1031,
				"omitted":	false
			}
		}, {
			"streams":	[{
					"socket":	5,
					"start":	3.9996130466461182,
					"end":	5.0001461505889893,
					"seconds":	1.0005331039428711,
					"bytes":	1432072,
					"bits_per_second":	11450471.708384527,
					"packets":	989,
					"omitted":	false
				}],
			"sum":	{
				"start":	3.9996130466461182,
				"end":	5.0001461505889893,
				"seconds":	1.0005331039428711,
				"bytes":	1432072,
				"bits_per_second":	11450471.708384527,
				"packets":	989,
				"omitted":	false
			}
		}],
	"end":	{
		"streams":	[{
				"udp":	{
					"socket":	5,
					"start":	0,
					"end":	5.0001461505889893,
					"seconds":	5.0001461505889893,
					"bytes":	7083616,
					"bits_per_second":	11333454.321795117,
					"jitter_ms":	0.68460805208347275,
					"lost_packets":	1,
					"packets":	4892,
					"lost_percent":	0.020441537203597711,
					"out_of_order":	0
				}
			}],
		"sum":	{
			"start":	0,
			"end":	5.0577201843261719,
			"seconds":	5.0577201843261719,
			"bytes":	7083616,
			"bits_per_second":	11333454.321795117,
			"jitter_ms":	0.68460805208347275,
			"lost_packets":	1,
			"packets":	4892,
			"lost_percent":	0.020441537203597711
		},
		"cpu_utilization_percent":	{
			"host_total":	25.26315102008828,
			"host_user":	3.2654580662120605,
			"host_system":	22.04184194693141,
			"remote_total":	11.45654755666382,
			"remote_user":	1.9006048810791525,
			"remote_system":	9.5030244053957631
		}
	}
}
