{
	"start":	{
		"connected":	[{
				"socket":	5,
				"local_host":	"10.120.139.104",
				"local_port":	59539,
				"remote_host":	"10.120.139.106",
				"remote_port":	5201
			}],
		"version":	"iperf 3.5",
		"system_info":	"Linux KN6GFJ-CHTEST-B 4.9.152 #0 Wed Jan 30 12:21:02 2019 mips",
		"timestamp":	{
			"time":	"Fri, 20 Mar 2020 10:53:58 GMT",
			"timesecs":	1584701638
		},
		"connecting_to":	{
			"host":	"10.120.139.106",
			"port":	5201
		},
		"cookie":	"mnp4itpd22jwqtjyopp6rourpyt27puon7k6",
		"sock_bufsize":	0,
		"sndbuf_actual":	163840,
		"rcvbuf_actual":	163840,
		"test_start":	{
			"protocol":	"UDP",
			"num_streams":	1,
			"blksize":	1448,
			"omit":	1,
			"duration":	5,
			"bytes":	0,
			"blocks":	0,
			"reverse":	0,
			"tos":	117
		}
	},
	"intervals":	[{
			"streams":	[{
					"socket":	5,
					"start":	0,
					"end":	1.0001609325408936,
					"seconds":	1.0001609325408936,
					"bytes":	250504,
					"bits_per_second":	2003709.5379328479,
					"packets":	173,
					"omitted":	true
				}],
			"sum":	{
				"start":	0,
				"end":	1.0001609325408936,
				"seconds":	1.0001609325408936,
				"bytes":	250504,
				"bits_per_second":	2003709.5379328479,
				"packets":	173,
				"omitted":	true
			}
		}, {
			"streams":	[{
					"socket":	5,
					"start":	0.00040197372436523438,
					"end":	1.0001020431518555,
					"seconds":	1.0005040168762207,
					"bytes":	250504,
					"bits_per_second":	2003022.4428853369,
					"packets":	173,
					"omitted":	false
				}],
			"sum":	{
				"start":	0.00040197372436523438,
				"end":	1.0001020431518555,
				"seconds":	1.0005040168762207,
				"bytes":	250504,
				"bits_per_second":	2003022.4428853369,
				"packets":	173,
				"omitted":	false
			}
		}, {
			"streams":	[{
					"socket":	5,
					"start":	1.0001020431518555,
					"end":	2.0004889965057373,
					"seconds":	1.0003869533538818,
					"bytes":	250504,
					"bits_per_second":	2003256.8330497646,
					"packets":	173,
					"omitted":	false
				}],
			"sum":	{
				"start":	1.0001020431518555,
				"end":	2.0004889965057373,
				"seconds":	1.0003869533538818,
				"bytes":	250504,
				"bits_per_second":	2003256.8330497646,
				"packets":	173,
				"omitted":	false
			}
		}, {
			"streams":	[{
					"socket":	5,
					"start":	2.0004889965057373,
					"end":	3.000169038772583,
					"seconds":	0.9996800422668457,
					"bytes":	249056,
					"bits_per_second":	1993085.7031835727,
					"packets":	172,
					"omitted":	false
				}],
			"sum":	{
				"start":	2.0004889965057373,
				"end":	3.000169038772583,
				"seconds":	0.9996800422668457,
				"bytes":	249056,
				"bits_per_second":	1993085.7031835727,
				"packets":	172,
				"omitted":	false
			}
		}, {
			"streams":	[{
					"socket":	5,
					"start":	3.000169038772583,
					"end":	4.0000782012939453,
					"seconds":	0.9999091625213623,
					"bytes":	250504,
					"bits_per_second":	2004214.0577516563,
					"packets":	173,
					"omitted":	false
				}],
			"sum":	{
				"start":	3.000169038772583,
				"end":	4.0000782012939453,
				"seconds":	0.9999091625213623,
				"bytes":	250504,
				"bits_per_second":	2004214.0577516563,
				"packets":	173,
				"omitted":	false
			}
		}, {
			"streams":	[{
					"socket":	5,
					"start":	4.0000782012939453,
					"end":	4.9996421337127686,
					"seconds":	0.99956393241882324,
					"bytes":	249056,
					"bits_per_second":	1993317.2210190878,
					"packets":	172,
					"omitted":	false
				}],
			"sum":	{
				"start":	4.0000782012939453,
				"end":	4.9996421337127686,
				"seconds":	0.99956393241882324,
				"bytes":	249056,
				"bits_per_second":	1993317.2210190878,
				"packets":	172,
				"omitted":	false
			}
		}],
	"end":	{
		"streams":	[{
				"udp":	{
					"socket":	5,
					"start":	0,
					"end":	4.9996421337127686,
					"seconds":	4.9996421337127686,
					"bytes":	1249624,
					"bits_per_second":	1999541.5136995346,
					"jitter_ms":	0.34800911941134455,
					"lost_packets":	0,
					"packets":	863,
					"lost_percent":	0,
					"out_of_order":	0
				}
			}],
		"sum":	{
			"start":	0,
			"end":	5.047123908996582,
			"seconds":	5.047123908996582,
			"bytes":	1249624,
			"bits_per_second":	1999541.5136995346,
			"jitter_ms":	0.34800911941134455,
			"lost_packets":	0,
			"packets":	863,
			"lost_percent":	0
		},
		"cpu_utilization_percent":	{
			"host_total":	13.364061941825081,
			"host_user":	4.586196498537249,
			"host_system":	8.68101480080265,
			"remote_total":	2.5243415607976005,
			"remote_user":	1.7862592420022649,
			"remote_system":	0.68702278538548645
		}
	}
}
