{
	"start":	{
		"connected":	[{
				"socket":	5,
				"local_host":	"10.120.137.132",
				"local_port":	37806,
				"remote_host":	"10.120.137.14",
				"remote_port":	5201
			}],
		"version":	"iperf 3.5",
		"system_info":	"Linux KN6GFJ-CHTEST-C 4.9.152 #0 Wed Jan 30 12:21:02 2019 mips",
		"timestamp":	{
			"time":	"Wed, 30 Jan 2019 17:19:39 GMT",
			"timesecs":	1548868779
		},
		"connecting_to":	{
			"host":	"10.120.137.14",
			"port":	5201
		},
		"cookie":	"hrksmfxf7axxty2nvwkkpxyttqltkkewlfth",
		"sock_bufsize":	0,
		"sndbuf_actual":	163840,
		"rcvbuf_actual":	163840,
		"test_start":	{
			"protocol":	"UDP",
			"num_streams":	1,
			"blksize":	1448,
			"omit":	1,
			"duration":	5,
			"bytes":	0,
			"blocks":	0,
			"reverse":	0,
			"tos":	118
		}
	},
	"intervals":	[{
			"streams":	[{
					"socket":	5,
					"start":	0,
					"end":	1.0001621246337891,
					"seconds":	1.0001621246337891,
					"bytes":	1743392,
					"bits_per_second":	13944875.192216227,
					"packets":	1204,
					"omitted":	true
				}],
			"sum":	{
				"start":	0,
				"end":	1.0001621246337891,
				"seconds":	1.0001621246337891,
				"bytes":	1743392,
				"bits_per_second":	13944875.192216227,
				"packets":	1204,
				"omitted":	true
			}
		}, {
			"streams":	[{
					"socket":	5,
					"start":	0.00042390823364257812,
					"end":	1.0001590251922607,
					"seconds":	1.0005829334259033,
					"bytes":	1558048,
					"bits_per_second":	12457122.327005023,
					"packets":	1076,
					"omitted":	false
				}],
			"sum":	{
				"start":	0.00042390823364257812,
				"end":	1.0001590251922607,
				"seconds":	1.0005829334259033,
				"bytes":	1558048,
				"bits_per_second":	12457122.327005023,
				"packets":	1076,
				"omitted":	false
			}
		}, {
			"streams":	[{
					"socket":	5,
					"start":	1.0001590251922607,
					"end":	2.0000839233398438,
					"seconds":	0.999924898147583,
					"bytes":	1682576,
					"bits_per_second":	13461618.992522871,
					"packets":	1162,
					"omitted":	false
				}],
			"sum":	{
				"start":	1.0001590251922607,
				"end":	2.0000839233398438,
				"seconds":	0.999924898147583,
				"bytes":	1682576,
				"bits_per_second":	13461618.992522871,
				"packets":	1162,
				"omitted":	false
			}
		}, {
			"streams":	[{
					"socket":	5,
					"start":	2.0000839233398438,
					"end":	3.0001239776611328,
					"seconds":	1.0000400543212891,
					"bytes":	1411800,
					"bits_per_second":	11293947.628593063,
					"packets":	975,
					"omitted":	false
				}],
			"sum":	{
				"start":	2.0000839233398438,
				"end":	3.0001239776611328,
				"seconds":	1.0000400543212891,
				"bytes":	1411800,
				"bits_per_second":	11293947.628593063,
				"packets":	975,
				"omitted":	false
			}
		}, {
			"streams":	[{
					"socket":	5,
					"start":	3.0001239776611328,
					"end":	4.0000729560852051,
					"seconds":	0.99994897842407227,
					"bytes":	1316232,
					"bits_per_second":	10530393.277260145,
					"packets":	909,
					"omitted":	false
				}],
			"sum":	{
				"start":	3.0001239776611328,
				"end":	4.0000729560852051,
				"seconds":	0.99994897842407227,
				"bytes":	1316232,
				"bits_per_second":	10530393.277260145,
				"packets":	909,
				"omitted":	false
			}
		}, {
			"streams":	[{
					"socket":	5,
					"start":	4.0000729560852051,
					"end":	4.9997529983520508,
					"seconds":	0.9996800422668457,
					"bytes":	1543568,
					"bits_per_second":	12352496.276707493,
					"packets":	1066,
					"omitted":	false
				}],
			"sum":	{
				"start":	4.0000729560852051,
				"end":	4.9997529983520508,
				"seconds":	0.9996800422668457,
				"bytes":	1543568,
				"bits_per_second":	12352496.276707493,
				"packets":	1066,
				"omitted":	false
			}
		}],
	"end":	{
		"streams":	[{
				"udp":	{
					"socket":	5,
					"start":	0,
					"end":	4.9997529983520508,
					"seconds":	4.9997529983520508,
					"bytes":	7512224,
					"bits_per_second":	12020152.199480375,
					"jitter_ms":	0.73303064525354544,
					"lost_packets":	0,
					"packets":	5188,
					"lost_percent":	0,
					"out_of_order":	0
				}
			}],
		"sum":	{
			"start":	0,
			"end":	5.0916731357574463,
			"seconds":	5.0916731357574463,
			"bytes":	7512224,
			"bits_per_second":	12020152.199480375,
			"jitter_ms":	0.73303064525354544,
			"lost_packets":	0,
			"packets":	5188,
			"lost_percent":	0
		},
		"cpu_utilization_percent":	{
			"host_total":	26.175321450640133,
			"host_user":	4.5905710654010461,
			"host_system":	21.477314627412035,
			"remote_total":	12.839832922173755,
			"remote_user":	3.6759300102926038,
			"remote_system":	9.25789780369989
		}
	}
}
