{
	"start":	{
		"connected":	[{
				"socket":	5,
				"local_host":	"10.120.137.132",
				"local_port":	44933,
				"remote_host":	"10.120.137.14",
				"remote_port":	5201
			}],
		"version":	"iperf 3.5",
		"system_info":	"Linux KN6GFJ-CHTEST-C 4.9.152 #0 Wed Jan 30 12:21:02 2019 mips",
		"timestamp":	{
			"time":	"Wed, 30 Jan 2019 17:14:09 GMT",
			"timesecs":	1548868449
		},
		"connecting_to":	{
			"host":	"10.120.137.14",
			"port":	5201
		},
		"cookie":	"vq32zdud26h3ssdf2bddxizbjh2f7ccxjraj",
		"sock_bufsize":	0,
		"sndbuf_actual":	163840,
		"rcvbuf_actual":	163840,
		"test_start":	{
			"protocol":	"UDP",
			"num_streams":	1,
			"blksize":	1448,
			"omit":	1,
			"duration":	5,
			"bytes":	0,
			"blocks":	0,
			"reverse":	0,
			"tos":	118
		}
	},
	"intervals":	[{
			"streams":	[{
					"socket":	5,
					"start":	0,
					"end":	1.00016188621521,
					"seconds":	1.00016188621521,
					"bytes":	1187360,
					"bits_per_second":	9497342.5111663155,
					"packets":	820,
					"omitted":	true
				}],
			"sum":	{
				"start":	0,
				"end":	1.00016188621521,
				"seconds":	1.00016188621521,
				"bytes":	1187360,
				"bits_per_second":	9497342.5111663155,
				"packets":	820,
				"omitted":	true
			}
		}, {
			"streams":	[{
					"socket":	5,
					"start":	0.00050711631774902344,
					"end":	1.0001518726348877,
					"seconds":	1.0006589889526367,
					"bytes":	789160,
					"bits_per_second":	6309122.3580652019,
					"packets":	545,
					"omitted":	false
				}],
			"sum":	{
				"start":	0.00050711631774902344,
				"end":	1.0001518726348877,
				"seconds":	1.0006589889526367,
				"bytes":	789160,
				"bits_per_second":	6309122.3580652019,
				"packets":	545,
				"omitted":	false
			}
		}, {
			"streams":	[{
					"socket":	5,
					"start":	1.0001518726348877,
					"end":	2.0005240440368652,
					"seconds":	1.0003721714019775,
					"bytes":	1039664,
					"bits_per_second":	8314217.6859474741,
					"packets":	718,
					"omitted":	false
				}],
			"sum":	{
				"start":	1.0001518726348877,
				"end":	2.0005240440368652,
				"seconds":	1.0003721714019775,
				"bytes":	1039664,
				"bits_per_second":	8314217.6859474741,
				"packets":	718,
				"omitted":	false
			}
		}, {
			"streams":	[{
					"socket":	5,
					"start":	2.0005240440368652,
					"end":	3.0000269412994385,
					"seconds":	0.99950289726257324,
					"bytes":	1146816,
					"bits_per_second":	9179090.95123895,
					"packets":	792,
					"omitted":	false
				}],
			"sum":	{
				"start":	2.0005240440368652,
				"end":	3.0000269412994385,
				"seconds":	0.99950289726257324,
				"bytes":	1146816,
				"bits_per_second":	9179090.95123895,
				"packets":	792,
				"omitted":	false
			}
		}, {
			"streams":	[{
					"socket":	5,
					"start":	3.0000269412994385,
					"end":	4.0000278949737549,
					"seconds":	1.0000009536743164,
					"bytes":	1271344,
					"bits_per_second":	10170742.300424289,
					"packets":	878,
					"omitted":	false
				}],
			"sum":	{
				"start":	3.0000269412994385,
				"end":	4.0000278949737549,
				"seconds":	1.0000009536743164,
				"bytes":	1271344,
				"bits_per_second":	10170742.300424289,
				"packets":	878,
				"omitted":	false
			}
		}, {
			"streams":	[{
					"socket":	5,
					"start":	4.0000278949737549,
					"end":	4.999661922454834,
					"seconds":	0.9996340274810791,
					"bytes":	1206184,
					"bits_per_second":	9653004.7344578244,
					"packets":	833,
					"omitted":	false
				}],
			"sum":	{
				"start":	4.0000278949737549,
				"end":	4.999661922454834,
				"seconds":	0.9996340274810791,
				"bytes":	1206184,
				"bits_per_second":	9653004.7344578244,
				"packets":	833,
				"omitted":	false
			}
		}],
	"end":	{
		"streams":	[{
				"udp":	{
					"socket":	5,
					"start":	0,
					"end":	4.999661922454834,
					"seconds":	4.999661922454834,
					"bytes":	5453168,
					"bits_per_second":	8725658.7898607273,
					"jitter_ms":	3.9868054094458456,
					"lost_packets":	2,
					"packets":	3766,
					"lost_percent":	0.053106744556558685,
					"out_of_order":	0
				}
			}],
		"sum":	{
			"start":	0,
			"end":	5.0658431053161621,
			"seconds":	5.0658431053161621,
			"bytes":	5453168,
			"bits_per_second":	8725658.7898607273,
			"jitter_ms":	3.9868054094458456,
			"lost_packets":	2,
			"packets":	3766,
			"lost_percent":	0.053106744556558685
		},
		"cpu_utilization_percent":	{
			"host_total":	20.743173420499488,
			"host_user":	4.9107077819495153,
			"host_system":	15.877955161636764,
			"remote_total":	8.9046478124542574,
			"remote_user":	2.3387088786193582,
			"remote_system":	6.6034133043370122
		}
	}
}
