{
	"start":	{
		"connected":	[{
				"socket":	5,
				"local_host":	"10.120.137.132",
				"local_port":	60808,
				"remote_host":	"10.120.137.14",
				"remote_port":	5201
			}],
		"version":	"iperf 3.5",
		"system_info":	"Linux KN6GFJ-CHTEST-C 4.9.152 #0 Wed Jan 30 12:21:02 2019 mips",
		"timestamp":	{
			"time":	"Wed, 30 Jan 2019 17:22:37 GMT",
			"timesecs":	1548868957
		},
		"connecting_to":	{
			"host":	"10.120.137.14",
			"port":	5201
		},
		"cookie":	"nyjnnywcbyrncakxivfxapwpbwsgptcxxpmz",
		"sock_bufsize":	0,
		"sndbuf_actual":	163840,
		"rcvbuf_actual":	163840,
		"test_start":	{
			"protocol":	"UDP",
			"num_streams":	1,
			"blksize":	1448,
			"omit":	1,
			"duration":	5,
			"bytes":	0,
			"blocks":	0,
			"reverse":	0,
			"tos":	118
		}
	},
	"intervals":	[{
			"streams":	[{
					"socket":	5,
					"start":	0,
					"end":	1.0002768039703369,
					"seconds":	1.0002768039703369,
					"bytes":	2250192,
					"bits_per_second":	17996554.482266925,
					"packets":	1554,
					"omitted":	true
				}],
			"sum":	{
				"start":	0,
				"end":	1.0002768039703369,
				"seconds":	1.0002768039703369,
				"bytes":	2250192,
				"bits_per_second":	17996554.482266925,
				"packets":	1554,
				"omitted":	true
			}
		}, {
			"streams":	[{
					"socket":	5,
					"start":	0.00046610832214355469,
					"end":	0.999608039855957,
					"seconds":	1.0000741481781006,
					"bytes":	1222112,
					"bits_per_second":	9776171.1147230435,
					"packets":	844,
					"omitted":	false
				}],
			"sum":	{
				"start":	0.00046610832214355469,
				"end":	0.999608039855957,
				"seconds":	1.0000741481781006,
				"bytes":	1222112,
				"bits_per_second":	9776171.1147230435,
				"packets":	844,
				"omitted":	false
			}
		}, {
			"streams":	[{
					"socket":	5,
					"start":	0.999608039855957,
					"end":	1.9996020793914795,
					"seconds":	0.99999403953552246,
					"bytes":	1290168,
					"bits_per_second":	10321405.520370962,
					"packets":	891,
					"omitted":	false
				}],
			"sum":	{
				"start":	0.999608039855957,
				"end":	1.9996020793914795,
				"seconds":	0.99999403953552246,
				"bytes":	1290168,
				"bits_per_second":	10321405.520370962,
				"packets":	891,
				"omitted":	false
			}
		}, {
			"streams":	[{
					"socket":	5,
					"start":	1.9996020793914795,
					"end":	2.9996089935302734,
					"seconds":	1.0000069141387939,
					"bytes":	1419040,
					"bits_per_second":	11352241.509026583,
					"packets":	980,
					"omitted":	false
				}],
			"sum":	{
				"start":	1.9996020793914795,
				"end":	2.9996089935302734,
				"seconds":	1.0000069141387939,
				"bytes":	1419040,
				"bits_per_second":	11352241.509026583,
				"packets":	980,
				"omitted":	false
			}
		}, {
			"streams":	[{
					"socket":	5,
					"start":	2.9996089935302734,
					"end":	3.9996058940887451,
					"seconds":	0.99999690055847168,
					"bytes":	1416144,
					"bits_per_second":	11329187.114153024,
					"packets":	978,
					"omitted":	false
				}],
			"sum":	{
				"start":	2.9996089935302734,
				"end":	3.9996058940887451,
				"seconds":	0.99999690055847168,
				"bytes":	1416144,
				"bits_per_second":	11329187.114153024,
				"packets":	978,
				"omitted":	false
			}
		}, {
			"streams":	[{
					"socket":	5,
					"start":	3.9996058940887451,
					"end":	4.9994618892669678,
					"seconds":	0.99985599517822266,
					"bytes":	1419040,
					"bits_per_second":	11353955.024269737,
					"packets":	980,
					"omitted":	false
				}],
			"sum":	{
				"start":	3.9996058940887451,
				"end":	4.9994618892669678,
				"seconds":	0.99985599517822266,
				"bytes":	1419040,
				"bits_per_second":	11353955.024269737,
				"packets":	980,
				"omitted":	false
			}
		}],
	"end":	{
		"streams":	[{
				"udp":	{
					"socket":	5,
					"start":	0,
					"end":	4.9994618892669678,
					"seconds":	4.9994618892669678,
					"bytes":	6766504,
					"bits_per_second":	10827571.686507437,
					"jitter_ms":	0.60903842652595763,
					"lost_packets":	0,
					"packets":	4673,
					"lost_percent":	0,
					"out_of_order":	0
				}
			}],
		"sum":	{
			"start":	0,
			"end":	5.0638751983642578,
			"seconds":	5.0638751983642578,
			"bytes":	6766504,
			"bits_per_second":	10827571.686507437,
			"jitter_ms":	0.60903842652595763,
			"lost_packets":	0,
			"packets":	4673,
			"lost_percent":	0
		},
		"cpu_utilization_percent":	{
			"host_total":	27.576692193858072,
			"host_user":	3.6053811953149708,
			"host_system":	23.926620659817534,
			"remote_total":	13.565362461162266,
			"remote_user":	3.8586233479235235,
			"remote_system":	9.6465583698088082
		}
	}
}
