{
	"start":	{
		"connected":	[{
				"socket":	5,
				"local_host":	"10.120.137.132",
				"local_port":	33938,
				"remote_host":	"10.120.137.14",
				"remote_port":	5201
			}],
		"version":	"iperf 3.5",
		"system_info":	"Linux KN6GFJ-CHTEST-C 4.9.152 #0 Wed Jan 30 12:21:02 2019 mips",
		"timestamp":	{
			"time":	"Wed, 30 Jan 2019 17:21:22 GMT",
			"timesecs":	1548868882
		},
		"connecting_to":	{
			"host":	"10.120.137.14",
			"port":	5201
		},
		"cookie":	"zhikpki3l6ngojk75ad2rdeqsuu3qquf5pre",
		"sock_bufsize":	0,
		"sndbuf_actual":	163840,
		"rcvbuf_actual":	163840,
		"test_start":	{
			"protocol":	"UDP",
			"num_streams":	1,
			"blksize":	1448,
			"omit":	1,
			"duration":	5,
			"bytes":	0,
			"blocks":	0,
			"reverse":	0,
			"tos":	117
		}
	},
	"intervals":	[{
			"streams":	[{
					"socket":	5,
					"start":	0,
					"end":	1.0006058216094971,
					"seconds":	1.0006058216094971,
					"bytes":	1000568,
					"bits_per_second":	7999697.6103182267,
					"packets":	691,
					"omitted":	true
				}],
			"sum":	{
				"start":	0,
				"end":	1.0006058216094971,
				"seconds":	1.0006058216094971,
				"bytes":	1000568,
				"bits_per_second":	7999697.6103182267,
				"packets":	691,
				"omitted":	true
			}
		}, {
			"streams":	[{
					"socket":	5,
					"start":	0.0010590553283691406,
					"end":	0.99915194511413574,
					"seconds":	1.0002110004425049,
					"bytes":	1000568,
					"bits_per_second":	8002855.39397057,
					"packets":	691,
					"omitted":	false
				}],
			"sum":	{
				"start":	0.0010590553283691406,
				"end":	0.99915194511413574,
				"seconds":	1.0002110004425049,
				"bytes":	1000568,
				"bits_per_second":	8002855.39397057,
				"packets":	691,
				"omitted":	false
			}
		}, {
			"streams":	[{
					"socket":	5,
					"start":	0.99915194511413574,
					"end":	1.9990110397338867,
					"seconds":	0.999859094619751,
					"bytes":	999120,
					"bits_per_second":	7994086.4097853145,
					"packets":	690,
					"omitted":	false
				}],
			"sum":	{
				"start":	0.99915194511413574,
				"end":	1.9990110397338867,
				"seconds":	0.999859094619751,
				"bytes":	999120,
				"bits_per_second":	7994086.4097853145,
				"packets":	690,
				"omitted":	false
			}
		}, {
			"streams":	[{
					"socket":	5,
					"start":	1.9990110397338867,
					"end":	2.999021053314209,
					"seconds":	1.0000100135803223,
					"bytes":	1000568,
					"bits_per_second":	8004463.8466583351,
					"packets":	691,
					"omitted":	false
				}],
			"sum":	{
				"start":	1.9990110397338867,
				"end":	2.999021053314209,
				"seconds":	1.0000100135803223,
				"bytes":	1000568,
				"bits_per_second":	8004463.8466583351,
				"packets":	691,
				"omitted":	false
			}
		}, {
			"streams":	[{
					"socket":	5,
					"start":	2.999021053314209,
					"end":	3.9990329742431641,
					"seconds":	1.0000119209289551,
					"bytes":	1000568,
					"bits_per_second":	8004448.5795371588,
					"packets":	691,
					"omitted":	false
				}],
			"sum":	{
				"start":	2.999021053314209,
				"end":	3.9990329742431641,
				"seconds":	1.0000119209289551,
				"bytes":	1000568,
				"bits_per_second":	8004448.5795371588,
				"packets":	691,
				"omitted":	false
			}
		}, {
			"streams":	[{
					"socket":	5,
					"start":	3.9990329742431641,
					"end":	4.9986839294433594,
					"seconds":	0.99965095520019531,
					"bytes":	999120,
					"bits_per_second":	7995750.8752635447,
					"packets":	690,
					"omitted":	false
				}],
			"sum":	{
				"start":	3.9990329742431641,
				"end":	4.9986839294433594,
				"seconds":	0.99965095520019531,
				"bytes":	999120,
				"bits_per_second":	7995750.8752635447,
				"packets":	690,
				"omitted":	false
			}
		}],
	"end":	{
		"streams":	[{
				"udp":	{
					"socket":	5,
					"start":	0,
					"end":	4.9986839294433594,
					"seconds":	4.9986839294433594,
					"bytes":	4999944,
					"bits_per_second":	8002016.6436997047,
					"jitter_ms":	0.65680588660296568,
					"lost_packets":	0,
					"packets":	3453,
					"lost_percent":	0,
					"out_of_order":	0
				}
			}],
		"sum":	{
			"start":	0,
			"end":	5.045928955078125,
			"seconds":	5.045928955078125,
			"bytes":	4999944,
			"bits_per_second":	8002016.6436997047,
			"jitter_ms":	0.65680588660296568,
			"lost_packets":	0,
			"packets":	3453,
			"lost_percent":	0
		},
		"cpu_utilization_percent":	{
			"host_total":	29.642109525666815,
			"host_user":	2.7847701901162609,
			"host_system":	26.864841834062752,
			"remote_total":	10.052406149094118,
			"remote_user":	2.8772755653127167,
			"remote_system":	7.2616954743606659
		}
	}
}
