{
	"start":	{
		"connected":	[{
				"socket":	5,
				"local_host":	"10.120.137.132",
				"local_port":	44475,
				"remote_host":	"10.120.137.14",
				"remote_port":	5201
			}],
		"version":	"iperf 3.5",
		"system_info":	"Linux KN6GFJ-CHTEST-C 4.9.152 #0 Wed Jan 30 12:21:02 2019 mips",
		"timestamp":	{
			"time":	"Wed, 30 Jan 2019 17:16:08 GMT",
			"timesecs":	1548868568
		},
		"connecting_to":	{
			"host":	"10.120.137.14",
			"port":	5201
		},
		"cookie":	"c2fpsxlvirnzq4znedkqjs4a476bkbzangpu",
		"sock_bufsize":	0,
		"sndbuf_actual":	163840,
		"rcvbuf_actual":	163840,
		"test_start":	{
			"protocol":	"UDP",
			"num_streams":	1,
			"blksize":	1448,
			"omit":	1,
			"duration":	5,
			"bytes":	0,
			"blocks":	0,
			"reverse":	0,
			"tos":	117
		}
	},
	"intervals":	[{
			"streams":	[{
					"socket":	5,
					"start":	0,
					"end":	1.0001609325408936,
					"seconds":	1.0001609325408936,
					"bytes":	125976,
					"bits_per_second":	1007645.8369951316,
					"packets":	87,
					"omitted":	true
				}],
			"sum":	{
				"start":	0,
				"end":	1.0001609325408936,
				"seconds":	1.0001609325408936,
				"bytes":	125976,
				"bits_per_second":	1007645.8369951316,
				"packets":	87,
				"omitted":	true
			}
		}, {
			"streams":	[{
					"socket":	5,
					"start":	0.0004138946533203125,
					"end":	1.0000700950622559,
					"seconds":	1.0004839897155762,
					"bytes":	124528,
					"bits_per_second":	995742.07107823167,
					"packets":	86,
					"omitted":	false
				}],
			"sum":	{
				"start":	0.0004138946533203125,
				"end":	1.0000700950622559,
				"seconds":	1.0004839897155762,
				"bytes":	124528,
				"bits_per_second":	995742.07107823167,
				"packets":	86,
				"omitted":	false
			}
		}, {
			"streams":	[{
					"socket":	5,
					"start":	1.0000700950622559,
					"end":	2.0000221729278564,
					"seconds":	0.99995207786560059,
					"bytes":	125976,
					"bits_per_second":	1007856.298624998,
					"packets":	87,
					"omitted":	false
				}],
			"sum":	{
				"start":	1.0000700950622559,
				"end":	2.0000221729278564,
				"seconds":	0.99995207786560059,
				"bytes":	125976,
				"bits_per_second":	1007856.298624998,
				"packets":	87,
				"omitted":	false
			}
		}, {
			"streams":	[{
					"socket":	5,
					"start":	2.0000221729278564,
					"end":	3.0000720024108887,
					"seconds":	1.0000498294830322,
					"bytes":	124528,
					"bits_per_second":	996174.36114657414,
					"packets":	86,
					"omitted":	false
				}],
			"sum":	{
				"start":	2.0000221729278564,
				"end":	3.0000720024108887,
				"seconds":	1.0000498294830322,
				"bytes":	124528,
				"bits_per_second":	996174.36114657414,
				"packets":	86,
				"omitted":	false
			}
		}, {
			"streams":	[{
					"socket":	5,
					"start":	3.0000720024108887,
					"end":	4.0000720024108887,
					"seconds":	1,
					"bytes":	124528,
					"bits_per_second":	996224,
					"packets":	86,
					"omitted":	false
				}],
			"sum":	{
				"start":	3.0000720024108887,
				"end":	4.0000720024108887,
				"seconds":	1,
				"bytes":	124528,
				"bits_per_second":	996224,
				"packets":	86,
				"omitted":	false
			}
		}, {
			"streams":	[{
					"socket":	5,
					"start":	4.0000720024108887,
					"end":	4.99963116645813,
					"seconds":	0.99955916404724121,
					"bytes":	124528,
					"bits_per_second":	996663.365044109,
					"packets":	86,
					"omitted":	false
				}],
			"sum":	{
				"start":	4.0000720024108887,
				"end":	4.99963116645813,
				"seconds":	0.99955916404724121,
				"bytes":	124528,
				"bits_per_second":	996663.365044109,
				"packets":	86,
				"omitted":	false
			}
		}],
	"end":	{
		"streams":	[{
				"udp":	{
					"socket":	5,
					"start":	0,
					"end":	4.99963116645813,
					"seconds":	4.99963116645813,
					"bytes":	624088,
					"bits_per_second":	998614.464501981,
					"jitter_ms":	0.27111495164056915,
					"lost_packets":	0,
					"packets":	431,
					"lost_percent":	0,
					"out_of_order":	0
				}
			}],
		"sum":	{
			"start":	0,
			"end":	5.0435059070587158,
			"seconds":	5.0435059070587158,
			"bytes":	624088,
			"bits_per_second":	998614.464501981,
			"jitter_ms":	0.27111495164056915,
			"lost_packets":	0,
			"packets":	431,
			"lost_percent":	0
		},
		"cpu_utilization_percent":	{
			"host_total":	8.3072590404955378,
			"host_user":	3.2792696541797,
			"host_system":	5.0828679639785346,
			"remote_total":	1.2633312779955275,
			"remote_user":	1.2501491497388368,
			"remote_system":	0
		}
	}
}
