{
	"start":	{
		"connected":	[{
				"socket":	5,
				"local_host":	"10.120.137.132",
				"local_port":	48631,
				"remote_host":	"10.120.137.14",
				"remote_port":	5201
			}],
		"version":	"iperf 3.5",
		"system_info":	"Linux KN6GFJ-CHTEST-C 4.9.152 #0 Wed Jan 30 12:21:02 2019 mips",
		"timestamp":	{
			"time":	"Wed, 30 Jan 2019 17:06:41 GMT",
			"timesecs":	1548868001
		},
		"connecting_to":	{
			"host":	"10.120.137.14",
			"port":	5201
		},
		"cookie":	"stm5ah3rch5r2n45muon5jxpwiiwcemzl7d2",
		"sock_bufsize":	0,
		"sndbuf_actual":	163840,
		"rcvbuf_actual":	163840,
		"test_start":	{
			"protocol":	"UDP",
			"num_streams":	1,
			"blksize":	1448,
			"omit":	1,
			"duration":	5,
			"bytes":	0,
			"blocks":	0,
			"reverse":	0,
			"tos":	118
		}
	},
	"intervals":	[{
			"streams":	[{
					"socket":	5,
					"start":	0,
					"end":	1.0001590251922607,
					"seconds":	1.0001590251922607,
					"bytes":	690696,
					"bits_per_second":	5524689.4352003867,
					"packets":	477,
					"omitted":	true
				}],
			"sum":	{
				"start":	0,
				"end":	1.0001590251922607,
				"seconds":	1.0001590251922607,
				"bytes":	690696,
				"bits_per_second":	5524689.4352003867,
				"packets":	477,
				"omitted":	true
			}
		}, {
			"streams":	[{
					"socket":	5,
					"start":	0.00041103363037109375,
					"end":	0.99965882301330566,
					"seconds":	1.0000698566436768,
					"bytes":	779024,
					"bits_per_second":	6231756.6703947959,
					"packets":	538,
					"omitted":	false
				}],
			"sum":	{
				"start":	0.00041103363037109375,
				"end":	0.99965882301330566,
				"seconds":	1.0000698566436768,
				"bytes":	779024,
				"bits_per_second":	6231756.6703947959,
				"packets":	538,
				"omitted":	false
			}
		}, {
			"streams":	[{
					"socket":	5,
					"start":	0.99965882301330566,
					"end":	1.9996778964996338,
					"seconds":	1.0000190734863281,
					"bytes":	644360,
					"bits_per_second":	5154781.6803420959,
					"packets":	445,
					"omitted":	false
				}],
			"sum":	{
				"start":	0.99965882301330566,
				"end":	1.9996778964996338,
				"seconds":	1.0000190734863281,
				"bytes":	644360,
				"bits_per_second":	5154781.6803420959,
				"packets":	445,
				"omitted":	false
			}
		}, {
			"streams":	[{
					"socket":	5,
					"start":	1.9996778964996338,
					"end":	2.9996299743652344,
					"seconds":	0.99995207786560059,
					"bytes":	571960,
					"bits_per_second":	4575899.2868606234,
					"packets":	395,
					"omitted":	false
				}],
			"sum":	{
				"start":	1.9996778964996338,
				"end":	2.9996299743652344,
				"seconds":	0.99995207786560059,
				"bytes":	571960,
				"bits_per_second":	4575899.2868606234,
				"packets":	395,
				"omitted":	false
			}
		}, {
			"streams":	[{
					"socket":	5,
					"start":	2.9996299743652344,
					"end":	4.0001928806304932,
					"seconds":	1.0005629062652588,
					"bytes":	783368,
					"bits_per_second":	6263418.2826067843,
					"packets":	541,
					"omitted":	false
				}],
			"sum":	{
				"start":	2.9996299743652344,
				"end":	4.0001928806304932,
				"seconds":	1.0005629062652588,
				"bytes":	783368,
				"bits_per_second":	6263418.2826067843,
				"packets":	541,
				"omitted":	false
			}
		}, {
			"streams":	[{
					"socket":	5,
					"start":	4.0001928806304932,
					"end":	4.9997549057006836,
					"seconds":	0.99956202507019043,
					"bytes":	724000,
					"bits_per_second":	5794537.8623135258,
					"packets":	500,
					"omitted":	false
				}],
			"sum":	{
				"start":	4.0001928806304932,
				"end":	4.9997549057006836,
				"seconds":	0.99956202507019043,
				"bytes":	724000,
				"bits_per_second":	5794537.8623135258,
				"packets":	500,
				"omitted":	false
			}
		}],
	"end":	{
		"streams":	[{
				"udp":	{
					"socket":	5,
					"start":	0,
					"end":	4.9997549057006836,
					"seconds":	4.9997549057006836,
					"bytes":	3502712,
					"bits_per_second":	5604613.93178491,
					"jitter_ms":	1.5345563276567584,
					"lost_packets":	0,
					"packets":	2419,
					"lost_percent":	0,
					"out_of_order":	0
				}
			}],
		"sum":	{
			"start":	0,
			"end":	5.0975320339202881,
			"seconds":	5.0975320339202881,
			"bytes":	3502712,
			"bits_per_second":	5604613.93178491,
			"jitter_ms":	1.5345563276567584,
			"lost_packets":	0,
			"packets":	2419,
			"lost_percent":	0
		},
		"cpu_utilization_percent":	{
			"host_total":	17.678244464548719,
			"host_user":	3.9002365005908048,
			"host_system":	13.813337606259099,
			"remote_total":	6.29865407794567,
			"remote_user":	1.2189973421794615,
			"remote_system":	5.1468776669799485
		}
	}
}
