{
	"start":	{
		"connected":	[{
				"socket":	5,
				"local_host":	"10.120.137.132",
				"local_port":	47152,
				"remote_host":	"10.120.137.14",
				"remote_port":	5201
			}],
		"version":	"iperf 3.5",
		"system_info":	"Linux KN6GFJ-CHTEST-C 4.9.152 #0 Wed Jan 30 12:21:02 2019 mips",
		"timestamp":	{
			"time":	"Wed, 30 Jan 2019 17:18:37 GMT",
			"timesecs":	1548868717
		},
		"connecting_to":	{
			"host":	"10.120.137.14",
			"port":	5201
		},
		"cookie":	"4vt5trlbiqllvjtat7vjqouifcokdpbvdgv2",
		"sock_bufsize":	0,
		"sndbuf_actual":	163840,
		"rcvbuf_actual":	163840,
		"test_start":	{
			"protocol":	"UDP",
			"num_streams":	1,
			"blksize":	1448,
			"omit":	1,
			"duration":	5,
			"bytes":	0,
			"blocks":	0,
			"reverse":	0,
			"tos":	118
		}
	},
	"intervals":	[{
			"streams":	[{
					"socket":	5,
					"start":	0,
					"end":	1.0001819133758545,
					"seconds":	1.0001819133758545,
					"bytes":	1854888,
					"bits_per_second":	14836405.059470087,
					"packets":	1281,
					"omitted":	true
				}],
			"sum":	{
				"start":	0,
				"end":	1.0001819133758545,
				"seconds":	1.0001819133758545,
				"bytes":	1854888,
				"bits_per_second":	14836405.059470087,
				"packets":	1281,
				"omitted":	true
			}
		}, {
			"streams":	[{
					"socket":	5,
					"start":	0.00071096420288085938,
					"end":	1.0000970363616943,
					"seconds":	1.0008080005645752,
					"bytes":	1424832,
					"bits_per_second":	11389453.315291042,
					"packets":	984,
					"omitted":	false
				}],
			"sum":	{
				"start":	0.00071096420288085938,
				"end":	1.0000970363616943,
				"seconds":	1.0008080005645752,
				"bytes":	1424832,
				"bits_per_second":	11389453.315291042,
				"packets":	984,
				"omitted":	false
			}
		}, {
			"streams":	[{
					"socket":	5,
					"start":	1.0000970363616943,
					"end":	2.0000710487365723,
					"seconds":	0.99997401237487793,
					"bytes":	1697056,
					"bits_per_second":	13576800.828810297,
					"packets":	1172,
					"omitted":	false
				}],
			"sum":	{
				"start":	1.0000970363616943,
				"end":	2.0000710487365723,
				"seconds":	0.99997401237487793,
				"bytes":	1697056,
				"bits_per_second":	13576800.828810297,
				"packets":	1172,
				"omitted":	false
			}
		}, {
			"streams":	[{
					"socket":	5,
					"start":	2.0000710487365723,
					"end":	3.0001540184020996,
					"seconds":	1.0000829696655273,
					"bytes":	1495784,
					"bits_per_second":	11965279.244783118,
					"packets":	1033,
					"omitted":	false
				}],
			"sum":	{
				"start":	2.0000710487365723,
				"end":	3.0001540184020996,
				"seconds":	1.0000829696655273,
				"bytes":	1495784,
				"bits_per_second":	11965279.244783118,
				"packets":	1033,
				"omitted":	false
			}
		}, {
			"streams":	[{
					"socket":	5,
					"start":	3.0001540184020996,
					"end":	4.0000710487365723,
					"seconds":	0.99991703033447266,
					"bytes":	1589904,
					"bits_per_second":	12720287.397990823,
					"packets":	1098,
					"omitted":	false
				}],
			"sum":	{
				"start":	3.0001540184020996,
				"end":	4.0000710487365723,
				"seconds":	0.99991703033447266,
				"bytes":	1589904,
				"bits_per_second":	12720287.397990823,
				"packets":	1098,
				"omitted":	false
			}
		}, {
			"streams":	[{
					"socket":	5,
					"start":	4.0000710487365723,
					"end":	5.00422215461731,
					"seconds":	1.0041511058807373,
					"bytes":	1446552,
					"bits_per_second":	11524576.263698755,
					"packets":	999,
					"omitted":	false
				}],
			"sum":	{
				"start":	4.0000710487365723,
				"end":	5.00422215461731,
				"seconds":	1.0041511058807373,
				"bytes":	1446552,
				"bits_per_second":	11524576.263698755,
				"packets":	999,
				"omitted":	false
			}
		}],
	"end":	{
		"streams":	[{
				"udp":	{
					"socket":	5,
					"start":	0,
					"end":	5.00422215461731,
					"seconds":	5.00422215461731,
					"bytes":	7654128,
					"bits_per_second":	12236272.113439517,
					"jitter_ms":	0.54004364791716408,
					"lost_packets":	0,
					"packets":	5286,
					"lost_percent":	0,
					"out_of_order":	0
				}
			}],
		"sum":	{
			"start":	0,
			"end":	5.0657608509063721,
			"seconds":	5.0657608509063721,
			"bytes":	7654128,
			"bits_per_second":	12236272.113439517,
			"jitter_ms":	0.54004364791716408,
			"lost_packets":	0,
			"packets":	5286,
			"lost_percent":	0
		},
		"cpu_utilization_percent":	{
			"host_total":	26.099284176373327,
			"host_user":	4.91794732747267,
			"host_system":	21.147173508132482,
			"remote_total":	13.530817287950414,
			"remote_user":	3.97340994067699,
			"remote_system":	9.5909895119789415
		}
	}
}
