{
	"start":	{
		"connected":	[{
				"socket":	5,
				"local_host":	"10.120.137.132",
				"local_port":	35095,
				"remote_host":	"10.120.137.14",
				"remote_port":	5201
			}],
		"version":	"iperf 3.5",
		"system_info":	"Linux KN6GFJ-CHTEST-C 4.9.152 #0 Wed Jan 30 12:21:02 2019 mips",
		"timestamp":	{
			"time":	"Wed, 30 Jan 2019 17:17:15 GMT",
			"timesecs":	1548868635
		},
		"connecting_to":	{
			"host":	"10.120.137.14",
			"port":	5201
		},
		"cookie":	"btaxvvajkr3hyt4zbodxbpudzxv25mbavtlx",
		"sock_bufsize":	0,
		"sndbuf_actual":	163840,
		"rcvbuf_actual":	163840,
		"test_start":	{
			"protocol":	"UDP",
			"num_streams":	1,
			"blksize":	1448,
			"omit":	1,
			"duration":	5,
			"bytes":	0,
			"blocks":	0,
			"reverse":	0,
			"tos":	118
		}
	},
	"intervals":	[{
			"streams":	[{
					"socket":	5,
					"start":	0,
					"end":	1.000208854675293,
					"seconds":	1.000208854675293,
					"bytes":	1249624,
					"bits_per_second":	9994904.5174624212,
					"packets":	863,
					"omitted":	true
				}],
			"sum":	{
				"start":	0,
				"end":	1.000208854675293,
				"seconds":	1.000208854675293,
				"bytes":	1249624,
				"bits_per_second":	9994904.5174624212,
				"packets":	863,
				"omitted":	true
			}
		}, {
			"streams":	[{
					"socket":	5,
					"start":	0.0010800361633300781,
					"end":	1.0000789165496826,
					"seconds":	1.0011589527130127,
					"bytes":	1251072,
					"bits_per_second":	9996989.9613623191,
					"packets":	864,
					"omitted":	false
				}],
			"sum":	{
				"start":	0.0010800361633300781,
				"end":	1.0000789165496826,
				"seconds":	1.0011589527130127,
				"bytes":	1251072,
				"bits_per_second":	9996989.9613623191,
				"packets":	864,
				"omitted":	false
			}
		}, {
			"streams":	[{
					"socket":	5,
					"start":	1.0000789165496826,
					"end":	2.0000739097595215,
					"seconds":	0.99999499320983887,
					"bytes":	1251072,
					"bits_per_second":	10008626.11109074,
					"packets":	864,
					"omitted":	false
				}],
			"sum":	{
				"start":	1.0000789165496826,
				"end":	2.0000739097595215,
				"seconds":	0.99999499320983887,
				"bytes":	1251072,
				"bits_per_second":	10008626.11109074,
				"packets":	864,
				"omitted":	false
			}
		}, {
			"streams":	[{
					"socket":	5,
					"start":	2.0000739097595215,
					"end":	3.000075101852417,
					"seconds":	1.0000011920928955,
					"bytes":	1249624,
					"bits_per_second":	9996980.0826710667,
					"packets":	863,
					"omitted":	false
				}],
			"sum":	{
				"start":	2.0000739097595215,
				"end":	3.000075101852417,
				"seconds":	1.0000011920928955,
				"bytes":	1249624,
				"bits_per_second":	9996980.0826710667,
				"packets":	863,
				"omitted":	false
			}
		}, {
			"streams":	[{
					"socket":	5,
					"start":	3.000075101852417,
					"end":	4.002406120300293,
					"seconds":	1.002331018447876,
					"bytes":	1230800,
					"bits_per_second":	9823501.2373929042,
					"packets":	850,
					"omitted":	false
				}],
			"sum":	{
				"start":	3.000075101852417,
				"end":	4.002406120300293,
				"seconds":	1.002331018447876,
				"bytes":	1230800,
				"bits_per_second":	9823501.2373929042,
				"packets":	850,
				"omitted":	false
			}
		}, {
			"streams":	[{
					"socket":	5,
					"start":	4.002406120300293,
					"end":	4.9989190101623535,
					"seconds":	0.99651288986206055,
					"bytes":	1267000,
					"bits_per_second":	10171469.032781951,
					"packets":	875,
					"omitted":	false
				}],
			"sum":	{
				"start":	4.002406120300293,
				"end":	4.9989190101623535,
				"seconds":	0.99651288986206055,
				"bytes":	1267000,
				"bits_per_second":	10171469.032781951,
				"packets":	875,
				"omitted":	false
			}
		}],
	"end":	{
		"streams":	[{
				"udp":	{
					"socket":	5,
					"start":	0,
					"end":	4.9989190101623535,
					"seconds":	4.9989190101623535,
					"bytes":	6249568,
					"bits_per_second":	10001471.097723631,
					"jitter_ms":	1.4627926098895794,
					"lost_packets":	0,
					"packets":	4316,
					"lost_percent":	0,
					"out_of_order":	0
				}
			}],
		"sum":	{
			"start":	0,
			"end":	5.06058406829834,
			"seconds":	5.06058406829834,
			"bytes":	6249568,
			"bits_per_second":	10001471.097723631,
			"jitter_ms":	1.4627926098895794,
			"lost_packets":	0,
			"packets":	4316,
			"lost_percent":	0
		},
		"cpu_utilization_percent":	{
			"host_total":	29.480713049953632,
			"host_user":	5.7433626009621612,
			"host_system":	23.793930775414669,
			"remote_total":	13.116790020425956,
			"remote_user":	4.2677404117984024,
			"remote_system":	8.8108189146805724
		}
	}
}
