{
	"start":	{
		"connected":	[{
				"socket":	5,
				"local_host":	"10.120.137.132",
				"local_port":	36592,
				"remote_host":	"10.120.137.14",
				"remote_port":	5201
			}],
		"version":	"iperf 3.5",
		"system_info":	"Linux KN6GFJ-CHTEST-C 4.9.152 #0 Wed Jan 30 12:21:02 2019 mips",
		"timestamp":	{
			"time":	"Wed, 30 Jan 2019 17:10:09 GMT",
			"timesecs":	1548868209
		},
		"connecting_to":	{
			"host":	"10.120.137.14",
			"port":	5201
		},
		"cookie":	"343kiv5gkapjqn36q6maikr5ttipdolrjrec",
		"sock_bufsize":	0,
		"sndbuf_actual":	163840,
		"rcvbuf_actual":	163840,
		"test_start":	{
			"protocol":	"UDP",
			"num_streams":	1,
			"blksize":	1448,
			"omit":	1,
			"duration":	5,
			"bytes":	0,
			"blocks":	0,
			"reverse":	0,
			"tos":	118
		}
	},
	"intervals":	[{
			"streams":	[{
					"socket":	5,
					"start":	0,
					"end":	1.0004580020904541,
					"seconds":	1.0004580020904541,
					"bytes":	870248,
					"bits_per_second":	6958796.8564926805,
					"packets":	601,
					"omitted":	true
				}],
			"sum":	{
				"start":	0,
				"end":	1.0004580020904541,
				"seconds":	1.0004580020904541,
				"bytes":	870248,
				"bits_per_second":	6958796.8564926805,
				"packets":	601,
				"omitted":	true
			}
		}, {
			"streams":	[{
					"socket":	5,
					"start":	0.00038290023803710938,
					"end":	1.0001511573791504,
					"seconds":	1.0005340576171875,
					"bytes":	725448,
					"bits_per_second":	5800486.2061582105,
					"packets":	501,
					"omitted":	false
				}],
			"sum":	{
				"start":	0.00038290023803710938,
				"end":	1.0001511573791504,
				"seconds":	1.0005340576171875,
				"bytes":	725448,
				"bits_per_second":	5800486.2061582105,
				"packets":	501,
				"omitted":	false
			}
		}, {
			"streams":	[{
					"socket":	5,
					"start":	1.0001511573791504,
					"end":	1.9996871948242188,
					"seconds":	0.99953603744506836,
					"bytes":	703728,
					"bits_per_second":	5632437.2399723493,
					"packets":	486,
					"omitted":	false
				}],
			"sum":	{
				"start":	1.0001511573791504,
				"end":	1.9996871948242188,
				"seconds":	0.99953603744506836,
				"bytes":	703728,
				"bits_per_second":	5632437.2399723493,
				"packets":	486,
				"omitted":	false
			}
		}, {
			"streams":	[{
					"socket":	5,
					"start":	1.9996871948242188,
					"end":	2.9996860027313232,
					"seconds":	0.99999880790710449,
					"bytes":	715312,
					"bits_per_second":	5722502.8217549585,
					"packets":	494,
					"omitted":	false
				}],
			"sum":	{
				"start":	1.9996871948242188,
				"end":	2.9996860027313232,
				"seconds":	0.99999880790710449,
				"bytes":	715312,
				"bits_per_second":	5722502.8217549585,
				"packets":	494,
				"omitted":	false
			}
		}, {
			"streams":	[{
					"socket":	5,
					"start":	2.9996860027313232,
					"end":	3.9996860027313232,
					"seconds":	1,
					"bytes":	805088,
					"bits_per_second":	6440704,
					"packets":	556,
					"omitted":	false
				}],
			"sum":	{
				"start":	2.9996860027313232,
				"end":	3.9996860027313232,
				"seconds":	1,
				"bytes":	805088,
				"bits_per_second":	6440704,
				"packets":	556,
				"omitted":	false
			}
		}, {
			"streams":	[{
					"socket":	5,
					"start":	3.9996860027313232,
					"end":	4.9993681907653809,
					"seconds":	0.99968218803405762,
					"bytes":	818120,
					"bits_per_second":	6547040.7278848337,
					"packets":	565,
					"omitted":	false
				}],
			"sum":	{
				"start":	3.9996860027313232,
				"end":	4.9993681907653809,
				"seconds":	0.99968218803405762,
				"bytes":	818120,
				"bits_per_second":	6547040.7278848337,
				"packets":	565,
				"omitted":	false
			}
		}],
	"end":	{
		"streams":	[{
				"udp":	{
					"socket":	5,
					"start":	0,
					"end":	4.9993681907653809,
					"seconds":	4.9993681907653809,
					"bytes":	3767696,
					"bits_per_second":	6029075.4451084873,
					"jitter_ms":	3.4897490722264086,
					"lost_packets":	0,
					"packets":	2602,
					"lost_percent":	0,
					"out_of_order":	0
				}
			}],
		"sum":	{
			"start":	0,
			"end":	5.1181690692901611,
			"seconds":	5.1181690692901611,
			"bytes":	3767696,
			"bits_per_second":	6029075.4451084873,
			"jitter_ms":	3.4897490722264086,
			"lost_packets":	0,
			"packets":	2602,
			"lost_percent":	0
		},
		"cpu_utilization_percent":	{
			"host_total":	14.310767576639655,
			"host_user":	1.639000340912071,
			"host_system":	12.620302625022948,
			"remote_total":	6.8099873251049061,
			"remote_user":	2.0509538986582658,
			"remote_system":	4.7855590968692869
		}
	}
}
