{
	"start":	{
		"connected":	[{
				"socket":	5,
				"local_host":	"10.120.137.132",
				"local_port":	49759,
				"remote_host":	"10.120.137.14",
				"remote_port":	5201
			}],
		"version":	"iperf 3.5",
		"system_info":	"Linux KN6GFJ-CHTEST-C 4.9.152 #0 Wed Jan 30 12:21:02 2019 mips",
		"timestamp":	{
			"time":	"Wed, 30 Jan 2019 17:13:31 GMT",
			"timesecs":	1548868411
		},
		"connecting_to":	{
			"host":	"10.120.137.14",
			"port":	5201
		},
		"cookie":	"26ra5orrdxkoqnnbxs7u435jccgzzg3zcknk",
		"sock_bufsize":	0,
		"sndbuf_actual":	163840,
		"rcvbuf_actual":	163840,
		"test_start":	{
			"protocol":	"UDP",
			"num_streams":	1,
			"blksize":	1448,
			"omit":	1,
			"duration":	5,
			"bytes":	0,
			"blocks":	0,
			"reverse":	0,
			"tos":	118
		}
	},
	"intervals":	[{
			"streams":	[{
					"socket":	5,
					"start":	0,
					"end":	1.0001790523529053,
					"seconds":	1.0001790523529053,
					"bytes":	1594248,
					"bits_per_second":	12751700.77797216,
					"packets":	1101,
					"omitted":	true
				}],
			"sum":	{
				"start":	0,
				"end":	1.0001790523529053,
				"seconds":	1.0001790523529053,
				"bytes":	1594248,
				"bits_per_second":	12751700.77797216,
				"packets":	1101,
				"omitted":	true
			}
		}, {
			"streams":	[{
					"socket":	5,
					"start":	0.00041103363037109375,
					"end":	1.0012350082397461,
					"seconds":	1.0016460418701172,
					"bytes":	1384288,
					"bits_per_second":	11056105.187940231,
					"packets":	956,
					"omitted":	false
				}],
			"sum":	{
				"start":	0.00041103363037109375,
				"end":	1.0012350082397461,
				"seconds":	1.0016460418701172,
				"bytes":	1384288,
				"bits_per_second":	11056105.187940231,
				"packets":	956,
				"omitted":	false
			}
		}, {
			"streams":	[{
					"socket":	5,
					"start":	1.0012350082397461,
					"end":	2.0000720024108887,
					"seconds":	0.99883699417114258,
					"bytes":	1523296,
					"bits_per_second":	12200557.319277629,
					"packets":	1052,
					"omitted":	false
				}],
			"sum":	{
				"start":	1.0012350082397461,
				"end":	2.0000720024108887,
				"seconds":	0.99883699417114258,
				"bytes":	1523296,
				"bits_per_second":	12200557.319277629,
				"packets":	1052,
				"omitted":	false
			}
		}, {
			"streams":	[{
					"socket":	5,
					"start":	2.0000720024108887,
					"end":	3.0001308917999268,
					"seconds":	1.0000588893890381,
					"bytes":	1384288,
					"bits_per_second":	11073651.879406402,
					"packets":	956,
					"omitted":	false
				}],
			"sum":	{
				"start":	2.0000720024108887,
				"end":	3.0001308917999268,
				"seconds":	1.0000588893890381,
				"bytes":	1384288,
				"bits_per_second":	11073651.879406402,
				"packets":	956,
				"omitted":	false
			}
		}, {
			"streams":	[{
					"socket":	5,
					"start":	3.0001308917999268,
					"end":	4.000093936920166,
					"seconds":	0.99996304512023926,
					"bytes":	1572528,
					"bits_per_second":	12580688.917846266,
					"packets":	1086,
					"omitted":	false
				}],
			"sum":	{
				"start":	3.0001308917999268,
				"end":	4.000093936920166,
				"seconds":	0.99996304512023926,
				"bytes":	1572528,
				"bits_per_second":	12580688.917846266,
				"packets":	1086,
				"omitted":	false
			}
		}, {
			"streams":	[{
					"socket":	5,
					"start":	4.000093936920166,
					"end":	4.9996109008789062,
					"seconds":	0.99951696395874023,
					"bytes":	1117856,
					"bits_per_second":	8947169.8054833189,
					"packets":	772,
					"omitted":	false
				}],
			"sum":	{
				"start":	4.000093936920166,
				"end":	4.9996109008789062,
				"seconds":	0.99951696395874023,
				"bytes":	1117856,
				"bits_per_second":	8947169.8054833189,
				"packets":	772,
				"omitted":	false
			}
		}],
	"end":	{
		"streams":	[{
				"udp":	{
					"socket":	5,
					"start":	0,
					"end":	4.9996109008789062,
					"seconds":	4.9996109008789062,
					"bytes":	6982256,
					"bits_per_second":	11172479.040355008,
					"jitter_ms":	2.7905687375793993,
					"lost_packets":	0,
					"packets":	4822,
					"lost_percent":	0,
					"out_of_order":	0
				}
			}],
		"sum":	{
			"start":	0,
			"end":	5.0571479797363281,
			"seconds":	5.0571479797363281,
			"bytes":	6982256,
			"bits_per_second":	11172479.040355008,
			"jitter_ms":	2.7905687375793993,
			"lost_packets":	0,
			"packets":	4822,
			"lost_percent":	0
		},
		"cpu_utilization_percent":	{
			"host_total":	22.788507554830908,
			"host_user":	4.4296868424683593,
			"host_system":	18.374997272461343,
			"remote_total":	11.203401819280414,
			"remote_user":	2.7496114455326031,
			"remote_system":	8.38631490887444
		}
	}
}
