{
	"start":	{
		"connected":	[{
				"socket":	5,
				"local_host":	"10.120.137.132",
				"local_port":	40517,
				"remote_host":	"10.120.137.14",
				"remote_port":	5201
			}],
		"version":	"iperf 3.5",
		"system_info":	"Linux KN6GFJ-CHTEST-C 4.9.152 #0 Wed Jan 30 12:21:02 2019 mips",
		"timestamp":	{
			"time":	"Wed, 30 Jan 2019 17:04:02 GMT",
			"timesecs":	1548867842
		},
		"connecting_to":	{
			"host":	"10.120.137.14",
			"port":	5201
		},
		"cookie":	"uy2mysqvuqt2tkfonk4nziegw5hzuxoyeyam",
		"sock_bufsize":	0,
		"sndbuf_actual":	163840,
		"rcvbuf_actual":	163840,
		"test_start":	{
			"protocol":	"UDP",
			"num_streams":	1,
			"blksize":	1448,
			"omit":	1,
			"duration":	5,
			"bytes":	0,
			"blocks":	0,
			"reverse":	0,
			"tos":	117
		}
	},
	"intervals":	[{
			"streams":	[{
					"socket":	5,
					"start":	0,
					"end":	1.0001959800720215,
					"seconds":	1.0001959800720215,
					"bytes":	744272,
					"bits_per_second":	5953009.3288029963,
					"packets":	514,
					"omitted":	true
				}],
			"sum":	{
				"start":	0,
				"end":	1.0001959800720215,
				"seconds":	1.0001959800720215,
				"bytes":	744272,
				"bits_per_second":	5953009.3288029963,
				"packets":	514,
				"omitted":	true
			}
		}, {
			"streams":	[{
					"socket":	5,
					"start":	0.00060606002807617188,
					"end":	0.99973797798156738,
					"seconds":	1.0003440380096436,
					"bytes":	667528,
					"bits_per_second":	5338387.39182701,
					"packets":	461,
					"omitted":	false
				}],
			"sum":	{
				"start":	0.00060606002807617188,
				"end":	0.99973797798156738,
				"seconds":	1.0003440380096436,
				"bytes":	667528,
				"bits_per_second":	5338387.39182701,
				"packets":	461,
				"omitted":	false
			}
		}, {
			"streams":	[{
					"socket":	5,
					"start":	0.99973797798156738,
					"end":	1.9999558925628662,
					"seconds":	1.0002179145812988,
					"bytes":	645808,
					"bits_per_second":	5165338.3974458538,
					"packets":	446,
					"omitted":	false
				}],
			"sum":	{
				"start":	0.99973797798156738,
				"end":	1.9999558925628662,
				"seconds":	1.0002179145812988,
				"bytes":	645808,
				"bits_per_second":	5165338.3974458538,
				"packets":	446,
				"omitted":	false
			}
		}, {
			"streams":	[{
					"socket":	5,
					"start":	1.9999558925628662,
					"end":	2.9994020462036133,
					"seconds":	0.99944615364074707,
					"bytes":	693592,
					"bits_per_second":	5551810.8502266593,
					"packets":	479,
					"omitted":	false
				}],
			"sum":	{
				"start":	1.9999558925628662,
				"end":	2.9994020462036133,
				"seconds":	0.99944615364074707,
				"bytes":	693592,
				"bits_per_second":	5551810.8502266593,
				"packets":	479,
				"omitted":	false
			}
		}, {
			"streams":	[{
					"socket":	5,
					"start":	2.9994020462036133,
					"end":	3.9995660781860352,
					"seconds":	1.0001640319824219,
					"bytes":	828256,
					"bits_per_second":	6624961.2944654,
					"packets":	572,
					"omitted":	false
				}],
			"sum":	{
				"start":	2.9994020462036133,
				"end":	3.9995660781860352,
				"seconds":	1.0001640319824219,
				"bytes":	828256,
				"bits_per_second":	6624961.2944654,
				"packets":	572,
				"omitted":	false
			}
		}, {
			"streams":	[{
					"socket":	5,
					"start":	3.9995660781860352,
					"end":	4.9996159076690674,
					"seconds":	1.0000498294830322,
					"bytes":	3032112,
					"bits_per_second":	24255687.351638675,
					"packets":	2094,
					"omitted":	false
				}],
			"sum":	{
				"start":	3.9995660781860352,
				"end":	4.9996159076690674,
				"seconds":	1.0000498294830322,
				"bytes":	3032112,
				"bits_per_second":	24255687.351638675,
				"packets":	2094,
				"omitted":	false
			}
		}],
	"end":	{
		"streams":	[{
				"udp":	{
					"socket":	5,
					"start":	0,
					"end":	4.9996159076690674,
					"seconds":	4.9996159076690674,
					"bytes":	5867296,
					"bits_per_second":	9388394.80208865,
					"jitter_ms":	0.59238582785893479,
					"lost_packets":	0,
					"packets":	4052,
					"lost_percent":	0,
					"out_of_order":	0
				}
			}],
		"sum":	{
			"start":	0,
			"end":	5.0740880966186523,
			"seconds":	5.0740880966186523,
			"bytes":	5867296,
			"bits_per_second":	9388394.80208865,
			"jitter_ms":	0.59238582785893479,
			"lost_packets":	0,
			"packets":	4052,
			"lost_percent":	0
		},
		"cpu_utilization_percent":	{
			"host_total":	19.033929514182589,
			"host_user":	3.7365420265229092,
			"host_system":	15.413235859407001,
			"remote_total":	8.3255814284440266,
			"remote_user":	2.1346397961371557,
			"remote_system":	6.1667371888406723
		}
	}
}
