{
	"start":	{
		"connected":	[{
				"socket":	5,
				"local_host":	"10.120.137.132",
				"local_port":	59980,
				"remote_host":	"10.120.137.14",
				"remote_port":	5201
			}],
		"version":	"iperf 3.5",
		"system_info":	"Linux KN6GFJ-CHTEST-C 4.9.152 #0 Wed Jan 30 12:21:02 2019 mips",
		"timestamp":	{
			"time":	"Wed, 30 Jan 2019 17:03:46 GMT",
			"timesecs":	1548867826
		},
		"connecting_to":	{
			"host":	"10.120.137.14",
			"port":	5201
		},
		"cookie":	"milzpytd27qhumhh2kkj6jtx4iupcyqaqjj2",
		"sock_bufsize":	0,
		"sndbuf_actual":	163840,
		"rcvbuf_actual":	163840,
		"test_start":	{
			"protocol":	"UDP",
			"num_streams":	1,
			"blksize":	1448,
			"omit":	1,
			"duration":	5,
			"bytes":	0,
			"blocks":	0,
			"reverse":	0,
			"tos":	117
		}
	},
	"intervals":	[{
			"streams":	[{
					"socket":	5,
					"start":	0,
					"end":	1.0001990795135498,
					"seconds":	1.0001990795135498,
					"bytes":	573408,
					"bits_per_second":	4586350.95148361,
					"packets":	396,
					"omitted":	true
				}],
			"sum":	{
				"start":	0,
				"end":	1.0001990795135498,
				"seconds":	1.0001990795135498,
				"bytes":	573408,
				"bits_per_second":	4586350.95148361,
				"packets":	396,
				"omitted":	true
			}
		}, {
			"streams":	[{
					"socket":	5,
					"start":	0.00053691864013671875,
					"end":	0.9994969367980957,
					"seconds":	1.0000338554382324,
					"bytes":	589336,
					"bits_per_second":	4714528.38757538,
					"packets":	407,
					"omitted":	false
				}],
			"sum":	{
				"start":	0.00053691864013671875,
				"end":	0.9994969367980957,
				"seconds":	1.0000338554382324,
				"bytes":	589336,
				"bits_per_second":	4714528.38757538,
				"packets":	407,
				"omitted":	false
			}
		}, {
			"streams":	[{
					"socket":	5,
					"start":	0.9994969367980957,
					"end":	1.999506950378418,
					"seconds":	1.0000100135803223,
					"bytes":	896312,
					"bits_per_second":	7170424.1983813448,
					"packets":	619,
					"omitted":	false
				}],
			"sum":	{
				"start":	0.9994969367980957,
				"end":	1.999506950378418,
				"seconds":	1.0000100135803223,
				"bytes":	896312,
				"bits_per_second":	7170424.1983813448,
				"packets":	619,
				"omitted":	false
			}
		}, {
			"streams":	[{
					"socket":	5,
					"start":	1.999506950378418,
					"end":	3.0000460147857666,
					"seconds":	1.0005390644073486,
					"bytes":	752960,
					"bits_per_second":	6020434.5979914526,
					"packets":	520,
					"omitted":	false
				}],
			"sum":	{
				"start":	1.999506950378418,
				"end":	3.0000460147857666,
				"seconds":	1.0005390644073486,
				"bytes":	752960,
				"bits_per_second":	6020434.5979914526,
				"packets":	520,
				"omitted":	false
			}
		}, {
			"streams":	[{
					"socket":	5,
					"start":	3.0000460147857666,
					"end":	3.9994890689849854,
					"seconds":	0.99944305419921875,
					"bytes":	586440,
					"bits_per_second":	4694134.3784303693,
					"packets":	405,
					"omitted":	false
				}],
			"sum":	{
				"start":	3.0000460147857666,
				"end":	3.9994890689849854,
				"seconds":	0.99944305419921875,
				"bytes":	586440,
				"bits_per_second":	4694134.3784303693,
				"packets":	405,
				"omitted":	false
			}
		}, {
			"streams":	[{
					"socket":	5,
					"start":	3.9994890689849854,
					"end":	4.9995958805084229,
					"seconds":	1.0001068115234375,
					"bytes":	647256,
					"bits_per_second":	5177494.9838731829,
					"packets":	447,
					"omitted":	false
				}],
			"sum":	{
				"start":	3.9994890689849854,
				"end":	4.9995958805084229,
				"seconds":	1.0001068115234375,
				"bytes":	647256,
				"bits_per_second":	5177494.9838731829,
				"packets":	447,
				"omitted":	false
			}
		}],
	"end":	{
		"streams":	[{
				"udp":	{
					"socket":	5,
					"start":	0,
					"end":	4.9995958805084229,
					"seconds":	4.9995958805084229,
					"bytes":	3472304,
					"bits_per_second":	5556135.4685281347,
					"jitter_ms":	2.16815715232277,
					"lost_packets":	1,
					"packets":	2398,
					"lost_percent":	0.041701417848206836,
					"out_of_order":	0
				}
			}],
		"sum":	{
			"start":	0,
			"end":	5.0637428760528564,
			"seconds":	5.0637428760528564,
			"bytes":	3472304,
			"bits_per_second":	5556135.4685281347,
			"jitter_ms":	2.16815715232277,
			"lost_packets":	1,
			"packets":	2398,
			"lost_percent":	0.041701417848206836
		},
		"cpu_utilization_percent":	{
			"host_total":	17.369571752571943,
			"host_user":	7.0521480104824441,
			"host_system":	10.332216852567301,
			"remote_total":	5.9596825150712043,
			"remote_user":	2.195418299223165,
			"remote_system":	3.8419820236405391
		}
	}
}
