{
	"start":	{
		"connected":	[{
				"socket":	5,
				"local_host":	"10.120.137.132",
				"local_port":	37788,
				"remote_host":	"10.120.137.14",
				"remote_port":	5201
			}],
		"version":	"iperf 3.5",
		"system_info":	"Linux KN6GFJ-CHTEST-C 4.9.152 #0 Wed Jan 30 12:21:02 2019 mips",
		"timestamp":	{
			"time":	"Wed, 30 Jan 2019 17:14:16 GMT",
			"timesecs":	1548868456
		},
		"connecting_to":	{
			"host":	"10.120.137.14",
			"port":	5201
		},
		"cookie":	"wjflln7nckztvxjxqt6px4xfrppkbeupqlqx",
		"sock_bufsize":	0,
		"sndbuf_actual":	163840,
		"rcvbuf_actual":	163840,
		"test_start":	{
			"protocol":	"UDP",
			"num_streams":	1,
			"blksize":	1448,
			"omit":	1,
			"duration":	5,
			"bytes":	0,
			"blocks":	0,
			"reverse":	0,
			"tos":	118
		}
	},
	"intervals":	[{
			"streams":	[{
					"socket":	5,
					"start":	0,
					"end":	1.0001671314239502,
					"seconds":	1.0001671314239502,
					"bytes":	1350984,
					"bits_per_second":	10806065.966807667,
					"packets":	933,
					"omitted":	true
				}],
			"sum":	{
				"start":	0,
				"end":	1.0001671314239502,
				"seconds":	1.0001671314239502,
				"bytes":	1350984,
				"bits_per_second":	10806065.966807667,
				"packets":	933,
				"omitted":	true
			}
		}, {
			"streams":	[{
					"socket":	5,
					"start":	0.00041079521179199219,
					"end":	0.99964499473571777,
					"seconds":	1.0000557899475098,
					"bytes":	1239488,
					"bits_per_second":	9915350.82309804,
					"packets":	856,
					"omitted":	false
				}],
			"sum":	{
				"start":	0.00041079521179199219,
				"end":	0.99964499473571777,
				"seconds":	1.0000557899475098,
				"bytes":	1239488,
				"bits_per_second":	9915350.82309804,
				"packets":	856,
				"omitted":	false
			}
		}, {
			"streams":	[{
					"socket":	5,
					"start":	0.99964499473571777,
					"end":	1.9996562004089355,
					"seconds":	1.0000112056732178,
					"bytes":	1558048,
					"bits_per_second":	12464244.329751134,
					"packets":	1076,
					"omitted":	false
				}],
			"sum":	{
				"start":	0.99964499473571777,
				"end":	1.9996562004089355,
				"seconds":	1.0000112056732178,
				"bytes":	1558048,
				"bits_per_second":	12464244.329751134,
				"packets":	1076,
				"omitted":	false
			}
		}, {
			"streams":	[{
					"socket":	5,
					"start":	1.9996562004089355,
					"end":	2.9996330738067627,
					"seconds":	0.99997687339782715,
					"bytes":	1510264,
					"bits_per_second":	12082391.424659776,
					"packets":	1043,
					"omitted":	false
				}],
			"sum":	{
				"start":	1.9996562004089355,
				"end":	2.9996330738067627,
				"seconds":	0.99997687339782715,
				"bytes":	1510264,
				"bits_per_second":	12082391.424659776,
				"packets":	1043,
				"omitted":	false
			}
		}, {
			"streams":	[{
					"socket":	5,
					"start":	2.9996330738067627,
					"end":	3.9996540546417236,
					"seconds":	1.0000209808349609,
					"bytes":	1229352,
					"bits_per_second":	9834609.6616777834,
					"packets":	849,
					"omitted":	false
				}],
			"sum":	{
				"start":	2.9996330738067627,
				"end":	3.9996540546417236,
				"seconds":	1.0000209808349609,
				"bytes":	1229352,
				"bits_per_second":	9834609.6616777834,
				"packets":	849,
				"omitted":	false
			}
		}, {
			"streams":	[{
					"socket":	5,
					"start":	3.9996540546417236,
					"end":	4.9999701976776123,
					"seconds":	1.0003161430358887,
					"bytes":	1196048,
					"bits_per_second":	9565359.9780571684,
					"packets":	826,
					"omitted":	false
				}],
			"sum":	{
				"start":	3.9996540546417236,
				"end":	4.9999701976776123,
				"seconds":	1.0003161430358887,
				"bytes":	1196048,
				"bits_per_second":	9565359.9780571684,
				"packets":	826,
				"omitted":	false
			}
		}],
	"end":	{
		"streams":	[{
				"udp":	{
					"socket":	5,
					"start":	0,
					"end":	4.9999701976776123,
					"seconds":	4.9999701976776123,
					"bytes":	6733200,
					"bits_per_second":	10773184.213181812,
					"jitter_ms":	0.58596924432058883,
					"lost_packets":	0,
					"packets":	4650,
					"lost_percent":	0,
					"out_of_order":	0
				}
			}],
		"sum":	{
			"start":	0,
			"end":	5.07704496383667,
			"seconds":	5.07704496383667,
			"bytes":	6733200,
			"bits_per_second":	10773184.213181812,
			"jitter_ms":	0.58596924432058883,
			"lost_packets":	0,
			"packets":	4650,
			"lost_percent":	0
		},
		"cpu_utilization_percent":	{
			"host_total":	21.282271638521717,
			"host_user":	5.0629223252989659,
			"host_system":	16.168687425954761,
			"remote_total":	10.387037632459279,
			"remote_user":	2.0523064503991733,
			"remote_system":	8.3460462316233066
		}
	}
}
