{
	"start":	{
		"connected":	[{
				"socket":	5,
				"local_host":	"10.120.137.132",
				"local_port":	54145,
				"remote_host":	"10.120.137.14",
				"remote_port":	5201
			}],
		"version":	"iperf 3.5",
		"system_info":	"Linux KN6GFJ-CHTEST-C 4.9.152 #0 Wed Jan 30 12:21:02 2019 mips",
		"timestamp":	{
			"time":	"Wed, 30 Jan 2019 17:22:22 GMT",
			"timesecs":	1548868942
		},
		"connecting_to":	{
			"host":	"10.120.137.14",
			"port":	5201
		},
		"cookie":	"ad2ft3kfo7lovub3z3pc7qbhhcfmmnn4atcw",
		"sock_bufsize":	0,
		"sndbuf_actual":	163840,
		"rcvbuf_actual":	163840,
		"test_start":	{
			"protocol":	"UDP",
			"num_streams":	1,
			"blksize":	1448,
			"omit":	1,
			"duration":	5,
			"bytes":	0,
			"blocks":	0,
			"reverse":	0,
			"tos":	118
		}
	},
	"intervals":	[{
			"streams":	[{
					"socket":	5,
					"start":	0,
					"end":	1.0001909732818604,
					"seconds":	1.0001909732818604,
					"bytes":	1521848,
					"bits_per_second":	12172459.385482842,
					"packets":	1051,
					"omitted":	true
				}],
			"sum":	{
				"start":	0,
				"end":	1.0001909732818604,
				"seconds":	1.0001909732818604,
				"bytes":	1521848,
				"bits_per_second":	12172459.385482842,
				"packets":	1051,
				"omitted":	true
			}
		}, {
			"streams":	[{
					"socket":	5,
					"start":	0.00084400177001953125,
					"end":	0.99921703338623047,
					"seconds":	1.00006103515625,
					"bytes":	1485648,
					"bits_per_second":	11884458.630210558,
					"packets":	1026,
					"omitted":	false
				}],
			"sum":	{
				"start":	0.00084400177001953125,
				"end":	0.99921703338623047,
				"seconds":	1.00006103515625,
				"bytes":	1485648,
				"bits_per_second":	11884458.630210558,
				"packets":	1026,
				"omitted":	false
			}
		}, {
			"streams":	[{
					"socket":	5,
					"start":	0.99921703338623047,
					"end":	1.9992349147796631,
					"seconds":	1.0000178813934326,
					"bytes":	1426280,
					"bits_per_second":	11410035.972657692,
					"packets":	985,
					"omitted":	false
				}],
			"sum":	{
				"start":	0.99921703338623047,
				"end":	1.9992349147796631,
				"seconds":	1.0000178813934326,
				"bytes":	1426280,
				"bits_per_second":	11410035.972657692,
				"packets":	985,
				"omitted":	false
			}
		}, {
			"streams":	[{
					"socket":	5,
					"start":	1.9992349147796631,
					"end":	2.9994421005249023,
					"seconds":	1.0002071857452393,
					"bytes":	1430624,
					"bits_per_second":	11442621.251988417,
					"packets":	988,
					"omitted":	false
				}],
			"sum":	{
				"start":	1.9992349147796631,
				"end":	2.9994421005249023,
				"seconds":	1.0002071857452393,
				"bytes":	1430624,
				"bits_per_second":	11442621.251988417,
				"packets":	988,
				"omitted":	false
			}
		}, {
			"streams":	[{
					"socket":	5,
					"start":	2.9994421005249023,
					"end":	3.9991729259490967,
					"seconds":	0.99973082542419434,
					"bytes":	1306096,
					"bits_per_second":	10451581.299962915,
					"packets":	902,
					"omitted":	false
				}],
			"sum":	{
				"start":	2.9994421005249023,
				"end":	3.9991729259490967,
				"seconds":	0.99973082542419434,
				"bytes":	1306096,
				"bits_per_second":	10451581.299962915,
				"packets":	902,
				"omitted":	false
			}
		}, {
			"streams":	[{
					"socket":	5,
					"start":	3.9991729259490967,
					"end":	4.9991700649261475,
					"seconds":	0.99999713897705078,
					"bytes":	1556600,
					"bits_per_second":	12452835.627848513,
					"packets":	1075,
					"omitted":	false
				}],
			"sum":	{
				"start":	3.9991729259490967,
				"end":	4.9991700649261475,
				"seconds":	0.99999713897705078,
				"bytes":	1556600,
				"bits_per_second":	12452835.627848513,
				"packets":	1075,
				"omitted":	false
			}
		}],
	"end":	{
		"streams":	[{
				"udp":	{
					"socket":	5,
					"start":	0,
					"end":	4.9991700649261475,
					"seconds":	4.9991700649261475,
					"bytes":	7205248,
					"bits_per_second":	11530310.681849457,
					"jitter_ms":	1.2990298070563004,
					"lost_packets":	0,
					"packets":	4976,
					"lost_percent":	0,
					"out_of_order":	0
				}
			}],
		"sum":	{
			"start":	0,
			"end":	5.0761120319366455,
			"seconds":	5.0761120319366455,
			"bytes":	7205248,
			"bits_per_second":	11530310.681849457,
			"jitter_ms":	1.2990298070563004,
			"lost_packets":	0,
			"packets":	4976,
			"lost_percent":	0
		},
		"cpu_utilization_percent":	{
			"host_total":	25.847174684707841,
			"host_user":	5.5768359230901838,
			"host_system":	20.339048660681847,
			"remote_total":	12.873737945340153,
			"remote_user":	2.4753247935544742,
			"remote_system":	10.451371350563337
		}
	}
}
