{
	"start":	{
		"connected":	[{
				"socket":	5,
				"local_host":	"10.120.137.132",
				"local_port":	40010,
				"remote_host":	"10.120.137.14",
				"remote_port":	5201
			}],
		"version":	"iperf 3.5",
		"system_info":	"Linux KN6GFJ-CHTEST-C 4.9.152 #0 Wed Jan 30 12:21:02 2019 mips",
		"timestamp":	{
			"time":	"Wed, 30 Jan 2019 17:23:01 GMT",
			"timesecs":	1548868981
		},
		"connecting_to":	{
			"host":	"10.120.137.14",
			"port":	5201
		},
		"cookie":	"ns2wz7iqsmo66cgtxwshpbzh2cdanhee33k2",
		"sock_bufsize":	0,
		"sndbuf_actual":	163840,
		"rcvbuf_actual":	163840,
		"test_start":	{
			"protocol":	"UDP",
			"num_streams":	1,
			"blksize":	1448,
			"omit":	1,
			"duration":	5,
			"bytes":	0,
			"blocks":	0,
			"reverse":	0,
			"tos":	118
		}
	},
	"intervals":	[{
			"streams":	[{
					"socket":	5,
					"start":	0,
					"end":	1.0007519721984863,
					"seconds":	1.0007519721984863,
					"bytes":	1504472,
					"bits_per_second":	12026732.231723106,
					"packets":	1039,
					"omitted":	true
				}],
			"sum":	{
				"start":	0,
				"end":	1.0007519721984863,
				"seconds":	1.0007519721984863,
				"bytes":	1504472,
				"bits_per_second":	12026732.231723106,
				"packets":	1039,
				"omitted":	true
			}
		}, {
			"streams":	[{
					"socket":	5,
					"start":	0.00089716911315917969,
					"end":	0.99926590919494629,
					"seconds":	1.0001630783081055,
					"bytes":	1439312,
					"bits_per_second":	11512618.541646365,
					"packets":	994,
					"omitted":	false
				}],
			"sum":	{
				"start":	0.00089716911315917969,
				"end":	0.99926590919494629,
				"seconds":	1.0001630783081055,
				"bytes":	1439312,
				"bits_per_second":	11512618.541646365,
				"packets":	994,
				"omitted":	false
			}
		}, {
			"streams":	[{
					"socket":	5,
					"start":	0.99926590919494629,
					"end":	1.9992728233337402,
					"seconds":	1.0000069141387939,
					"bytes":	1448000,
					"bits_per_second":	11583919.907169985,
					"packets":	1000,
					"omitted":	false
				}],
			"sum":	{
				"start":	0.99926590919494629,
				"end":	1.9992728233337402,
				"seconds":	1.0000069141387939,
				"bytes":	1448000,
				"bits_per_second":	11583919.907169985,
				"packets":	1000,
				"omitted":	false
			}
		}, {
			"streams":	[{
					"socket":	5,
					"start":	1.9992728233337402,
					"end":	2.999147891998291,
					"seconds":	0.99987506866455078,
					"bytes":	1540672,
					"bits_per_second":	12326916.01808011,
					"packets":	1064,
					"omitted":	false
				}],
			"sum":	{
				"start":	1.9992728233337402,
				"end":	2.999147891998291,
				"seconds":	0.99987506866455078,
				"bytes":	1540672,
				"bits_per_second":	12326916.01808011,
				"packets":	1064,
				"omitted":	false
			}
		}, {
			"streams":	[{
					"socket":	5,
					"start":	2.999147891998291,
					"end":	3.9991409778594971,
					"seconds":	0.999993085861206,
					"bytes":	1462480,
					"bits_per_second":	11699920.894876946,
					"packets":	1010,
					"omitted":	false
				}],
			"sum":	{
				"start":	2.999147891998291,
				"end":	3.9991409778594971,
				"seconds":	0.999993085861206,
				"bytes":	1462480,
				"bits_per_second":	11699920.894876946,
				"packets":	1010,
				"omitted":	false
			}
		}, {
			"streams":	[{
					"socket":	5,
					"start":	3.9991409778594971,
					"end":	4.9991538524627686,
					"seconds":	1.0000128746032715,
					"bytes":	2173448,
					"bits_per_second":	17387360.1446362,
					"packets":	1501,
					"omitted":	false
				}],
			"sum":	{
				"start":	3.9991409778594971,
				"end":	4.9991538524627686,
				"seconds":	1.0000128746032715,
				"bytes":	2173448,
				"bits_per_second":	17387360.1446362,
				"packets":	1501,
				"omitted":	false
			}
		}],
	"end":	{
		"streams":	[{
				"udp":	{
					"socket":	5,
					"start":	0,
					"end":	4.9991538524627686,
					"seconds":	4.9991538524627686,
					"bytes":	8063912,
					"bits_per_second":	12904443.012534879,
					"jitter_ms":	0.35973566168621396,
					"lost_packets":	0,
					"packets":	5569,
					"lost_percent":	0,
					"out_of_order":	0
				}
			}],
		"sum":	{
			"start":	0,
			"end":	5.0638899803161621,
			"seconds":	5.0638899803161621,
			"bytes":	8063912,
			"bits_per_second":	12904443.012534879,
			"jitter_ms":	0.35973566168621396,
			"lost_packets":	0,
			"packets":	5569,
			"lost_percent":	0
		},
		"cpu_utilization_percent":	{
			"host_total":	26.87430534793188,
			"host_user":	14.322303586288543,
			"host_system":	12.532015638002475,
			"remote_total":	13.11533864277723,
			"remote_user":	3.9519967527335069,
			"remote_system":	9.1788311676391139
		}
	}
}
