{
	"start":	{
		"connected":	[{
				"socket":	5,
				"local_host":	"10.120.137.132",
				"local_port":	41881,
				"remote_host":	"10.120.137.14",
				"remote_port":	5201
			}],
		"version":	"iperf 3.5",
		"system_info":	"Linux KN6GFJ-CHTEST-C 4.9.152 #0 Wed Jan 30 12:21:02 2019 mips",
		"timestamp":	{
			"time":	"Wed, 30 Jan 2019 17:17:30 GMT",
			"timesecs":	1548868650
		},
		"connecting_to":	{
			"host":	"10.120.137.14",
			"port":	5201
		},
		"cookie":	"tj2js4bjfeqorzwousqst7msg63z7lgyavi2",
		"sock_bufsize":	0,
		"sndbuf_actual":	163840,
		"rcvbuf_actual":	163840,
		"test_start":	{
			"protocol":	"UDP",
			"num_streams":	1,
			"blksize":	1448,
			"omit":	1,
			"duration":	5,
			"bytes":	0,
			"blocks":	0,
			"reverse":	0,
			"tos":	118
		}
	},
	"intervals":	[{
			"streams":	[{
					"socket":	5,
					"start":	0,
					"end":	1.0005028247833252,
					"seconds":	1.0005028247833252,
					"bytes":	1489992,
					"bits_per_second":	11913945.372999273,
					"packets":	1029,
					"omitted":	true
				}],
			"sum":	{
				"start":	0,
				"end":	1.0005028247833252,
				"seconds":	1.0005028247833252,
				"bytes":	1489992,
				"bits_per_second":	11913945.372999273,
				"packets":	1029,
				"omitted":	true
			}
		}, {
			"streams":	[{
					"socket":	5,
					"start":	0.00041508674621582031,
					"end":	0.99965190887451172,
					"seconds":	1.0000669956207275,
					"bytes":	1472616,
					"bits_per_second":	11780138.782290025,
					"packets":	1017,
					"omitted":	false
				}],
			"sum":	{
				"start":	0.00041508674621582031,
				"end":	0.99965190887451172,
				"seconds":	1.0000669956207275,
				"bytes":	1472616,
				"bits_per_second":	11780138.782290025,
				"packets":	1017,
				"omitted":	false
			}
		}, {
			"streams":	[{
					"socket":	5,
					"start":	0.99965190887451172,
					"end":	1.9996528625488281,
					"seconds":	1.0000009536743164,
					"bytes":	1507368,
					"bits_per_second":	12058932.499705791,
					"packets":	1041,
					"omitted":	false
				}],
			"sum":	{
				"start":	0.99965190887451172,
				"end":	1.9996528625488281,
				"seconds":	1.0000009536743164,
				"bytes":	1507368,
				"bits_per_second":	12058932.499705791,
				"packets":	1041,
				"omitted":	false
			}
		}, {
			"streams":	[{
					"socket":	5,
					"start":	1.9996528625488281,
					"end":	2.9997658729553223,
					"seconds":	1.0001130104064941,
					"bytes":	1504472,
					"bits_per_second":	12034415.98575753,
					"packets":	1039,
					"omitted":	false
				}],
			"sum":	{
				"start":	1.9996528625488281,
				"end":	2.9997658729553223,
				"seconds":	1.0001130104064941,
				"bytes":	1504472,
				"bits_per_second":	12034415.98575753,
				"packets":	1039,
				"omitted":	false
			}
		}, {
			"streams":	[{
					"socket":	5,
					"start":	2.9997658729553223,
					"end":	3.999661922454834,
					"seconds":	0.99989604949951172,
					"bytes":	1526192,
					"bits_per_second":	12210805.319324309,
					"packets":	1054,
					"omitted":	false
				}],
			"sum":	{
				"start":	2.9997658729553223,
				"end":	3.999661922454834,
				"seconds":	0.99989604949951172,
				"bytes":	1526192,
				"bits_per_second":	12210805.319324309,
				"packets":	1054,
				"omitted":	false
			}
		}, {
			"streams":	[{
					"socket":	5,
					"start":	3.999661922454834,
					"end":	4.9998049736022949,
					"seconds":	1.0001430511474609,
					"bytes":	1410352,
					"bits_per_second":	11281202.211078966,
					"packets":	974,
					"omitted":	false
				}],
			"sum":	{
				"start":	3.999661922454834,
				"end":	4.9998049736022949,
				"seconds":	1.0001430511474609,
				"bytes":	1410352,
				"bits_per_second":	11281202.211078966,
				"packets":	974,
				"omitted":	false
			}
		}],
	"end":	{
		"streams":	[{
				"udp":	{
					"socket":	5,
					"start":	0,
					"end":	4.9998049736022949,
					"seconds":	4.9998049736022949,
					"bytes":	7421000,
					"bits_per_second":	11874063.151152499,
					"jitter_ms":	0.90471553105895974,
					"lost_packets":	0,
					"packets":	5125,
					"lost_percent":	0,
					"out_of_order":	0
				}
			}],
		"sum":	{
			"start":	0,
			"end":	5.0841770172119141,
			"seconds":	5.0841770172119141,
			"bytes":	7421000,
			"bits_per_second":	11874063.151152499,
			"jitter_ms":	0.90471553105895974,
			"lost_packets":	0,
			"packets":	5125,
			"lost_percent":	0
		},
		"cpu_utilization_percent":	{
			"host_total":	28.432987743451982,
			"host_user":	2.295479348556078,
			"host_system":	26.0700868871726,
			"remote_total":	13.517289191551033,
			"remote_user":	3.5735953090239052,
			"remote_system":	9.896110086527738
		}
	}
}
