{
	"start":	{
		"connected":	[{
				"socket":	5,
				"local_host":	"10.120.137.132",
				"local_port":	49246,
				"remote_host":	"10.120.137.14",
				"remote_port":	5201
			}],
		"version":	"iperf 3.5",
		"system_info":	"Linux KN6GFJ-CHTEST-C 4.9.152 #0 Wed Jan 30 12:21:02 2019 mips",
		"timestamp":	{
			"time":	"Wed, 30 Jan 2019 17:08:54 GMT",
			"timesecs":	1548868134
		},
		"connecting_to":	{
			"host":	"10.120.137.14",
			"port":	5201
		},
		"cookie":	"36pemkhzfzdrvqntof52illd6cg5caqevja2",
		"sock_bufsize":	0,
		"sndbuf_actual":	163840,
		"rcvbuf_actual":	163840,
		"test_start":	{
			"protocol":	"UDP",
			"num_streams":	1,
			"blksize":	1448,
			"omit":	1,
			"duration":	5,
			"bytes":	0,
			"blocks":	0,
			"reverse":	0,
			"tos":	118
		}
	},
	"intervals":	[{
			"streams":	[{
					"socket":	5,
					"start":	0,
					"end":	1.0002100467681885,
					"seconds":	1.0002100467681885,
					"bytes":	787712,
					"bits_per_second":	6300372.627091296,
					"packets":	544,
					"omitted":	true
				}],
			"sum":	{
				"start":	0,
				"end":	1.0002100467681885,
				"seconds":	1.0002100467681885,
				"bytes":	787712,
				"bits_per_second":	6300372.627091296,
				"packets":	544,
				"omitted":	true
			}
		}, {
			"streams":	[{
					"socket":	5,
					"start":	0.00041413307189941406,
					"end":	0.99965381622314453,
					"seconds":	1.0000679492950439,
					"bytes":	764544,
					"bits_per_second":	6115936.4264312908,
					"packets":	528,
					"omitted":	false
				}],
			"sum":	{
				"start":	0.00041413307189941406,
				"end":	0.99965381622314453,
				"seconds":	1.0000679492950439,
				"bytes":	764544,
				"bits_per_second":	6115936.4264312908,
				"packets":	528,
				"omitted":	false
			}
		}, {
			"streams":	[{
					"socket":	5,
					"start":	0.99965381622314453,
					"end":	1.99965500831604,
					"seconds":	1.0000011920928955,
					"bytes":	457568,
					"bits_per_second":	3660539.6362967058,
					"packets":	316,
					"omitted":	false
				}],
			"sum":	{
				"start":	0.99965381622314453,
				"end":	1.99965500831604,
				"seconds":	1.0000011920928955,
				"bytes":	457568,
				"bits_per_second":	3660539.6362967058,
				"packets":	316,
				"omitted":	false
			}
		}, {
			"streams":	[{
					"socket":	5,
					"start":	1.99965500831604,
					"end":	2.9996018409729004,
					"seconds":	0.99994683265686035,
					"bytes":	664632,
					"bits_per_second":	5317338.7087717187,
					"packets":	459,
					"omitted":	false
				}],
			"sum":	{
				"start":	1.99965500831604,
				"end":	2.9996018409729004,
				"seconds":	0.99994683265686035,
				"bytes":	664632,
				"bits_per_second":	5317338.7087717187,
				"packets":	459,
				"omitted":	false
			}
		}, {
			"streams":	[{
					"socket":	5,
					"start":	2.9996018409729004,
					"end":	3.9996559619903564,
					"seconds":	1.0000541210174561,
					"bytes":	634224,
					"bits_per_second":	5073517.416075361,
					"packets":	438,
					"omitted":	false
				}],
			"sum":	{
				"start":	2.9996018409729004,
				"end":	3.9996559619903564,
				"seconds":	1.0000541210174561,
				"bytes":	634224,
				"bits_per_second":	5073517.416075361,
				"packets":	438,
				"omitted":	false
			}
		}, {
			"streams":	[{
					"socket":	5,
					"start":	3.9996559619903564,
					"end":	4.9996669292449951,
					"seconds":	1.0000109672546387,
					"bytes":	641464,
					"bits_per_second":	5131655.7198250024,
					"packets":	443,
					"omitted":	false
				}],
			"sum":	{
				"start":	3.9996559619903564,
				"end":	4.9996669292449951,
				"seconds":	1.0000109672546387,
				"bytes":	641464,
				"bits_per_second":	5131655.7198250024,
				"packets":	443,
				"omitted":	false
			}
		}],
	"end":	{
		"streams":	[{
				"udp":	{
					"socket":	5,
					"start":	0,
					"end":	4.9996669292449951,
					"seconds":	4.9996669292449951,
					"bytes":	3162432,
					"bits_per_second":	5060228.28281093,
					"jitter_ms":	2.5709479642747541,
					"lost_packets":	4,
					"packets":	2184,
					"lost_percent":	0.18315018315018314,
					"out_of_order":	0
				}
			}],
		"sum":	{
			"start":	0,
			"end":	5.0953459739685059,
			"seconds":	5.0953459739685059,
			"bytes":	3162432,
			"bits_per_second":	5060228.28281093,
			"jitter_ms":	2.5709479642747541,
			"lost_packets":	4,
			"packets":	2184,
			"lost_percent":	0.18315018315018314
		},
		"cpu_utilization_percent":	{
			"host_total":	12.882598476006468,
			"host_user":	3.4419418977261382,
			"host_system":	9.3424137223995185,
			"remote_total":	5.8366226416828777,
			"remote_user":	1.372021974852758,
			"remote_system":	4.5276725170141017
		}
	}
}
