{
	"start":	{
		"connected":	[{
				"socket":	5,
				"local_host":	"10.120.137.132",
				"local_port":	38754,
				"remote_host":	"10.120.137.14",
				"remote_port":	5201
			}],
		"version":	"iperf 3.5",
		"system_info":	"Linux KN6GFJ-CHTEST-C 4.9.152 #0 Wed Jan 30 12:21:02 2019 mips",
		"timestamp":	{
			"time":	"Wed, 30 Jan 2019 17:17:22 GMT",
			"timesecs":	1548868642
		},
		"connecting_to":	{
			"host":	"10.120.137.14",
			"port":	5201
		},
		"cookie":	"2cz42y7nnr2nyhcxlvt2mjdkvztss2hhjlkm",
		"sock_bufsize":	0,
		"sndbuf_actual":	163840,
		"rcvbuf_actual":	163840,
		"test_start":	{
			"protocol":	"UDP",
			"num_streams":	1,
			"blksize":	1448,
			"omit":	1,
			"duration":	5,
			"bytes":	0,
			"blocks":	0,
			"reverse":	0,
			"tos":	118
		}
	},
	"intervals":	[{
			"streams":	[{
					"socket":	5,
					"start":	0,
					"end":	1.0002899169921875,
					"seconds":	1.0002899169921875,
					"bytes":	1375600,
					"bits_per_second":	11001610.446190221,
					"packets":	950,
					"omitted":	true
				}],
			"sum":	{
				"start":	0,
				"end":	1.0002899169921875,
				"seconds":	1.0002899169921875,
				"bytes":	1375600,
				"bits_per_second":	11001610.446190221,
				"packets":	950,
				"omitted":	true
			}
		}, {
			"streams":	[{
					"socket":	5,
					"start":	0.00046896934509277344,
					"end":	0.99960494041442871,
					"seconds":	1.0000739097595215,
					"bytes":	1375600,
					"bits_per_second":	11003986.697989374,
					"packets":	950,
					"omitted":	false
				}],
			"sum":	{
				"start":	0.00046896934509277344,
				"end":	0.99960494041442871,
				"seconds":	1.0000739097595215,
				"bytes":	1375600,
				"bits_per_second":	11003986.697989374,
				"packets":	950,
				"omitted":	false
			}
		}, {
			"streams":	[{
					"socket":	5,
					"start":	0.99960494041442871,
					"end":	1.9998459815979004,
					"seconds":	1.0002410411834717,
					"bytes":	1374152,
					"bits_per_second":	10990566.820766497,
					"packets":	949,
					"omitted":	false
				}],
			"sum":	{
				"start":	0.99960494041442871,
				"end":	1.9998459815979004,
				"seconds":	1.0002410411834717,
				"bytes":	1374152,
				"bits_per_second":	10990566.820766497,
				"packets":	949,
				"omitted":	false
			}
		}, {
			"streams":	[{
					"socket":	5,
					"start":	1.9998459815979004,
					"end":	3.0017769336700439,
					"seconds":	1.0019309520721436,
					"bytes":	1374152,
					"bits_per_second":	10972029.536830237,
					"packets":	949,
					"omitted":	false
				}],
			"sum":	{
				"start":	1.9998459815979004,
				"end":	3.0017769336700439,
				"seconds":	1.0019309520721436,
				"bytes":	1374152,
				"bits_per_second":	10972029.536830237,
				"packets":	949,
				"omitted":	false
			}
		}, {
			"streams":	[{
					"socket":	5,
					"start":	3.0017769336700439,
					"end":	3.9995989799499512,
					"seconds":	0.99782204627990723,
					"bytes":	1375600,
					"bits_per_second":	11028820.26011375,
					"packets":	950,
					"omitted":	false
				}],
			"sum":	{
				"start":	3.0017769336700439,
				"end":	3.9995989799499512,
				"seconds":	0.99782204627990723,
				"bytes":	1375600,
				"bits_per_second":	11028820.26011375,
				"packets":	950,
				"omitted":	false
			}
		}, {
			"streams":	[{
					"socket":	5,
					"start":	3.9995989799499512,
					"end":	4.999453067779541,
					"seconds":	0.99985408782958984,
					"bytes":	1308992,
					"bits_per_second":	10473464.205893995,
					"packets":	904,
					"omitted":	false
				}],
			"sum":	{
				"start":	3.9995989799499512,
				"end":	4.999453067779541,
				"seconds":	0.99985408782958984,
				"bytes":	1308992,
				"bits_per_second":	10473464.205893995,
				"packets":	904,
				"omitted":	false
			}
		}],
	"end":	{
		"streams":	[{
				"udp":	{
					"socket":	5,
					"start":	0,
					"end":	4.999453067779541,
					"seconds":	4.999453067779541,
					"bytes":	6808496,
					"bits_per_second":	10894785.341827687,
					"jitter_ms":	0.95405030267312307,
					"lost_packets":	0,
					"packets":	4702,
					"lost_percent":	0,
					"out_of_order":	0
				}
			}],
		"sum":	{
			"start":	0,
			"end":	5.0593509674072266,
			"seconds":	5.0593509674072266,
			"bytes":	6808496,
			"bits_per_second":	10894785.341827687,
			"jitter_ms":	0.95405030267312307,
			"lost_packets":	0,
			"packets":	4702,
			"lost_percent":	0
		},
		"cpu_utilization_percent":	{
			"host_total":	29.567150113541196,
			"host_user":	3.6063037533917695,
			"host_system":	25.899817865268165,
			"remote_total":	13.201703818722677,
			"remote_user":	3.0289621096115305,
			"remote_system":	10.188327095966056
		}
	}
}
