{
	"start":	{
		"connected":	[{
				"socket":	5,
				"local_host":	"10.120.137.132",
				"local_port":	55358,
				"remote_host":	"10.120.137.14",
				"remote_port":	5201
			}],
		"version":	"iperf 3.5",
		"system_info":	"Linux KN6GFJ-CHTEST-C 4.9.152 #0 Wed Jan 30 12:21:02 2019 mips",
		"timestamp":	{
			"time":	"Wed, 30 Jan 2019 17:12:00 GMT",
			"timesecs":	1548868320
		},
		"connecting_to":	{
			"host":	"10.120.137.14",
			"port":	5201
		},
		"cookie":	"eioj5jbopsb36xbgkd6j45alaigdkix3btxk",
		"sock_bufsize":	0,
		"sndbuf_actual":	163840,
		"rcvbuf_actual":	163840,
		"test_start":	{
			"protocol":	"UDP",
			"num_streams":	1,
			"blksize":	1448,
			"omit":	1,
			"duration":	5,
			"bytes":	0,
			"blocks":	0,
			"reverse":	0,
			"tos":	117
		}
	},
	"intervals":	[{
			"streams":	[{
					"socket":	5,
					"start":	0,
					"end":	1.0004870891571045,
					"seconds":	1.0004870891571045,
					"bytes":	375032,
					"bits_per_second":	2998795.3193155858,
					"packets":	259,
					"omitted":	true
				}],
			"sum":	{
				"start":	0,
				"end":	1.0004870891571045,
				"seconds":	1.0004870891571045,
				"bytes":	375032,
				"bits_per_second":	2998795.3193155858,
				"packets":	259,
				"omitted":	true
			}
		}, {
			"streams":	[{
					"socket":	5,
					"start":	0.00041484832763671875,
					"end":	0.99986410140991211,
					"seconds":	1.0002789497375488,
					"bytes":	376480,
					"bits_per_second":	3011000.0823172783,
					"packets":	260,
					"omitted":	false
				}],
			"sum":	{
				"start":	0.00041484832763671875,
				"end":	0.99986410140991211,
				"seconds":	1.0002789497375488,
				"bytes":	376480,
				"bits_per_second":	3011000.0823172783,
				"packets":	260,
				"omitted":	false
			}
		}, {
			"streams":	[{
					"socket":	5,
					"start":	0.99986410140991211,
					"end":	1.9996240139007568,
					"seconds":	0.99975991249084473,
					"bytes":	373584,
					"bits_per_second":	2989389.7151306,
					"packets":	258,
					"omitted":	false
				}],
			"sum":	{
				"start":	0.99986410140991211,
				"end":	1.9996240139007568,
				"seconds":	0.99975991249084473,
				"bytes":	373584,
				"bits_per_second":	2989389.7151306,
				"packets":	258,
				"omitted":	false
			}
		}, {
			"streams":	[{
					"socket":	5,
					"start":	1.9996240139007568,
					"end":	2.9998149871826172,
					"seconds":	1.0001909732818604,
					"bytes":	375032,
					"bits_per_second":	2999683.1406660858,
					"packets":	259,
					"omitted":	false
				}],
			"sum":	{
				"start":	1.9996240139007568,
				"end":	2.9998149871826172,
				"seconds":	1.0001909732818604,
				"bytes":	375032,
				"bits_per_second":	2999683.1406660858,
				"packets":	259,
				"omitted":	false
			}
		}, {
			"streams":	[{
					"socket":	5,
					"start":	2.9998149871826172,
					"end":	3.9996540546417236,
					"seconds":	0.99983906745910645,
					"bytes":	375032,
					"bits_per_second":	3000738.9165383969,
					"packets":	259,
					"omitted":	false
				}],
			"sum":	{
				"start":	2.9998149871826172,
				"end":	3.9996540546417236,
				"seconds":	0.99983906745910645,
				"bytes":	375032,
				"bits_per_second":	3000738.9165383969,
				"packets":	259,
				"omitted":	false
			}
		}, {
			"streams":	[{
					"socket":	5,
					"start":	3.9996540546417236,
					"end":	4.9993040561676025,
					"seconds":	0.99965000152587891,
					"bytes":	375032,
					"bits_per_second":	3001306.4526788075,
					"packets":	259,
					"omitted":	false
				}],
			"sum":	{
				"start":	3.9996540546417236,
				"end":	4.9993040561676025,
				"seconds":	0.99965000152587891,
				"bytes":	375032,
				"bits_per_second":	3001306.4526788075,
				"packets":	259,
				"omitted":	false
			}
		}],
	"end":	{
		"streams":	[{
				"udp":	{
					"socket":	5,
					"start":	0,
					"end":	4.9993040561676025,
					"seconds":	4.9993040561676025,
					"bytes":	1875160,
					"bits_per_second":	3000673.660065352,
					"jitter_ms":	0.14690040071187252,
					"lost_packets":	0,
					"packets":	1295,
					"lost_percent":	0,
					"out_of_order":	0
				}
			}],
		"sum":	{
			"start":	0,
			"end":	5.0431950092315674,
			"seconds":	5.0431950092315674,
			"bytes":	1875160,
			"bits_per_second":	3000673.660065352,
			"jitter_ms":	0.14690040071187252,
			"lost_packets":	0,
			"packets":	1295,
			"lost_percent":	0
		},
		"cpu_utilization_percent":	{
			"host_total":	15.709242865999574,
			"host_user":	5.0817222907617241,
			"host_system":	10.655224158048776,
			"remote_total":	3.3127681775708204,
			"remote_user":	0.63247562470566165,
			"remote_system":	2.656397623763779
		}
	}
}
