{
	"start":	{
		"connected":	[{
				"socket":	5,
				"local_host":	"10.120.137.132",
				"local_port":	41371,
				"remote_host":	"10.120.137.14",
				"remote_port":	5201
			}],
		"version":	"iperf 3.5",
		"system_info":	"Linux KN6GFJ-CHTEST-C 4.9.152 #0 Wed Jan 30 12:21:02 2019 mips",
		"timestamp":	{
			"time":	"Wed, 30 Jan 2019 17:16:52 GMT",
			"timesecs":	1548868612
		},
		"connecting_to":	{
			"host":	"10.120.137.14",
			"port":	5201
		},
		"cookie":	"nwvsxyqakhtg2dl7tasgboa7tvqduhfctofb",
		"sock_bufsize":	0,
		"sndbuf_actual":	163840,
		"rcvbuf_actual":	163840,
		"test_start":	{
			"protocol":	"UDP",
			"num_streams":	1,
			"blksize":	1448,
			"omit":	1,
			"duration":	5,
			"bytes":	0,
			"blocks":	0,
			"reverse":	0,
			"tos":	117
		}
	},
	"intervals":	[{
			"streams":	[{
					"socket":	5,
					"start":	0,
					"end":	1.0001888275146484,
					"seconds":	1.0001888275146484,
					"bytes":	874592,
					"bits_per_second":	6995415.0731578013,
					"packets":	604,
					"omitted":	true
				}],
			"sum":	{
				"start":	0,
				"end":	1.0001888275146484,
				"seconds":	1.0001888275146484,
				"bytes":	874592,
				"bits_per_second":	6995415.0731578013,
				"packets":	604,
				"omitted":	true
			}
		}, {
			"streams":	[{
					"socket":	5,
					"start":	0.00065898895263671875,
					"end":	1.0002021789550781,
					"seconds":	1.0008611679077148,
					"bytes":	876040,
					"bits_per_second":	7002289.8526983391,
					"packets":	605,
					"omitted":	false
				}],
			"sum":	{
				"start":	0.00065898895263671875,
				"end":	1.0002021789550781,
				"seconds":	1.0008611679077148,
				"bytes":	876040,
				"bits_per_second":	7002289.8526983391,
				"packets":	605,
				"omitted":	false
			}
		}, {
			"streams":	[{
					"socket":	5,
					"start":	1.0002021789550781,
					"end":	2.0001029968261719,
					"seconds":	0.99990081787109375,
					"bytes":	876040,
					"bits_per_second":	7009015.1690460024,
					"packets":	605,
					"omitted":	false
				}],
			"sum":	{
				"start":	1.0002021789550781,
				"end":	2.0001029968261719,
				"seconds":	0.99990081787109375,
				"bytes":	876040,
				"bits_per_second":	7009015.1690460024,
				"packets":	605,
				"omitted":	false
			}
		}, {
			"streams":	[{
					"socket":	5,
					"start":	2.0001029968261719,
					"end":	3.0000901222229004,
					"seconds":	0.99998712539672852,
					"bytes":	874592,
					"bits_per_second":	6996826.0813599573,
					"packets":	604,
					"omitted":	false
				}],
			"sum":	{
				"start":	2.0001029968261719,
				"end":	3.0000901222229004,
				"seconds":	0.99998712539672852,
				"bytes":	874592,
				"bits_per_second":	6996826.0813599573,
				"packets":	604,
				"omitted":	false
			}
		}, {
			"streams":	[{
					"socket":	5,
					"start":	3.0000901222229004,
					"end":	4.0037820339202881,
					"seconds":	1.0036919116973877,
					"bytes":	874592,
					"bits_per_second":	6970999.68472149,
					"packets":	604,
					"omitted":	false
				}],
			"sum":	{
				"start":	3.0000901222229004,
				"end":	4.0037820339202881,
				"seconds":	1.0036919116973877,
				"bytes":	874592,
				"bits_per_second":	6970999.68472149,
				"packets":	604,
				"omitted":	false
			}
		}, {
			"streams":	[{
					"socket":	5,
					"start":	4.0037820339202881,
					"end":	4.9996950626373291,
					"seconds":	0.995913028717041,
					"bytes":	874592,
					"bits_per_second":	7025448.8075262578,
					"packets":	604,
					"omitted":	false
				}],
			"sum":	{
				"start":	4.0037820339202881,
				"end":	4.9996950626373291,
				"seconds":	0.995913028717041,
				"bytes":	874592,
				"bits_per_second":	7025448.8075262578,
				"packets":	604,
				"omitted":	false
			}
		}],
	"end":	{
		"streams":	[{
				"udp":	{
					"socket":	5,
					"start":	0,
					"end":	4.9996950626373291,
					"seconds":	4.9996950626373291,
					"bytes":	4375856,
					"bits_per_second":	7001796.6218791669,
					"jitter_ms":	0.849109789982355,
					"lost_packets":	0,
					"packets":	3022,
					"lost_percent":	0,
					"out_of_order":	0
				}
			}],
		"sum":	{
			"start":	0,
			"end":	5.0445718765258789,
			"seconds":	5.0445718765258789,
			"bytes":	4375856,
			"bits_per_second":	7001796.6218791669,
			"jitter_ms":	0.849109789982355,
			"lost_packets":	0,
			"packets":	3022,
			"lost_percent":	0
		},
		"cpu_utilization_percent":	{
			"host_total":	31.473832677555073,
			"host_user":	5.2444778925590043,
			"host_system":	26.222389462795022,
			"remote_total":	8.9597291822759555,
			"remote_user":	4.0441480772906795,
			"remote_system":	4.8529776927488149
		}
	}
}
