{
	"start":	{
		"connected":	[{
				"socket":	5,
				"local_host":	"10.120.137.132",
				"local_port":	43508,
				"remote_host":	"10.120.137.14",
				"remote_port":	5201
			}],
		"version":	"iperf 3.5",
		"system_info":	"Linux KN6GFJ-CHTEST-C 4.9.152 #0 Wed Jan 30 12:21:02 2019 mips",
		"timestamp":	{
			"time":	"Wed, 30 Jan 2019 17:11:02 GMT",
			"timesecs":	1548868262
		},
		"connecting_to":	{
			"host":	"10.120.137.14",
			"port":	5201
		},
		"cookie":	"jnnubjayrwhe3yawt2kumsfxstjaw672f75g",
		"sock_bufsize":	0,
		"sndbuf_actual":	163840,
		"rcvbuf_actual":	163840,
		"test_start":	{
			"protocol":	"UDP",
			"num_streams":	1,
			"blksize":	1448,
			"omit":	1,
			"duration":	5,
			"bytes":	0,
			"blocks":	0,
			"reverse":	0,
			"tos":	118
		}
	},
	"intervals":	[{
			"streams":	[{
					"socket":	5,
					"start":	0,
					"end":	1.0001840591430664,
					"seconds":	1.0001840591430664,
					"bytes":	922376,
					"bits_per_second":	7377650.0760491583,
					"packets":	637,
					"omitted":	true
				}],
			"sum":	{
				"start":	0,
				"end":	1.0001840591430664,
				"seconds":	1.0001840591430664,
				"bytes":	922376,
				"bits_per_second":	7377650.0760491583,
				"packets":	637,
				"omitted":	true
			}
		}, {
			"streams":	[{
					"socket":	5,
					"start":	0.00040984153747558594,
					"end":	0.9996030330657959,
					"seconds":	1.0000128746032715,
					"bytes":	854320,
					"bits_per_second":	6834472.0088843154,
					"packets":	590,
					"omitted":	false
				}],
			"sum":	{
				"start":	0.00040984153747558594,
				"end":	0.9996030330657959,
				"seconds":	1.0000128746032715,
				"bytes":	854320,
				"bits_per_second":	6834472.0088843154,
				"packets":	590,
				"omitted":	false
			}
		}, {
			"streams":	[{
					"socket":	5,
					"start":	0.9996030330657959,
					"end":	1.9996020793914795,
					"seconds":	0.99999904632568359,
					"bytes":	741376,
					"bits_per_second":	5931013.6562553942,
					"packets":	512,
					"omitted":	false
				}],
			"sum":	{
				"start":	0.9996030330657959,
				"end":	1.9996020793914795,
				"seconds":	0.99999904632568359,
				"bytes":	741376,
				"bits_per_second":	5931013.6562553942,
				"packets":	512,
				"omitted":	false
			}
		}, {
			"streams":	[{
					"socket":	5,
					"start":	1.9996020793914795,
					"end":	2.9996800422668457,
					"seconds":	1.0000779628753662,
					"bytes":	692144,
					"bits_per_second":	5536720.3413620889,
					"packets":	478,
					"omitted":	false
				}],
			"sum":	{
				"start":	1.9996020793914795,
				"end":	2.9996800422668457,
				"seconds":	1.0000779628753662,
				"bytes":	692144,
				"bits_per_second":	5536720.3413620889,
				"packets":	478,
				"omitted":	false
			}
		}, {
			"streams":	[{
					"socket":	5,
					"start":	2.9996800422668457,
					"end":	3.9996030330657959,
					"seconds":	0.9999229907989502,
					"bytes":	836944,
					"bits_per_second":	6696067.6588205816,
					"packets":	578,
					"omitted":	false
				}],
			"sum":	{
				"start":	2.9996800422668457,
				"end":	3.9996030330657959,
				"seconds":	0.9999229907989502,
				"bytes":	836944,
				"bits_per_second":	6696067.6588205816,
				"packets":	578,
				"omitted":	false
			}
		}, {
			"streams":	[{
					"socket":	5,
					"start":	3.9996030330657959,
					"end":	4.9999940395355225,
					"seconds":	1.0003910064697266,
					"bytes":	1615968,
					"bits_per_second":	12922691.144156357,
					"packets":	1116,
					"omitted":	false
				}],
			"sum":	{
				"start":	3.9996030330657959,
				"end":	4.9999940395355225,
				"seconds":	1.0003910064697266,
				"bytes":	1615968,
				"bits_per_second":	12922691.144156357,
				"packets":	1116,
				"omitted":	false
			}
		}],
	"end":	{
		"streams":	[{
				"udp":	{
					"socket":	5,
					"start":	0,
					"end":	4.9999940395355225,
					"seconds":	4.9999940395355225,
					"bytes":	4740752,
					"bits_per_second":	7585212.242277625,
					"jitter_ms":	0.45061560413923935,
					"lost_packets":	0,
					"packets":	3274,
					"lost_percent":	0,
					"out_of_order":	0
				}
			}],
		"sum":	{
			"start":	0,
			"end":	5.136605978012085,
			"seconds":	5.136605978012085,
			"bytes":	4740752,
			"bits_per_second":	7585212.242277625,
			"jitter_ms":	0.45061560413923935,
			"lost_packets":	0,
			"packets":	3274,
			"lost_percent":	0
		},
		"cpu_utilization_percent":	{
			"host_total":	15.653683147957054,
			"host_user":	3.4334721080332633,
			"host_system":	12.173219292117935,
			"remote_total":	7.3858316474696357,
			"remote_user":	2.5715475238697469,
			"remote_system":	4.7573629191590321
		}
	}
}
