{
	"start":	{
		"connected":	[{
				"socket":	5,
				"local_host":	"10.120.137.132",
				"local_port":	42405,
				"remote_host":	"10.120.137.14",
				"remote_port":	5201
			}],
		"version":	"iperf 3.5",
		"system_info":	"Linux KN6GFJ-CHTEST-C 4.9.152 #0 Wed Jan 30 12:21:02 2019 mips",
		"timestamp":	{
			"time":	"Wed, 30 Jan 2019 17:08:01 GMT",
			"timesecs":	1548868081
		},
		"connecting_to":	{
			"host":	"10.120.137.14",
			"port":	5201
		},
		"cookie":	"g7njtadrb33rtbki6h56rupnelju2qhbeabj",
		"sock_bufsize":	0,
		"sndbuf_actual":	163840,
		"rcvbuf_actual":	163840,
		"test_start":	{
			"protocol":	"UDP",
			"num_streams":	1,
			"blksize":	1448,
			"omit":	1,
			"duration":	5,
			"bytes":	0,
			"blocks":	0,
			"reverse":	0,
			"tos":	117
		}
	},
	"intervals":	[{
			"streams":	[{
					"socket":	5,
					"start":	0,
					"end":	1.0001599788665771,
					"seconds":	1.0001599788665771,
					"bytes":	687800,
					"bits_per_second":	5501519.8730862522,
					"packets":	475,
					"omitted":	true
				}],
			"sum":	{
				"start":	0,
				"end":	1.0001599788665771,
				"seconds":	1.0001599788665771,
				"bytes":	687800,
				"bits_per_second":	5501519.8730862522,
				"packets":	475,
				"omitted":	true
			}
		}, {
			"streams":	[{
					"socket":	5,
					"start":	0.00040698051452636719,
					"end":	0.99962115287780762,
					"seconds":	1.000028133392334,
					"bytes":	587888,
					"bits_per_second":	4702971.689452325,
					"packets":	406,
					"omitted":	false
				}],
			"sum":	{
				"start":	0.00040698051452636719,
				"end":	0.99962115287780762,
				"seconds":	1.000028133392334,
				"bytes":	587888,
				"bits_per_second":	4702971.689452325,
				"packets":	406,
				"omitted":	false
			}
		}, {
			"streams":	[{
					"socket":	5,
					"start":	0.99962115287780762,
					"end":	1.9996211528778076,
					"seconds":	1,
					"bytes":	628432,
					"bits_per_second":	5027456,
					"packets":	434,
					"omitted":	false
				}],
			"sum":	{
				"start":	0.99962115287780762,
				"end":	1.9996211528778076,
				"seconds":	1,
				"bytes":	628432,
				"bits_per_second":	5027456,
				"packets":	434,
				"omitted":	false
			}
		}, {
			"streams":	[{
					"socket":	5,
					"start":	1.9996211528778076,
					"end":	2.9999730587005615,
					"seconds":	1.0003519058227539,
					"bytes":	706624,
					"bits_per_second":	5651003.3790065255,
					"packets":	488,
					"omitted":	false
				}],
			"sum":	{
				"start":	1.9996211528778076,
				"end":	2.9999730587005615,
				"seconds":	1.0003519058227539,
				"bytes":	706624,
				"bits_per_second":	5651003.3790065255,
				"packets":	488,
				"omitted":	false
			}
		}, {
			"streams":	[{
					"socket":	5,
					"start":	2.9999730587005615,
					"end":	3.999622106552124,
					"seconds":	0.9996490478515625,
					"bytes":	761648,
					"bits_per_second":	6095323.1667607957,
					"packets":	526,
					"omitted":	false
				}],
			"sum":	{
				"start":	2.9999730587005615,
				"end":	3.999622106552124,
				"seconds":	0.9996490478515625,
				"bytes":	761648,
				"bits_per_second":	6095323.1667607957,
				"packets":	526,
				"omitted":	false
			}
		}, {
			"streams":	[{
					"socket":	5,
					"start":	3.999622106552124,
					"end":	4.9996631145477295,
					"seconds":	1.0000410079956055,
					"bytes":	1127992,
					"bits_per_second":	9023565.9616466984,
					"packets":	779,
					"omitted":	false
				}],
			"sum":	{
				"start":	3.999622106552124,
				"end":	4.9996631145477295,
				"seconds":	1.0000410079956055,
				"bytes":	1127992,
				"bits_per_second":	9023565.9616466984,
				"packets":	779,
				"omitted":	false
			}
		}],
	"end":	{
		"streams":	[{
				"udp":	{
					"socket":	5,
					"start":	0,
					"end":	4.9996631145477295,
					"seconds":	4.9996631145477295,
					"bytes":	3812584,
					"bits_per_second":	6100545.4370017285,
					"jitter_ms":	0.91092482358824367,
					"lost_packets":	2,
					"packets":	2633,
					"lost_percent":	0.0759589821496392,
					"out_of_order":	0
				}
			}],
		"sum":	{
			"start":	0,
			"end":	5.085576057434082,
			"seconds":	5.085576057434082,
			"bytes":	3812584,
			"bits_per_second":	6100545.4370017285,
			"jitter_ms":	0.91092482358824367,
			"lost_packets":	2,
			"packets":	2633,
			"lost_percent":	0.0759589821496392
		},
		"cpu_utilization_percent":	{
			"host_total":	13.305254784007275,
			"host_user":	2.7532223633563597,
			"host_system":	10.527026683421374,
			"remote_total":	6.1779677311271248,
			"remote_user":	0.92375497953420849,
			"remote_system":	5.1466348859763045
		}
	}
}
