{
	"start":	{
		"connected":	[{
				"socket":	5,
				"local_host":	"10.120.137.132",
				"local_port":	40885,
				"remote_host":	"10.120.137.14",
				"remote_port":	5201
			}],
		"version":	"iperf 3.5",
		"system_info":	"Linux KN6GFJ-CHTEST-C 4.9.152 #0 Wed Jan 30 12:21:02 2019 mips",
		"timestamp":	{
			"time":	"Wed, 30 Jan 2019 17:12:45 GMT",
			"timesecs":	1548868365
		},
		"connecting_to":	{
			"host":	"10.120.137.14",
			"port":	5201
		},
		"cookie":	"un6imum2ondnp6zi7py76h52jau7inzkquma",
		"sock_bufsize":	0,
		"sndbuf_actual":	163840,
		"rcvbuf_actual":	163840,
		"test_start":	{
			"protocol":	"UDP",
			"num_streams":	1,
			"blksize":	1448,
			"omit":	1,
			"duration":	5,
			"bytes":	0,
			"blocks":	0,
			"reverse":	0,
			"tos":	117
		}
	},
	"intervals":	[{
			"streams":	[{
					"socket":	5,
					"start":	0,
					"end":	1.0001988410949707,
					"seconds":	1.0001988410949707,
					"bytes":	881832,
					"bits_per_second":	7053253.5233463114,
					"packets":	609,
					"omitted":	true
				}],
			"sum":	{
				"start":	0,
				"end":	1.0001988410949707,
				"seconds":	1.0001988410949707,
				"bytes":	881832,
				"bits_per_second":	7053253.5233463114,
				"packets":	609,
				"omitted":	true
			}
		}, {
			"streams":	[{
					"socket":	5,
					"start":	0.0010621547698974609,
					"end":	1.0000998973846436,
					"seconds":	1.001162052154541,
					"bytes":	1016496,
					"bits_per_second":	8122529.1974457856,
					"packets":	702,
					"omitted":	false
				}],
			"sum":	{
				"start":	0.0010621547698974609,
				"end":	1.0000998973846436,
				"seconds":	1.001162052154541,
				"bytes":	1016496,
				"bits_per_second":	8122529.1974457856,
				"packets":	702,
				"omitted":	false
			}
		}, {
			"streams":	[{
					"socket":	5,
					"start":	1.0000998973846436,
					"end":	2.0000839233398438,
					"seconds":	0.9999840259552002,
					"bytes":	987536,
					"bits_per_second":	7900414.2015703926,
					"packets":	682,
					"omitted":	false
				}],
			"sum":	{
				"start":	1.0000998973846436,
				"end":	2.0000839233398438,
				"seconds":	0.9999840259552002,
				"bytes":	987536,
				"bits_per_second":	7900414.2015703926,
				"packets":	682,
				"omitted":	false
			}
		}, {
			"streams":	[{
					"socket":	5,
					"start":	2.0000839233398438,
					"end":	3.0001189708709717,
					"seconds":	1.0000350475311279,
					"bytes":	836944,
					"bits_per_second":	6695317.3456569165,
					"packets":	578,
					"omitted":	false
				}],
			"sum":	{
				"start":	2.0000839233398438,
				"end":	3.0001189708709717,
				"seconds":	1.0000350475311279,
				"bytes":	836944,
				"bits_per_second":	6695317.3456569165,
				"packets":	578,
				"omitted":	false
			}
		}, {
			"streams":	[{
					"socket":	5,
					"start":	3.0001189708709717,
					"end":	4.0000748634338379,
					"seconds":	0.99995589256286621,
					"bytes":	1068624,
					"bits_per_second":	8549369.0907597039,
					"packets":	738,
					"omitted":	false
				}],
			"sum":	{
				"start":	3.0001189708709717,
				"end":	4.0000748634338379,
				"seconds":	0.99995589256286621,
				"bytes":	1068624,
				"bits_per_second":	8549369.0907597039,
				"packets":	738,
				"omitted":	false
			}
		}, {
			"streams":	[{
					"socket":	5,
					"start":	4.0000748634338379,
					"end":	4.9989628791809082,
					"seconds":	0.99888801574707031,
					"bytes":	1093240,
					"bits_per_second":	8755656.1517648287,
					"packets":	755,
					"omitted":	false
				}],
			"sum":	{
				"start":	4.0000748634338379,
				"end":	4.9989628791809082,
				"seconds":	0.99888801574707031,
				"bytes":	1093240,
				"bits_per_second":	8755656.1517648287,
				"packets":	755,
				"omitted":	false
			}
		}],
	"end":	{
		"streams":	[{
				"udp":	{
					"socket":	5,
					"start":	0,
					"end":	4.9989628791809082,
					"seconds":	4.9989628791809082,
					"bytes":	5002840,
					"bits_per_second":	8006204.6803111723,
					"jitter_ms":	1.500657367161051,
					"lost_packets":	0,
					"packets":	3455,
					"lost_percent":	0,
					"out_of_order":	0
				}
			}],
		"sum":	{
			"start":	0,
			"end":	5.0614690780639648,
			"seconds":	5.0614690780639648,
			"bytes":	5002840,
			"bits_per_second":	8006204.6803111723,
			"jitter_ms":	1.500657367161051,
			"lost_packets":	0,
			"packets":	3455,
			"lost_percent":	0
		},
		"cpu_utilization_percent":	{
			"host_total":	19.785483131049773,
			"host_user":	2.6232974389730841,
			"host_system":	17.215389443260865,
			"remote_total":	7.8585856942942209,
			"remote_user":	2.5022880296170813,
			"remote_system":	5.3799192636767241
		}
	}
}
