{
	"start":	{
		"connected":	[{
				"socket":	5,
				"local_host":	"10.120.137.132",
				"local_port":	49479,
				"remote_host":	"10.120.137.14",
				"remote_port":	5201
			}],
		"version":	"iperf 3.5",
		"system_info":	"Linux KN6GFJ-CHTEST-C 4.9.152 #0 Wed Jan 30 12:21:02 2019 mips",
		"timestamp":	{
			"time":	"Wed, 30 Jan 2019 17:06:03 GMT",
			"timesecs":	1548867963
		},
		"connecting_to":	{
			"host":	"10.120.137.14",
			"port":	5201
		},
		"cookie":	"op2mwy2wawbaawozgxvhi24q5jiwfcinxygp",
		"sock_bufsize":	0,
		"sndbuf_actual":	163840,
		"rcvbuf_actual":	163840,
		"test_start":	{
			"protocol":	"UDP",
			"num_streams":	1,
			"blksize":	1448,
			"omit":	1,
			"duration":	5,
			"bytes":	0,
			"blocks":	0,
			"reverse":	0,
			"tos":	118
		}
	},
	"intervals":	[{
			"streams":	[{
					"socket":	5,
					"start":	0,
					"end":	1.0007438659667969,
					"seconds":	1.0007438659667969,
					"bytes":	919480,
					"bits_per_second":	7350372.3081966462,
					"packets":	635,
					"omitted":	true
				}],
			"sum":	{
				"start":	0,
				"end":	1.0007438659667969,
				"seconds":	1.0007438659667969,
				"bytes":	919480,
				"bits_per_second":	7350372.3081966462,
				"packets":	635,
				"omitted":	true
			}
		}, {
			"streams":	[{
					"socket":	5,
					"start":	0.00070810317993164062,
					"end":	0.99941086769104,
					"seconds":	1.0001189708709717,
					"bytes":	454672,
					"bits_per_second":	3636943.3096867721,
					"packets":	314,
					"omitted":	false
				}],
			"sum":	{
				"start":	0.00070810317993164062,
				"end":	0.99941086769104,
				"seconds":	1.0001189708709717,
				"bytes":	454672,
				"bits_per_second":	3636943.3096867721,
				"packets":	314,
				"omitted":	false
			}
		}, {
			"streams":	[{
					"socket":	5,
					"start":	0.99941086769104,
					"end":	1.9993598461151123,
					"seconds":	0.99994897842407227,
					"bytes":	648704,
					"bits_per_second":	5189896.7967134705,
					"packets":	448,
					"omitted":	false
				}],
			"sum":	{
				"start":	0.99941086769104,
				"end":	1.9993598461151123,
				"seconds":	0.99994897842407227,
				"bytes":	648704,
				"bits_per_second":	5189896.7967134705,
				"packets":	448,
				"omitted":	false
			}
		}, {
			"streams":	[{
					"socket":	5,
					"start":	1.9993598461151123,
					"end":	2.9997448921203613,
					"seconds":	1.000385046005249,
					"bytes":	541552,
					"bits_per_second":	4330748.462604736,
					"packets":	374,
					"omitted":	false
				}],
			"sum":	{
				"start":	1.9993598461151123,
				"end":	2.9997448921203613,
				"seconds":	1.000385046005249,
				"bytes":	541552,
				"bits_per_second":	4330748.462604736,
				"packets":	374,
				"omitted":	false
			}
		}, {
			"streams":	[{
					"socket":	5,
					"start":	2.9997448921203613,
					"end":	3.9993679523468018,
					"seconds":	0.99962306022644043,
					"bytes":	748616,
					"bits_per_second":	5991186.3164134622,
					"packets":	517,
					"omitted":	false
				}],
			"sum":	{
				"start":	2.9997448921203613,
				"end":	3.9993679523468018,
				"seconds":	0.99962306022644043,
				"bytes":	748616,
				"bits_per_second":	5991186.3164134622,
				"packets":	517,
				"omitted":	false
			}
		}, {
			"streams":	[{
					"socket":	5,
					"start":	3.9993679523468018,
					"end":	4.998884916305542,
					"seconds":	0.99951696395874023,
					"bytes":	638568,
					"bits_per_second":	5111012.8033913784,
					"packets":	441,
					"omitted":	false
				}],
			"sum":	{
				"start":	3.9993679523468018,
				"end":	4.998884916305542,
				"seconds":	0.99951696395874023,
				"bytes":	638568,
				"bits_per_second":	5111012.8033913784,
				"packets":	441,
				"omitted":	false
			}
		}],
	"end":	{
		"streams":	[{
				"udp":	{
					"socket":	5,
					"start":	0,
					"end":	4.998884916305542,
					"seconds":	4.998884916305542,
					"bytes":	3032112,
					"bits_per_second":	4852461.38011259,
					"jitter_ms":	4.6098953695695775,
					"lost_packets":	0,
					"packets":	2094,
					"lost_percent":	0,
					"out_of_order":	0
				}
			}],
		"sum":	{
			"start":	0,
			"end":	5.098289966583252,
			"seconds":	5.098289966583252,
			"bytes":	3032112,
			"bits_per_second":	4852461.38011259,
			"jitter_ms":	4.6098953695695775,
			"lost_packets":	0,
			"packets":	2094,
			"lost_percent":	0
		},
		"cpu_utilization_percent":	{
			"host_total":	16.823917913881221,
			"host_user":	3.1164303291655724,
			"host_system":	13.613879858986449,
			"remote_total":	5.93297071634684,
			"remote_user":	1.6457654455087061,
			"remote_system":	4.3887078546898826
		}
	}
}
