{
	"start":	{
		"connected":	[{
				"socket":	5,
				"local_host":	"10.120.137.132",
				"local_port":	36464,
				"remote_host":	"10.120.137.14",
				"remote_port":	5201
			}],
		"version":	"iperf 3.5",
		"system_info":	"Linux KN6GFJ-CHTEST-C 4.9.152 #0 Wed Jan 30 12:21:02 2019 mips",
		"timestamp":	{
			"time":	"Wed, 30 Jan 2019 17:08:31 GMT",
			"timesecs":	1548868111
		},
		"connecting_to":	{
			"host":	"10.120.137.14",
			"port":	5201
		},
		"cookie":	"5mx5jujmwaw3kankpr2zx7usun3gubbqopxy",
		"sock_bufsize":	0,
		"sndbuf_actual":	163840,
		"rcvbuf_actual":	163840,
		"test_start":	{
			"protocol":	"UDP",
			"num_streams":	1,
			"blksize":	1448,
			"omit":	1,
			"duration":	5,
			"bytes":	0,
			"blocks":	0,
			"reverse":	0,
			"tos":	118
		}
	},
	"intervals":	[{
			"streams":	[{
					"socket":	5,
					"start":	0,
					"end":	1.0001900196075439,
					"seconds":	1.0001900196075439,
					"bytes":	797848,
					"bits_per_second":	6381571.3763115592,
					"packets":	551,
					"omitted":	true
				}],
			"sum":	{
				"start":	0,
				"end":	1.0001900196075439,
				"seconds":	1.0001900196075439,
				"bytes":	797848,
				"bits_per_second":	6381571.3763115592,
				"packets":	551,
				"omitted":	true
			}
		}, {
			"streams":	[{
					"socket":	5,
					"start":	0.00057387351989746094,
					"end":	0.99948406219482422,
					"seconds":	1.0000579357147217,
					"bytes":	566168,
					"bits_per_second":	4529081.6044202149,
					"packets":	391,
					"omitted":	false
				}],
			"sum":	{
				"start":	0.00057387351989746094,
				"end":	0.99948406219482422,
				"seconds":	1.0000579357147217,
				"bytes":	566168,
				"bits_per_second":	4529081.6044202149,
				"packets":	391,
				"omitted":	false
			}
		}, {
			"streams":	[{
					"socket":	5,
					"start":	0.99948406219482422,
					"end":	1.9994380474090576,
					"seconds":	0.9999539852142334,
					"bytes":	692144,
					"bits_per_second":	5537406.8025877234,
					"packets":	478,
					"omitted":	false
				}],
			"sum":	{
				"start":	0.99948406219482422,
				"end":	1.9994380474090576,
				"seconds":	0.9999539852142334,
				"bytes":	692144,
				"bits_per_second":	5537406.8025877234,
				"packets":	478,
				"omitted":	false
			}
		}, {
			"streams":	[{
					"socket":	5,
					"start":	1.9994380474090576,
					"end":	2.999439001083374,
					"seconds":	1.0000009536743164,
					"bytes":	747168,
					"bits_per_second":	5977338.299565983,
					"packets":	516,
					"omitted":	false
				}],
			"sum":	{
				"start":	1.9994380474090576,
				"end":	2.999439001083374,
				"seconds":	1.0000009536743164,
				"bytes":	747168,
				"bits_per_second":	5977338.299565983,
				"packets":	516,
				"omitted":	false
			}
		}, {
			"streams":	[{
					"socket":	5,
					"start":	2.999439001083374,
					"end":	3.9994401931762695,
					"seconds":	1.0000011920928955,
					"bytes":	689248,
					"bits_per_second":	5513977.4268266838,
					"packets":	476,
					"omitted":	false
				}],
			"sum":	{
				"start":	2.999439001083374,
				"end":	3.9994401931762695,
				"seconds":	1.0000011920928955,
				"bytes":	689248,
				"bits_per_second":	5513977.4268266838,
				"packets":	476,
				"omitted":	false
			}
		}, {
			"streams":	[{
					"socket":	5,
					"start":	3.9994401931762695,
					"end":	4.9994261264801025,
					"seconds":	0.999985933303833,
					"bytes":	796400,
					"bits_per_second":	6371289.6229953188,
					"packets":	550,
					"omitted":	false
				}],
			"sum":	{
				"start":	3.9994401931762695,
				"end":	4.9994261264801025,
				"seconds":	0.999985933303833,
				"bytes":	796400,
				"bits_per_second":	6371289.6229953188,
				"packets":	550,
				"omitted":	false
			}
		}],
	"end":	{
		"streams":	[{
				"udp":	{
					"socket":	5,
					"start":	0,
					"end":	4.9994261264801025,
					"seconds":	4.9994261264801025,
					"bytes":	3491128,
					"bits_per_second":	5586445.98268396,
					"jitter_ms":	1.4595243540598415,
					"lost_packets":	2,
					"packets":	2411,
					"lost_percent":	0.0829531314807134,
					"out_of_order":	0
				}
			}],
		"sum":	{
			"start":	0,
			"end":	5.1205170154571533,
			"seconds":	5.1205170154571533,
			"bytes":	3491128,
			"bits_per_second":	5586445.98268396,
			"jitter_ms":	1.4595243540598415,
			"lost_packets":	2,
			"packets":	2411,
			"lost_percent":	0.0829531314807134
		},
		"cpu_utilization_percent":	{
			"host_total":	14.485338015289322,
			"host_user":	4.5535881705585481,
			"host_system":	9.9203170858596934,
			"remote_total":	6.0794476095177856,
			"remote_user":	1.3599245731434753,
			"remote_system":	4.7597360060021634
		}
	}
}
