{
	"start":	{
		"connected":	[{
				"socket":	5,
				"local_host":	"10.120.137.132",
				"local_port":	41467,
				"remote_host":	"10.120.137.14",
				"remote_port":	5201
			}],
		"version":	"iperf 3.5",
		"system_info":	"Linux KN6GFJ-CHTEST-C 4.9.152 #0 Wed Jan 30 12:21:02 2019 mips",
		"timestamp":	{
			"time":	"Wed, 30 Jan 2019 17:18:08 GMT",
			"timesecs":	1548868688
		},
		"connecting_to":	{
			"host":	"10.120.137.14",
			"port":	5201
		},
		"cookie":	"q7ootb2l5qxhvicuuszx5acteunga7de7dkp",
		"sock_bufsize":	0,
		"sndbuf_actual":	163840,
		"rcvbuf_actual":	163840,
		"test_start":	{
			"protocol":	"UDP",
			"num_streams":	1,
			"blksize":	1448,
			"omit":	1,
			"duration":	5,
			"bytes":	0,
			"blocks":	0,
			"reverse":	0,
			"tos":	118
		}
	},
	"intervals":	[{
			"streams":	[{
					"socket":	5,
					"start":	0,
					"end":	1.0007250308990479,
					"seconds":	1.0007250308990479,
					"bytes":	1611624,
					"bits_per_second":	12883650.954965103,
					"packets":	1113,
					"omitted":	true
				}],
			"sum":	{
				"start":	0,
				"end":	1.0007250308990479,
				"seconds":	1.0007250308990479,
				"bytes":	1611624,
				"bits_per_second":	12883650.954965103,
				"packets":	1113,
				"omitted":	true
			}
		}, {
			"streams":	[{
					"socket":	5,
					"start":	0.0015327930450439453,
					"end":	0.99856209754943848,
					"seconds":	1.0000948905944824,
					"bytes":	1503024,
					"bits_per_second":	12023051.125531206,
					"packets":	1038,
					"omitted":	false
				}],
			"sum":	{
				"start":	0.0015327930450439453,
				"end":	0.99856209754943848,
				"seconds":	1.0000948905944824,
				"bytes":	1503024,
				"bits_per_second":	12023051.125531206,
				"packets":	1038,
				"omitted":	false
			}
		}, {
			"streams":	[{
					"socket":	5,
					"start":	0.99856209754943848,
					"end":	1.9985370635986328,
					"seconds":	0.99997496604919434,
					"bytes":	1608728,
					"bits_per_second":	12870146.190606598,
					"packets":	1111,
					"omitted":	false
				}],
			"sum":	{
				"start":	0.99856209754943848,
				"end":	1.9985370635986328,
				"seconds":	0.99997496604919434,
				"bytes":	1608728,
				"bits_per_second":	12870146.190606598,
				"packets":	1111,
				"omitted":	false
			}
		}, {
			"streams":	[{
					"socket":	5,
					"start":	1.9985370635986328,
					"end":	2.9985370635986328,
					"seconds":	1,
					"bytes":	1854888,
					"bits_per_second":	14839104,
					"packets":	1281,
					"omitted":	false
				}],
			"sum":	{
				"start":	1.9985370635986328,
				"end":	2.9985370635986328,
				"seconds":	1,
				"bytes":	1854888,
				"bits_per_second":	14839104,
				"packets":	1281,
				"omitted":	false
			}
		}, {
			"streams":	[{
					"socket":	5,
					"start":	2.9985370635986328,
					"end":	3.9985370635986328,
					"seconds":	1,
					"bytes":	1655064,
					"bits_per_second":	13240512,
					"packets":	1143,
					"omitted":	false
				}],
			"sum":	{
				"start":	2.9985370635986328,
				"end":	3.9985370635986328,
				"seconds":	1,
				"bytes":	1655064,
				"bits_per_second":	13240512,
				"packets":	1143,
				"omitted":	false
			}
		}, {
			"streams":	[{
					"socket":	5,
					"start":	3.9985370635986328,
					"end":	4.9979550838470459,
					"seconds":	0.99941802024841309,
					"bytes":	1530536,
					"bits_per_second":	12251418.077249184,
					"packets":	1057,
					"omitted":	false
				}],
			"sum":	{
				"start":	3.9985370635986328,
				"end":	4.9979550838470459,
				"seconds":	0.99941802024841309,
				"bytes":	1530536,
				"bits_per_second":	12251418.077249184,
				"packets":	1057,
				"omitted":	false
			}
		}],
	"end":	{
		"streams":	[{
				"udp":	{
					"socket":	5,
					"start":	0,
					"end":	4.9979550838470459,
					"seconds":	4.9979550838470459,
					"bytes":	8152240,
					"bits_per_second":	13048920.789780328,
					"jitter_ms":	0.50699832692546531,
					"lost_packets":	0,
					"packets":	5630,
					"lost_percent":	0,
					"out_of_order":	0
				}
			}],
		"sum":	{
			"start":	0,
			"end":	5.0644500255584717,
			"seconds":	5.0644500255584717,
			"bytes":	8152240,
			"bits_per_second":	13048920.789780328,
			"jitter_ms":	0.50699832692546531,
			"lost_packets":	0,
			"packets":	5630,
			"lost_percent":	0
		},
		"cpu_utilization_percent":	{
			"host_total":	27.810476582370612,
			"host_user":	5.89479075703359,
			"host_system":	21.941721151180587,
			"remote_total":	13.678669318257747,
			"remote_user":	3.4442211823735782,
			"remote_system":	10.332663547120735
		}
	}
}
