{
	"start":	{
		"connected":	[{
				"socket":	5,
				"local_host":	"10.120.137.132",
				"local_port":	48061,
				"remote_host":	"10.120.137.14",
				"remote_port":	5201
			}],
		"version":	"iperf 3.5",
		"system_info":	"Linux KN6GFJ-CHTEST-C 4.9.152 #0 Wed Jan 30 12:21:02 2019 mips",
		"timestamp":	{
			"time":	"Wed, 30 Jan 2019 17:04:48 GMT",
			"timesecs":	1548867888
		},
		"connecting_to":	{
			"host":	"10.120.137.14",
			"port":	5201
		},
		"cookie":	"i7fgqevioanr6tgk3hr6wrmn2xnupca4tr4n",
		"sock_bufsize":	0,
		"sndbuf_actual":	163840,
		"rcvbuf_actual":	163840,
		"test_start":	{
			"protocol":	"UDP",
			"num_streams":	1,
			"blksize":	1448,
			"omit":	1,
			"duration":	5,
			"bytes":	0,
			"blocks":	0,
			"reverse":	0,
			"tos":	118
		}
	},
	"intervals":	[{
			"streams":	[{
					"socket":	5,
					"start":	0,
					"end":	1.0003869533538818,
					"seconds":	1.0003869533538818,
					"bytes":	1004912,
					"bits_per_second":	8036186.3707314264,
					"packets":	694,
					"omitted":	true
				}],
			"sum":	{
				"start":	0,
				"end":	1.0003869533538818,
				"seconds":	1.0003869533538818,
				"bytes":	1004912,
				"bits_per_second":	8036186.3707314264,
				"packets":	694,
				"omitted":	true
			}
		}, {
			"streams":	[{
					"socket":	5,
					"start":	0.00055909156799316406,
					"end":	0.99951481819152832,
					"seconds":	1.0000739097595215,
					"bytes":	545896,
					"bits_per_second":	4366845.2475178884,
					"packets":	377,
					"omitted":	false
				}],
			"sum":	{
				"start":	0.00055909156799316406,
				"end":	0.99951481819152832,
				"seconds":	1.0000739097595215,
				"bytes":	545896,
				"bits_per_second":	4366845.2475178884,
				"packets":	377,
				"omitted":	false
			}
		}, {
			"streams":	[{
					"socket":	5,
					"start":	0.99951481819152832,
					"end":	1.9995138645172119,
					"seconds":	0.99999904632568359,
					"bytes":	761648,
					"bits_per_second":	6093189.8109186273,
					"packets":	526,
					"omitted":	false
				}],
			"sum":	{
				"start":	0.99951481819152832,
				"end":	1.9995138645172119,
				"seconds":	0.99999904632568359,
				"bytes":	761648,
				"bits_per_second":	6093189.8109186273,
				"packets":	526,
				"omitted":	false
			}
		}, {
			"streams":	[{
					"socket":	5,
					"start":	1.9995138645172119,
					"end":	2.9994628429412842,
					"seconds":	0.99994897842407227,
					"bytes":	655944,
					"bits_per_second":	5247819.7520339331,
					"packets":	453,
					"omitted":	false
				}],
			"sum":	{
				"start":	1.9995138645172119,
				"end":	2.9994628429412842,
				"seconds":	0.99994897842407227,
				"bytes":	655944,
				"bits_per_second":	5247819.7520339331,
				"packets":	453,
				"omitted":	false
			}
		}, {
			"streams":	[{
					"socket":	5,
					"start":	2.9994628429412842,
					"end":	3.9995110034942627,
					"seconds":	1.0000481605529785,
					"bytes":	586440,
					"bits_per_second":	4691294.06468366,
					"packets":	405,
					"omitted":	false
				}],
			"sum":	{
				"start":	2.9994628429412842,
				"end":	3.9995110034942627,
				"seconds":	1.0000481605529785,
				"bytes":	586440,
				"bits_per_second":	4691294.06468366,
				"packets":	405,
				"omitted":	false
			}
		}, {
			"streams":	[{
					"socket":	5,
					"start":	3.9995110034942627,
					"end":	4.99938702583313,
					"seconds":	0.99987602233886719,
					"bytes":	829704,
					"bits_per_second":	6638455.02012693,
					"packets":	573,
					"omitted":	false
				}],
			"sum":	{
				"start":	3.9995110034942627,
				"end":	4.99938702583313,
				"seconds":	0.99987602233886719,
				"bytes":	829704,
				"bits_per_second":	6638455.02012693,
				"packets":	573,
				"omitted":	false
			}
		}],
	"end":	{
		"streams":	[{
				"udp":	{
					"socket":	5,
					"start":	0,
					"end":	4.99938702583313,
					"seconds":	4.99938702583313,
					"bytes":	3379632,
					"bits_per_second":	5408074.201955663,
					"jitter_ms":	1.64683382064821,
					"lost_packets":	0,
					"packets":	2334,
					"lost_percent":	0,
					"out_of_order":	0
				}
			}],
		"sum":	{
			"start":	0,
			"end":	5.109637975692749,
			"seconds":	5.109637975692749,
			"bytes":	3379632,
			"bits_per_second":	5408074.201955663,
			"jitter_ms":	1.64683382064821,
			"lost_packets":	0,
			"packets":	2334,
			"lost_percent":	0
		},
		"cpu_utilization_percent":	{
			"host_total":	18.151359851245648,
			"host_user":	3.7713295330356167,
			"host_system":	14.429434735092794,
			"remote_total":	6.6034309693810123,
			"remote_user":	1.6383719825284013,
			"remote_system":	4.9151159475852042
		}
	}
}
