{
	"start":	{
		"connected":	[{
				"socket":	5,
				"local_host":	"10.120.137.132",
				"local_port":	49212,
				"remote_host":	"10.120.137.14",
				"remote_port":	5201
			}],
		"version":	"iperf 3.5",
		"system_info":	"Linux KN6GFJ-CHTEST-C 4.9.152 #0 Wed Jan 30 12:21:02 2019 mips",
		"timestamp":	{
			"time":	"Wed, 30 Jan 2019 17:05:56 GMT",
			"timesecs":	1548867956
		},
		"connecting_to":	{
			"host":	"10.120.137.14",
			"port":	5201
		},
		"cookie":	"hyptz56k3z46k2uqks5hkbpqxxhf4cf6bckh",
		"sock_bufsize":	0,
		"sndbuf_actual":	163840,
		"rcvbuf_actual":	163840,
		"test_start":	{
			"protocol":	"UDP",
			"num_streams":	1,
			"blksize":	1448,
			"omit":	1,
			"duration":	5,
			"bytes":	0,
			"blocks":	0,
			"reverse":	0,
			"tos":	118
		}
	},
	"intervals":	[{
			"streams":	[{
					"socket":	5,
					"start":	0,
					"end":	1.0001850128173828,
					"seconds":	1.0001850128173828,
					"bytes":	781920,
					"bits_per_second":	6254202.8923024116,
					"packets":	540,
					"omitted":	true
				}],
			"sum":	{
				"start":	0,
				"end":	1.0001850128173828,
				"seconds":	1.0001850128173828,
				"bytes":	781920,
				"bits_per_second":	6254202.8923024116,
				"packets":	540,
				"omitted":	true
			}
		}, {
			"streams":	[{
					"socket":	5,
					"start":	0.00069308280944824219,
					"end":	0.99931788444519043,
					"seconds":	1.0000109672546387,
					"bytes":	631328,
					"bits_per_second":	5050568.6091279937,
					"packets":	436,
					"omitted":	false
				}],
			"sum":	{
				"start":	0.00069308280944824219,
				"end":	0.99931788444519043,
				"seconds":	1.0000109672546387,
				"bytes":	631328,
				"bits_per_second":	5050568.6091279937,
				"packets":	436,
				"omitted":	false
			}
		}, {
			"streams":	[{
					"socket":	5,
					"start":	0.99931788444519043,
					"end":	1.9993479251861572,
					"seconds":	1.0000300407409668,
					"bytes":	525624,
					"bits_per_second":	4204865.6827192251,
					"packets":	363,
					"omitted":	false
				}],
			"sum":	{
				"start":	0.99931788444519043,
				"end":	1.9993479251861572,
				"seconds":	1.0000300407409668,
				"bytes":	525624,
				"bits_per_second":	4204865.6827192251,
				"packets":	363,
				"omitted":	false
			}
		}, {
			"streams":	[{
					"socket":	5,
					"start":	1.9993479251861572,
					"end":	2.9993438720703125,
					"seconds":	0.99999594688415527,
					"bytes":	695040,
					"bits_per_second":	5560342.5367124379,
					"packets":	480,
					"omitted":	false
				}],
			"sum":	{
				"start":	1.9993479251861572,
				"end":	2.9993438720703125,
				"seconds":	0.99999594688415527,
				"bytes":	695040,
				"bits_per_second":	5560342.5367124379,
				"packets":	480,
				"omitted":	false
			}
		}, {
			"streams":	[{
					"socket":	5,
					"start":	2.9993438720703125,
					"end":	3.999351978302002,
					"seconds":	1.0000081062316895,
					"bytes":	768888,
					"bits_per_second":	6151054.1381300222,
					"packets":	531,
					"omitted":	false
				}],
			"sum":	{
				"start":	2.9993438720703125,
				"end":	3.999351978302002,
				"seconds":	1.0000081062316895,
				"bytes":	768888,
				"bits_per_second":	6151054.1381300222,
				"packets":	531,
				"omitted":	false
			}
		}, {
			"streams":	[{
					"socket":	5,
					"start":	3.999351978302002,
					"end":	4.9993410110473633,
					"seconds":	0.99998903274536133,
					"bytes":	558928,
					"bits_per_second":	4471473.0397834368,
					"packets":	386,
					"omitted":	false
				}],
			"sum":	{
				"start":	3.999351978302002,
				"end":	4.9993410110473633,
				"seconds":	0.99998903274536133,
				"bytes":	558928,
				"bits_per_second":	4471473.0397834368,
				"packets":	386,
				"omitted":	false
			}
		}],
	"end":	{
		"streams":	[{
				"udp":	{
					"socket":	5,
					"start":	0,
					"end":	4.9993410110473633,
					"seconds":	4.9993410110473633,
					"bytes":	3179808,
					"bits_per_second":	5088363.4350581411,
					"jitter_ms":	3.6708385618603492,
					"lost_packets":	2,
					"packets":	2196,
					"lost_percent":	0.09107468123861566,
					"out_of_order":	0
				}
			}],
		"sum":	{
			"start":	0,
			"end":	5.1251330375671387,
			"seconds":	5.1251330375671387,
			"bytes":	3179808,
			"bits_per_second":	5088363.4350581411,
			"jitter_ms":	3.6708385618603492,
			"lost_packets":	2,
			"packets":	2196,
			"lost_percent":	0.09107468123861566
		},
		"cpu_utilization_percent":	{
			"host_total":	18.514898373381122,
			"host_user":	3.0782934783436384,
			"host_system":	15.391467391718191,
			"remote_total":	5.9359117882335726,
			"remote_user":	1.2258595897701745,
			"remote_system":	4.7672317379951226
		}
	}
}
