{
	"start":	{
		"connected":	[{
				"socket":	5,
				"local_host":	"10.120.137.132",
				"local_port":	36816,
				"remote_host":	"10.120.137.14",
				"remote_port":	5201
			}],
		"version":	"iperf 3.5",
		"system_info":	"Linux KN6GFJ-CHTEST-C 4.9.152 #0 Wed Jan 30 12:21:02 2019 mips",
		"timestamp":	{
			"time":	"Wed, 30 Jan 2019 17:15:17 GMT",
			"timesecs":	1548868517
		},
		"connecting_to":	{
			"host":	"10.120.137.14",
			"port":	5201
		},
		"cookie":	"m2h4zeqizbtrkkkptwahyxnlonw5g76u37dr",
		"sock_bufsize":	0,
		"sndbuf_actual":	163840,
		"rcvbuf_actual":	163840,
		"test_start":	{
			"protocol":	"UDP",
			"num_streams":	1,
			"blksize":	1448,
			"omit":	1,
			"duration":	5,
			"bytes":	0,
			"blocks":	0,
			"reverse":	0,
			"tos":	118
		}
	},
	"intervals":	[{
			"streams":	[{
					"socket":	5,
					"start":	0,
					"end":	1.0001838207244873,
					"seconds":	1.0001838207244873,
					"bytes":	362000,
					"bits_per_second":	2895467.7530199103,
					"packets":	250,
					"omitted":	true
				}],
			"sum":	{
				"start":	0,
				"end":	1.0001838207244873,
				"seconds":	1.0001838207244873,
				"bytes":	362000,
				"bits_per_second":	2895467.7530199103,
				"packets":	250,
				"omitted":	true
			}
		}, {
			"streams":	[{
					"socket":	5,
					"start":	0.00053620338439941406,
					"end":	0.9994959831237793,
					"seconds":	1.0000321865081787,
					"bytes":	977400,
					"bits_per_second":	7818948.3353554551,
					"packets":	675,
					"omitted":	false
				}],
			"sum":	{
				"start":	0.00053620338439941406,
				"end":	0.9994959831237793,
				"seconds":	1.0000321865081787,
				"bytes":	977400,
				"bits_per_second":	7818948.3353554551,
				"packets":	675,
				"omitted":	false
			}
		}, {
			"streams":	[{
					"socket":	5,
					"start":	0.9994959831237793,
					"end":	1.9994969367980957,
					"seconds":	1.0000009536743164,
					"bytes":	1239488,
					"bits_per_second":	9915894.54346605,
					"packets":	856,
					"omitted":	false
				}],
			"sum":	{
				"start":	0.9994959831237793,
				"end":	1.9994969367980957,
				"seconds":	1.0000009536743164,
				"bytes":	1239488,
				"bits_per_second":	9915894.54346605,
				"packets":	856,
				"omitted":	false
			}
		}, {
			"streams":	[{
					"socket":	5,
					"start":	1.9994969367980957,
					"end":	2.9995009899139404,
					"seconds":	1.0000040531158447,
					"bytes":	1143920,
					"bits_per_second":	9151322.90862812,
					"packets":	790,
					"omitted":	false
				}],
			"sum":	{
				"start":	1.9994969367980957,
				"end":	2.9995009899139404,
				"seconds":	1.0000040531158447,
				"bytes":	1143920,
				"bits_per_second":	9151322.90862812,
				"packets":	790,
				"omitted":	false
			}
		}, {
			"streams":	[{
					"socket":	5,
					"start":	2.9995009899139404,
					"end":	3.999478816986084,
					"seconds":	0.99997782707214355,
					"bytes":	1039664,
					"bits_per_second":	8317496.4232481392,
					"packets":	718,
					"omitted":	false
				}],
			"sum":	{
				"start":	2.9995009899139404,
				"end":	3.999478816986084,
				"seconds":	0.99997782707214355,
				"bytes":	1039664,
				"bits_per_second":	8317496.4232481392,
				"packets":	718,
				"omitted":	false
			}
		}, {
			"streams":	[{
					"socket":	5,
					"start":	3.999478816986084,
					"end":	4.9998669624328613,
					"seconds":	1.0003881454467773,
					"bytes":	1300304,
					"bits_per_second":	10398395.909973755,
					"packets":	898,
					"omitted":	false
				}],
			"sum":	{
				"start":	3.999478816986084,
				"end":	4.9998669624328613,
				"seconds":	1.0003881454467773,
				"bytes":	1300304,
				"bits_per_second":	10398395.909973755,
				"packets":	898,
				"omitted":	false
			}
		}],
	"end":	{
		"streams":	[{
				"udp":	{
					"socket":	5,
					"start":	0,
					"end":	4.9998669624328613,
					"seconds":	4.9998669624328613,
					"bytes":	5700776,
					"bits_per_second":	9121484.3000159934,
					"jitter_ms":	0.69317065898885921,
					"lost_packets":	1,
					"packets":	3937,
					"lost_percent":	0.0254000508001016,
					"out_of_order":	0
				}
			}],
		"sum":	{
			"start":	0,
			"end":	5.1259191036224365,
			"seconds":	5.1259191036224365,
			"bytes":	5700776,
			"bits_per_second":	9121484.3000159934,
			"jitter_ms":	0.69317065898885921,
			"lost_packets":	1,
			"packets":	3937,
			"lost_percent":	0.0254000508001016
		},
		"cpu_utilization_percent":	{
			"host_total":	18.886168834952183,
			"host_user":	4.2314361201246129,
			"host_system":	14.647278877354427,
			"remote_total":	7.9765363457246483,
			"remote_user":	2.7244036825219697,
			"remote_system":	5.3125871809178413
		}
	}
}
