{
	"start":	{
		"connected":	[{
				"socket":	5,
				"local_host":	"10.120.137.132",
				"local_port":	47982,
				"remote_host":	"10.120.137.14",
				"remote_port":	5201
			}],
		"version":	"iperf 3.5",
		"system_info":	"Linux KN6GFJ-CHTEST-C 4.9.152 #0 Wed Jan 30 12:21:02 2019 mips",
		"timestamp":	{
			"time":	"Wed, 30 Jan 2019 17:12:53 GMT",
			"timesecs":	1548868373
		},
		"connecting_to":	{
			"host":	"10.120.137.14",
			"port":	5201
		},
		"cookie":	"3xigtao2s72zcw7oecrwtmuswazj5hkpkw5w",
		"sock_bufsize":	0,
		"sndbuf_actual":	163840,
		"rcvbuf_actual":	163840,
		"test_start":	{
			"protocol":	"UDP",
			"num_streams":	1,
			"blksize":	1448,
			"omit":	1,
			"duration":	5,
			"bytes":	0,
			"blocks":	0,
			"reverse":	0,
			"tos":	118
		}
	},
	"intervals":	[{
			"streams":	[{
					"socket":	5,
					"start":	0,
					"end":	1.0002100467681885,
					"seconds":	1.0002100467681885,
					"bytes":	802192,
					"bits_per_second":	6416188.300383416,
					"packets":	554,
					"omitted":	true
				}],
			"sum":	{
				"start":	0,
				"end":	1.0002100467681885,
				"seconds":	1.0002100467681885,
				"bytes":	802192,
				"bits_per_second":	6416188.300383416,
				"packets":	554,
				"omitted":	true
			}
		}, {
			"streams":	[{
					"socket":	5,
					"start":	0.00040197372436523438,
					"end":	0.99965500831604,
					"seconds":	1.0000569820404053,
					"bytes":	1127992,
					"bits_per_second":	9023421.82701286,
					"packets":	779,
					"omitted":	false
				}],
			"sum":	{
				"start":	0.00040197372436523438,
				"end":	0.99965500831604,
				"seconds":	1.0000569820404053,
				"bytes":	1127992,
				"bits_per_second":	9023421.82701286,
				"packets":	779,
				"omitted":	false
			}
		}, {
			"streams":	[{
					"socket":	5,
					"start":	0.99965500831604,
					"end":	1.9996330738067627,
					"seconds":	0.99997806549072266,
					"bytes":	1280032,
					"bits_per_second":	10240480.619917162,
					"packets":	884,
					"omitted":	false
				}],
			"sum":	{
				"start":	0.99965500831604,
				"end":	1.9996330738067627,
				"seconds":	0.99997806549072266,
				"bytes":	1280032,
				"bits_per_second":	10240480.619917162,
				"packets":	884,
				"omitted":	false
			}
		}, {
			"streams":	[{
					"socket":	5,
					"start":	1.9996330738067627,
					"end":	2.9999010562896729,
					"seconds":	1.0002679824829102,
					"bytes":	1210528,
					"bits_per_second":	9681629.49288988,
					"packets":	836,
					"omitted":	false
				}],
			"sum":	{
				"start":	1.9996330738067627,
				"end":	2.9999010562896729,
				"seconds":	1.0002679824829102,
				"bytes":	1210528,
				"bits_per_second":	9681629.49288988,
				"packets":	836,
				"omitted":	false
			}
		}, {
			"streams":	[{
					"socket":	5,
					"start":	2.9999010562896729,
					"end":	3.999657154083252,
					"seconds":	0.9997560977935791,
					"bytes":	1096136,
					"bits_per_second":	8771227.32169678,
					"packets":	757,
					"omitted":	false
				}],
			"sum":	{
				"start":	2.9999010562896729,
				"end":	3.999657154083252,
				"seconds":	0.9997560977935791,
				"bytes":	1096136,
				"bits_per_second":	8771227.32169678,
				"packets":	757,
				"omitted":	false
			}
		}, {
			"streams":	[{
					"socket":	5,
					"start":	3.999657154083252,
					"end":	4.9996480941772461,
					"seconds":	0.99999094009399414,
					"bytes":	1217768,
					"bits_per_second":	9742232.263708597,
					"packets":	841,
					"omitted":	false
				}],
			"sum":	{
				"start":	3.999657154083252,
				"end":	4.9996480941772461,
				"seconds":	0.99999094009399414,
				"bytes":	1217768,
				"bits_per_second":	9742232.263708597,
				"packets":	841,
				"omitted":	false
			}
		}],
	"end":	{
		"streams":	[{
				"udp":	{
					"socket":	5,
					"start":	0,
					"end":	4.9996480941772461,
					"seconds":	4.9996480941772461,
					"bytes":	5932456,
					"bits_per_second":	9492597.7000807431,
					"jitter_ms":	1.5204825310535064,
					"lost_packets":	0,
					"packets":	4097,
					"lost_percent":	0,
					"out_of_order":	0
				}
			}],
		"sum":	{
			"start":	0,
			"end":	5.0643529891967773,
			"seconds":	5.0643529891967773,
			"bytes":	5932456,
			"bits_per_second":	9492597.7000807431,
			"jitter_ms":	1.5204825310535064,
			"lost_packets":	0,
			"packets":	4097,
			"lost_percent":	0
		},
		"cpu_utilization_percent":	{
			"host_total":	20.201763205499542,
			"host_user":	3.9293676517755096,
			"host_system":	16.208641563573973,
			"remote_total":	9.04722878184985,
			"remote_user":	2.9538464182463926,
			"remote_system":	6.0419585827767124
		}
	}
}
