{
	"start":	{
		"connected":	[{
				"socket":	5,
				"local_host":	"10.120.137.132",
				"local_port":	44244,
				"remote_host":	"10.120.137.14",
				"remote_port":	5201
			}],
		"version":	"iperf 3.5",
		"system_info":	"Linux KN6GFJ-CHTEST-C 4.9.152 #0 Wed Jan 30 12:21:02 2019 mips",
		"timestamp":	{
			"time":	"Wed, 30 Jan 2019 17:18:00 GMT",
			"timesecs":	1548868680
		},
		"connecting_to":	{
			"host":	"10.120.137.14",
			"port":	5201
		},
		"cookie":	"c3zpyb7g77lmj6cch3cu2n3jnyn3txcv6cbl",
		"sock_bufsize":	0,
		"sndbuf_actual":	163840,
		"rcvbuf_actual":	163840,
		"test_start":	{
			"protocol":	"UDP",
			"num_streams":	1,
			"blksize":	1448,
			"omit":	1,
			"duration":	5,
			"bytes":	0,
			"blocks":	0,
			"reverse":	0,
			"tos":	118
		}
	},
	"intervals":	[{
			"streams":	[{
					"socket":	5,
					"start":	0,
					"end":	1.0003077983856201,
					"seconds":	1.0003077983856201,
					"bytes":	1568184,
					"bits_per_second":	12541611.712161923,
					"packets":	1083,
					"omitted":	true
				}],
			"sum":	{
				"start":	0,
				"end":	1.0003077983856201,
				"seconds":	1.0003077983856201,
				"bytes":	1568184,
				"bits_per_second":	12541611.712161923,
				"packets":	1083,
				"omitted":	true
			}
		}, {
			"streams":	[{
					"socket":	5,
					"start":	0.00039911270141601562,
					"end":	0.999661922454834,
					"seconds":	1.00006103515625,
					"bytes":	1576872,
					"bits_per_second":	12614206.089960329,
					"packets":	1089,
					"omitted":	false
				}],
			"sum":	{
				"start":	0.00039911270141601562,
				"end":	0.999661922454834,
				"seconds":	1.00006103515625,
				"bytes":	1576872,
				"bits_per_second":	12614206.089960329,
				"packets":	1089,
				"omitted":	false
			}
		}, {
			"streams":	[{
					"socket":	5,
					"start":	0.999661922454834,
					"end":	1.9996929168701172,
					"seconds":	1.0000309944152832,
					"bytes":	1698504,
					"bits_per_second":	13587610.8599463,
					"packets":	1173,
					"omitted":	false
				}],
			"sum":	{
				"start":	0.999661922454834,
				"end":	1.9996929168701172,
				"seconds":	1.0000309944152832,
				"bytes":	1698504,
				"bits_per_second":	13587610.8599463,
				"packets":	1173,
				"omitted":	false
			}
		}, {
			"streams":	[{
					"socket":	5,
					"start":	1.9996929168701172,
					"end":	2.9996359348297119,
					"seconds":	0.99994301795959473,
					"bytes":	1624656,
					"bits_per_second":	12997988.65191455,
					"packets":	1122,
					"omitted":	false
				}],
			"sum":	{
				"start":	1.9996929168701172,
				"end":	2.9996359348297119,
				"seconds":	0.99994301795959473,
				"bytes":	1624656,
				"bits_per_second":	12997988.65191455,
				"packets":	1122,
				"omitted":	false
			}
		}, {
			"streams":	[{
					"socket":	5,
					"start":	2.9996359348297119,
					"end":	3.9996349811553955,
					"seconds":	0.99999904632568359,
					"bytes":	1539224,
					"bits_per_second":	12313803.743358368,
					"packets":	1063,
					"omitted":	false
				}],
			"sum":	{
				"start":	2.9996359348297119,
				"end":	3.9996349811553955,
				"seconds":	0.99999904632568359,
				"bytes":	1539224,
				"bits_per_second":	12313803.743358368,
				"packets":	1063,
				"omitted":	false
			}
		}, {
			"streams":	[{
					"socket":	5,
					"start":	3.9996349811553955,
					"end":	4.9995830059051514,
					"seconds":	0.99994802474975586,
					"bytes":	2361688,
					"bits_per_second":	18894486.045640457,
					"packets":	1631,
					"omitted":	false
				}],
			"sum":	{
				"start":	3.9996349811553955,
				"end":	4.9995830059051514,
				"seconds":	0.99994802474975586,
				"bytes":	2361688,
				"bits_per_second":	18894486.045640457,
				"packets":	1631,
				"omitted":	false
			}
		}],
	"end":	{
		"streams":	[{
				"udp":	{
					"socket":	5,
					"start":	0,
					"end":	4.9995830059051514,
					"seconds":	4.9995830059051514,
					"bytes":	8800944,
					"bits_per_second":	14082684.879286855,
					"jitter_ms":	0.48755321995569867,
					"lost_packets":	0,
					"packets":	6078,
					"lost_percent":	0,
					"out_of_order":	0
				}
			}],
		"sum":	{
			"start":	0,
			"end":	5.0547389984130859,
			"seconds":	5.0547389984130859,
			"bytes":	8800944,
			"bits_per_second":	14082684.879286855,
			"jitter_ms":	0.48755321995569867,
			"lost_packets":	0,
			"packets":	6078,
			"lost_percent":	0
		},
		"cpu_utilization_percent":	{
			"host_total":	27.35470556828783,
			"host_user":	4.0881369623997692,
			"host_system":	23.220617946430689,
			"remote_total":	13.626822304667808,
			"remote_user":	2.7915157714931169,
			"remote_system":	10.785401844405225
		}
	}
}
