{
	"start":	{
		"connected":	[{
				"socket":	5,
				"local_host":	"10.120.137.132",
				"local_port":	48190,
				"remote_host":	"10.120.137.14",
				"remote_port":	5201
			}],
		"version":	"iperf 3.5",
		"system_info":	"Linux KN6GFJ-CHTEST-C 4.9.152 #0 Wed Jan 30 12:21:02 2019 mips",
		"timestamp":	{
			"time":	"Wed, 30 Jan 2019 17:23:15 GMT",
			"timesecs":	1548868995
		},
		"connecting_to":	{
			"host":	"10.120.137.14",
			"port":	5201
		},
		"cookie":	"2m4kwmo5lwpgg2hzvtinrxthkw5dkp6peebu",
		"sock_bufsize":	0,
		"sndbuf_actual":	163840,
		"rcvbuf_actual":	163840,
		"test_start":	{
			"protocol":	"UDP",
			"num_streams":	1,
			"blksize":	1448,
			"omit":	1,
			"duration":	5,
			"bytes":	0,
			"blocks":	0,
			"reverse":	0,
			"tos":	118
		}
	},
	"intervals":	[{
			"streams":	[{
					"socket":	5,
					"start":	0,
					"end":	1.0001919269561768,
					"seconds":	1.0001919269561768,
					"bytes":	1600040,
					"bits_per_second":	12797863.744965864,
					"packets":	1105,
					"omitted":	true
				}],
			"sum":	{
				"start":	0,
				"end":	1.0001919269561768,
				"seconds":	1.0001919269561768,
				"bytes":	1600040,
				"bits_per_second":	12797863.744965864,
				"packets":	1105,
				"omitted":	true
			}
		}, {
			"streams":	[{
					"socket":	5,
					"start":	0.00042200088500976562,
					"end":	1.0000729560852051,
					"seconds":	1.0004949569702148,
					"bytes":	1329264,
					"bits_per_second":	10628851.17602505,
					"packets":	918,
					"omitted":	false
				}],
			"sum":	{
				"start":	0.00042200088500976562,
				"end":	1.0000729560852051,
				"seconds":	1.0004949569702148,
				"bytes":	1329264,
				"bits_per_second":	10628851.17602505,
				"packets":	918,
				"omitted":	false
			}
		}, {
			"streams":	[{
					"socket":	5,
					"start":	1.0000729560852051,
					"end":	2.0000720024108887,
					"seconds":	0.99999904632568359,
					"bytes":	1434968,
					"bits_per_second":	11479754.947947452,
					"packets":	991,
					"omitted":	false
				}],
			"sum":	{
				"start":	1.0000729560852051,
				"end":	2.0000720024108887,
				"seconds":	0.99999904632568359,
				"bytes":	1434968,
				"bits_per_second":	11479754.947947452,
				"packets":	991,
				"omitted":	false
			}
		}, {
			"streams":	[{
					"socket":	5,
					"start":	2.0000720024108887,
					"end":	3.0003621578216553,
					"seconds":	1.0002901554107666,
					"bytes":	1232248,
					"bits_per_second":	9855124.48230768,
					"packets":	851,
					"omitted":	false
				}],
			"sum":	{
				"start":	2.0000720024108887,
				"end":	3.0003621578216553,
				"seconds":	1.0002901554107666,
				"bytes":	1232248,
				"bits_per_second":	9855124.48230768,
				"packets":	851,
				"omitted":	false
			}
		}, {
			"streams":	[{
					"socket":	5,
					"start":	3.0003621578216553,
					"end":	4.0000741481781006,
					"seconds":	0.99971199035644531,
					"bytes":	1592800,
					"bits_per_second":	12746070.991362946,
					"packets":	1100,
					"omitted":	false
				}],
			"sum":	{
				"start":	3.0003621578216553,
				"end":	4.0000741481781006,
				"seconds":	0.99971199035644531,
				"bytes":	1592800,
				"bits_per_second":	12746070.991362946,
				"packets":	1100,
				"omitted":	false
			}
		}, {
			"streams":	[{
					"socket":	5,
					"start":	4.0000741481781006,
					"end":	4.9999861717224121,
					"seconds":	0.99991202354431152,
					"bytes":	1556600,
					"bits_per_second":	12453895.649598766,
					"packets":	1075,
					"omitted":	false
				}],
			"sum":	{
				"start":	4.0000741481781006,
				"end":	4.9999861717224121,
				"seconds":	0.99991202354431152,
				"bytes":	1556600,
				"bits_per_second":	12453895.649598766,
				"packets":	1075,
				"omitted":	false
			}
		}],
	"end":	{
		"streams":	[{
				"udp":	{
					"socket":	5,
					"start":	0,
					"end":	4.9999861717224121,
					"seconds":	4.9999861717224121,
					"bytes":	7145880,
					"bits_per_second":	11433439.620955372,
					"jitter_ms":	1.3152697082616349,
					"lost_packets":	0,
					"packets":	4935,
					"lost_percent":	0,
					"out_of_order":	0
				}
			}],
		"sum":	{
			"start":	0,
			"end":	5.0652010440826416,
			"seconds":	5.0652010440826416,
			"bytes":	7145880,
			"bits_per_second":	11433439.620955372,
			"jitter_ms":	1.3152697082616349,
			"lost_packets":	0,
			"packets":	4935,
			"lost_percent":	0
		},
		"cpu_utilization_percent":	{
			"host_total":	26.380595612792447,
			"host_user":	4.9227723675597836,
			"host_system":	21.496106005011054,
			"remote_total":	12.359263455942207,
			"remote_user":	4.2748249079981839,
			"remote_system":	8.1359570829642855
		}
	}
}
