{
	"start":	{
		"connected":	[{
				"socket":	5,
				"local_host":	"10.120.137.132",
				"local_port":	52422,
				"remote_host":	"10.120.137.14",
				"remote_port":	5201
			}],
		"version":	"iperf 3.5",
		"system_info":	"Linux KN6GFJ-CHTEST-C 4.9.152 #0 Wed Jan 30 12:21:02 2019 mips",
		"timestamp":	{
			"time":	"Wed, 30 Jan 2019 17:16:22 GMT",
			"timesecs":	1548868582
		},
		"connecting_to":	{
			"host":	"10.120.137.14",
			"port":	5201
		},
		"cookie":	"bkxwtgbcdkvllld5fpvc45z75jvf6zp6jp3e",
		"sock_bufsize":	0,
		"sndbuf_actual":	163840,
		"rcvbuf_actual":	163840,
		"test_start":	{
			"protocol":	"UDP",
			"num_streams":	1,
			"blksize":	1448,
			"omit":	1,
			"duration":	5,
			"bytes":	0,
			"blocks":	0,
			"reverse":	0,
			"tos":	117
		}
	},
	"intervals":	[{
			"streams":	[{
					"socket":	5,
					"start":	0,
					"end":	1.0001580715179443,
					"seconds":	1.0001580715179443,
					"bytes":	375032,
					"bits_per_second":	2999781.819934221,
					"packets":	259,
					"omitted":	true
				}],
			"sum":	{
				"start":	0,
				"end":	1.0001580715179443,
				"seconds":	1.0001580715179443,
				"bytes":	375032,
				"bits_per_second":	2999781.819934221,
				"packets":	259,
				"omitted":	true
			}
		}, {
			"streams":	[{
					"socket":	5,
					"start":	0.00041985511779785156,
					"end":	1.0000331401824951,
					"seconds":	1.000452995300293,
					"bytes":	376480,
					"bits_per_second":	3010476.268398772,
					"packets":	260,
					"omitted":	false
				}],
			"sum":	{
				"start":	0.00041985511779785156,
				"end":	1.0000331401824951,
				"seconds":	1.000452995300293,
				"bytes":	376480,
				"bits_per_second":	3010476.268398772,
				"packets":	260,
				"omitted":	false
			}
		}, {
			"streams":	[{
					"socket":	5,
					"start":	1.0000331401824951,
					"end":	2.0000491142272949,
					"seconds":	1.0000159740447998,
					"bytes":	375032,
					"bits_per_second":	3000208.0745418086,
					"packets":	259,
					"omitted":	false
				}],
			"sum":	{
				"start":	1.0000331401824951,
				"end":	2.0000491142272949,
				"seconds":	1.0000159740447998,
				"bytes":	375032,
				"bits_per_second":	3000208.0745418086,
				"packets":	259,
				"omitted":	false
			}
		}, {
			"streams":	[{
					"socket":	5,
					"start":	2.0000491142272949,
					"end":	3.0000791549682617,
					"seconds":	1.0000300407409668,
					"bytes":	375032,
					"bits_per_second":	3000165.8727941578,
					"packets":	259,
					"omitted":	false
				}],
			"sum":	{
				"start":	2.0000491142272949,
				"end":	3.0000791549682617,
				"seconds":	1.0000300407409668,
				"bytes":	375032,
				"bits_per_second":	3000165.8727941578,
				"packets":	259,
				"omitted":	false
			}
		}, {
			"streams":	[{
					"socket":	5,
					"start":	3.0000791549682617,
					"end":	4.0000720024108887,
					"seconds":	0.999992847442627,
					"bytes":	373584,
					"bits_per_second":	2988693.3768008482,
					"packets":	258,
					"omitted":	false
				}],
			"sum":	{
				"start":	3.0000791549682617,
				"end":	4.0000720024108887,
				"seconds":	0.999992847442627,
				"bytes":	373584,
				"bits_per_second":	2988693.3768008482,
				"packets":	258,
				"omitted":	false
			}
		}, {
			"streams":	[{
					"socket":	5,
					"start":	4.0000720024108887,
					"end":	4.9996371269226074,
					"seconds":	0.99956512451171875,
					"bytes":	375032,
					"bits_per_second":	3001561.3054383085,
					"packets":	259,
					"omitted":	false
				}],
			"sum":	{
				"start":	4.0000720024108887,
				"end":	4.9996371269226074,
				"seconds":	0.99956512451171875,
				"bytes":	375032,
				"bits_per_second":	3001561.3054383085,
				"packets":	259,
				"omitted":	false
			}
		}],
	"end":	{
		"streams":	[{
				"udp":	{
					"socket":	5,
					"start":	0,
					"end":	4.9996371269226074,
					"seconds":	4.9996371269226074,
					"bytes":	1875160,
					"bits_per_second":	3000473.7582292571,
					"jitter_ms":	0.53521849013252842,
					"lost_packets":	0,
					"packets":	1295,
					"lost_percent":	0,
					"out_of_order":	0
				}
			}],
		"sum":	{
			"start":	0,
			"end":	5.0439839363098145,
			"seconds":	5.0439839363098145,
			"bytes":	1875160,
			"bits_per_second":	3000473.7582292571,
			"jitter_ms":	0.53521849013252842,
			"lost_packets":	0,
			"packets":	1295,
			"lost_percent":	0
		},
		"cpu_utilization_percent":	{
			"host_total":	15.241694422883164,
			"host_user":	6.7267910532366439,
			"host_system":	8.5315398723976958,
			"remote_total":	3.8006396031777876,
			"remote_user":	0,
			"remote_system":	3.8477331080393986
		}
	}
}
