{
	"start":	{
		"connected":	[{
				"socket":	5,
				"local_host":	"10.120.137.132",
				"local_port":	40361,
				"remote_host":	"10.120.137.14",
				"remote_port":	5201
			}],
		"version":	"iperf 3.5",
		"system_info":	"Linux KN6GFJ-CHTEST-C 4.9.152 #0 Wed Jan 30 12:21:02 2019 mips",
		"timestamp":	{
			"time":	"Wed, 30 Jan 2019 17:11:45 GMT",
			"timesecs":	1548868305
		},
		"connecting_to":	{
			"host":	"10.120.137.14",
			"port":	5201
		},
		"cookie":	"nemvmttjqcv7vbhwcqeeebt4e37ot7xu7n63",
		"sock_bufsize":	0,
		"sndbuf_actual":	163840,
		"rcvbuf_actual":	163840,
		"test_start":	{
			"protocol":	"UDP",
			"num_streams":	1,
			"blksize":	1448,
			"omit":	1,
			"duration":	5,
			"bytes":	0,
			"blocks":	0,
			"reverse":	0,
			"tos":	117
		}
	},
	"intervals":	[{
			"streams":	[{
					"socket":	5,
					"start":	0,
					"end":	1.0001599788665771,
					"seconds":	1.0001599788665771,
					"bytes":	125976,
					"bits_per_second":	1007646.7978073767,
					"packets":	87,
					"omitted":	true
				}],
			"sum":	{
				"start":	0,
				"end":	1.0001599788665771,
				"seconds":	1.0001599788665771,
				"bytes":	125976,
				"bits_per_second":	1007646.7978073767,
				"packets":	87,
				"omitted":	true
			}
		}, {
			"streams":	[{
					"socket":	5,
					"start":	0.00039315223693847656,
					"end":	0.99964499473571777,
					"seconds":	1.0000381469726562,
					"bytes":	124528,
					"bits_per_second":	996185.99851995392,
					"packets":	86,
					"omitted":	false
				}],
			"sum":	{
				"start":	0.00039315223693847656,
				"end":	0.99964499473571777,
				"seconds":	1.0000381469726562,
				"bytes":	124528,
				"bits_per_second":	996185.99851995392,
				"packets":	86,
				"omitted":	false
			}
		}, {
			"streams":	[{
					"socket":	5,
					"start":	0.99964499473571777,
					"end":	1.9996449947357178,
					"seconds":	1,
					"bytes":	124528,
					"bits_per_second":	996224,
					"packets":	86,
					"omitted":	false
				}],
			"sum":	{
				"start":	0.99964499473571777,
				"end":	1.9996449947357178,
				"seconds":	1,
				"bytes":	124528,
				"bits_per_second":	996224,
				"packets":	86,
				"omitted":	false
			}
		}, {
			"streams":	[{
					"socket":	5,
					"start":	1.9996449947357178,
					"end":	2.9996459484100342,
					"seconds":	1.0000009536743164,
					"bytes":	125976,
					"bits_per_second":	1007807.0388803111,
					"packets":	87,
					"omitted":	false
				}],
			"sum":	{
				"start":	1.9996449947357178,
				"end":	2.9996459484100342,
				"seconds":	1.0000009536743164,
				"bytes":	125976,
				"bits_per_second":	1007807.0388803111,
				"packets":	87,
				"omitted":	false
			}
		}, {
			"streams":	[{
					"socket":	5,
					"start":	2.9996459484100342,
					"end":	3.9996850490570068,
					"seconds":	1.0000391006469727,
					"bytes":	124528,
					"bits_per_second":	996185.04852009832,
					"packets":	86,
					"omitted":	false
				}],
			"sum":	{
				"start":	2.9996459484100342,
				"end":	3.9996850490570068,
				"seconds":	1.0000391006469727,
				"bytes":	124528,
				"bits_per_second":	996185.04852009832,
				"packets":	86,
				"omitted":	false
			}
		}, {
			"streams":	[{
					"socket":	5,
					"start":	3.9996850490570068,
					"end":	4.9996528625488281,
					"seconds":	0.99996781349182129,
					"bytes":	124528,
					"bits_per_second":	996256.06600401655,
					"packets":	86,
					"omitted":	false
				}],
			"sum":	{
				"start":	3.9996850490570068,
				"end":	4.9996528625488281,
				"seconds":	0.99996781349182129,
				"bytes":	124528,
				"bits_per_second":	996256.06600401655,
				"packets":	86,
				"omitted":	false
			}
		}],
	"end":	{
		"streams":	[{
				"udp":	{
					"socket":	5,
					"start":	0,
					"end":	4.9996528625488281,
					"seconds":	4.9996528625488281,
					"bytes":	624088,
					"bits_per_second":	998610.13099511759,
					"jitter_ms":	0.20410535034239446,
					"lost_packets":	0,
					"packets":	431,
					"lost_percent":	0,
					"out_of_order":	0
				}
			}],
		"sum":	{
			"start":	0,
			"end":	5.045461893081665,
			"seconds":	5.045461893081665,
			"bytes":	624088,
			"bits_per_second":	998610.13099511759,
			"jitter_ms":	0.20410535034239446,
			"lost_packets":	0,
			"packets":	431,
			"lost_percent":	0
		},
		"cpu_utilization_percent":	{
			"host_total":	8.483722262872309,
			"host_user":	1.3112931185959722,
			"host_system":	7.2121121522778466,
			"remote_total":	1.4081151466855073,
			"remote_user":	0.69621815689610345,
			"remote_system":	0.69621815689610345
		}
	}
}
