{
	"start":	{
		"connected":	[{
				"socket":	5,
				"local_host":	"10.120.137.132",
				"local_port":	39960,
				"remote_host":	"10.120.137.14",
				"remote_port":	5201
			}],
		"version":	"iperf 3.5",
		"system_info":	"Linux KN6GFJ-CHTEST-C 4.9.152 #0 Wed Jan 30 12:21:02 2019 mips",
		"timestamp":	{
			"time":	"Wed, 30 Jan 2019 17:18:53 GMT",
			"timesecs":	1548868733
		},
		"connecting_to":	{
			"host":	"10.120.137.14",
			"port":	5201
		},
		"cookie":	"nl2l5jrj3h3d6eloucxgmfiv2hnhgkg3kbxz",
		"sock_bufsize":	0,
		"sndbuf_actual":	163840,
		"rcvbuf_actual":	163840,
		"test_start":	{
			"protocol":	"UDP",
			"num_streams":	1,
			"blksize":	1448,
			"omit":	1,
			"duration":	5,
			"bytes":	0,
			"blocks":	0,
			"reverse":	0,
			"tos":	118
		}
	},
	"intervals":	[{
			"streams":	[{
					"socket":	5,
					"start":	0,
					"end":	1.0001649856567383,
					"seconds":	1.0001649856567383,
					"bytes":	1566736,
					"bits_per_second":	12531820.429376334,
					"packets":	1082,
					"omitted":	true
				}],
			"sum":	{
				"start":	0,
				"end":	1.0001649856567383,
				"seconds":	1.0001649856567383,
				"bytes":	1566736,
				"bits_per_second":	12531820.429376334,
				"packets":	1082,
				"omitted":	true
			}
		}, {
			"streams":	[{
					"socket":	5,
					"start":	0.00042104721069335938,
					"end":	1.0002641677856445,
					"seconds":	1.0006852149963379,
					"bytes":	1474064,
					"bits_per_second":	11784437.126957208,
					"packets":	1018,
					"omitted":	false
				}],
			"sum":	{
				"start":	0.00042104721069335938,
				"end":	1.0002641677856445,
				"seconds":	1.0006852149963379,
				"bytes":	1474064,
				"bits_per_second":	11784437.126957208,
				"packets":	1018,
				"omitted":	false
			}
		}, {
			"streams":	[{
					"socket":	5,
					"start":	1.0002641677856445,
					"end":	2.0000729560852051,
					"seconds":	0.99980878829956055,
					"bytes":	1484200,
					"bits_per_second":	11875870.805450909,
					"packets":	1025,
					"omitted":	false
				}],
			"sum":	{
				"start":	1.0002641677856445,
				"end":	2.0000729560852051,
				"seconds":	0.99980878829956055,
				"bytes":	1484200,
				"bits_per_second":	11875870.805450909,
				"packets":	1025,
				"omitted":	false
			}
		}, {
			"streams":	[{
					"socket":	5,
					"start":	2.0000729560852051,
					"end":	3.0000619888305664,
					"seconds":	0.99998903274536133,
					"bytes":	1420488,
					"bits_per_second":	11364028.63219573,
					"packets":	981,
					"omitted":	false
				}],
			"sum":	{
				"start":	2.0000729560852051,
				"end":	3.0000619888305664,
				"seconds":	0.99998903274536133,
				"bytes":	1420488,
				"bits_per_second":	11364028.63219573,
				"packets":	981,
				"omitted":	false
			}
		}, {
			"streams":	[{
					"socket":	5,
					"start":	3.0000619888305664,
					"end":	4.0006370544433594,
					"seconds":	1.000575065612793,
					"bytes":	1736152,
					"bits_per_second":	13881233.380019996,
					"packets":	1199,
					"omitted":	false
				}],
			"sum":	{
				"start":	3.0000619888305664,
				"end":	4.0006370544433594,
				"seconds":	1.000575065612793,
				"bytes":	1736152,
				"bits_per_second":	13881233.380019996,
				"packets":	1199,
				"omitted":	false
			}
		}, {
			"streams":	[{
					"socket":	5,
					"start":	4.0006370544433594,
					"end":	4.999608039855957,
					"seconds":	0.99897098541259766,
					"bytes":	1563840,
					"bits_per_second":	12523606.974263411,
					"packets":	1080,
					"omitted":	false
				}],
			"sum":	{
				"start":	4.0006370544433594,
				"end":	4.999608039855957,
				"seconds":	0.99897098541259766,
				"bytes":	1563840,
				"bits_per_second":	12523606.974263411,
				"packets":	1080,
				"omitted":	false
			}
		}],
	"end":	{
		"streams":	[{
				"udp":	{
					"socket":	5,
					"start":	0,
					"end":	4.999608039855957,
					"seconds":	4.999608039855957,
					"bytes":	7678744,
					"bits_per_second":	12286953.59922052,
					"jitter_ms":	0.69684225236033293,
					"lost_packets":	0,
					"packets":	5303,
					"lost_percent":	0,
					"out_of_order":	0
				}
			}],
		"sum":	{
			"start":	0,
			"end":	5.0725359916687012,
			"seconds":	5.0725359916687012,
			"bytes":	7678744,
			"bits_per_second":	12286953.59922052,
			"jitter_ms":	0.69684225236033293,
			"lost_packets":	0,
			"packets":	5303,
			"lost_percent":	0
		},
		"cpu_utilization_percent":	{
			"host_total":	25.860791498044726,
			"host_user":	5.2455301526187,
			"host_system":	20.654274975936129,
			"remote_total":	13.069423936228622,
			"remote_user":	3.7541599108547916,
			"remote_system":	9.2513226374635931
		}
	}
}
