{
	"start":	{
		"connected":	[{
				"socket":	5,
				"local_host":	"10.120.137.132",
				"local_port":	54891,
				"remote_host":	"10.120.137.14",
				"remote_port":	5201
			}],
		"version":	"iperf 3.5",
		"system_info":	"Linux KN6GFJ-CHTEST-C 4.9.152 #0 Wed Jan 30 12:21:02 2019 mips",
		"timestamp":	{
			"time":	"Wed, 30 Jan 2019 17:18:30 GMT",
			"timesecs":	1548868710
		},
		"connecting_to":	{
			"host":	"10.120.137.14",
			"port":	5201
		},
		"cookie":	"b477fbszfxbtu2g6hoj7bmxbis3ywmw7rtum",
		"sock_bufsize":	0,
		"sndbuf_actual":	163840,
		"rcvbuf_actual":	163840,
		"test_start":	{
			"protocol":	"UDP",
			"num_streams":	1,
			"blksize":	1448,
			"omit":	1,
			"duration":	5,
			"bytes":	0,
			"blocks":	0,
			"reverse":	0,
			"tos":	118
		}
	},
	"intervals":	[{
			"streams":	[{
					"socket":	5,
					"start":	0,
					"end":	1.0002388954162598,
					"seconds":	1.0002388954162598,
					"bytes":	1705744,
					"bits_per_second":	13642692.823219093,
					"packets":	1178,
					"omitted":	true
				}],
			"sum":	{
				"start":	0,
				"end":	1.0002388954162598,
				"seconds":	1.0002388954162598,
				"bytes":	1705744,
				"bits_per_second":	13642692.823219093,
				"packets":	1178,
				"omitted":	true
			}
		}, {
			"streams":	[{
					"socket":	5,
					"start":	0.00058507919311523438,
					"end":	1.0000929832458496,
					"seconds":	1.0006780624389648,
					"bytes":	1707192,
					"bits_per_second":	13648281.61288189,
					"packets":	1180,
					"omitted":	false
				}],
			"sum":	{
				"start":	0.00058507919311523438,
				"end":	1.0000929832458496,
				"seconds":	1.0006780624389648,
				"bytes":	1707192,
				"bits_per_second":	13648281.61288189,
				"packets":	1180,
				"omitted":	false
			}
		}, {
			"streams":	[{
					"socket":	5,
					"start":	1.0000929832458496,
					"end":	2.000093936920166,
					"seconds":	1.0000009536743164,
					"bytes":	1445104,
					"bits_per_second":	11560820.97474196,
					"packets":	998,
					"omitted":	false
				}],
			"sum":	{
				"start":	1.0000929832458496,
				"end":	2.000093936920166,
				"seconds":	1.0000009536743164,
				"bytes":	1445104,
				"bits_per_second":	11560820.97474196,
				"packets":	998,
				"omitted":	false
			}
		}, {
			"streams":	[{
					"socket":	5,
					"start":	2.000093936920166,
					"end":	3.0001299381256104,
					"seconds":	1.0000360012054443,
					"bytes":	1536328,
					"bits_per_second":	12290181.538649479,
					"packets":	1061,
					"omitted":	false
				}],
			"sum":	{
				"start":	2.000093936920166,
				"end":	3.0001299381256104,
				"seconds":	1.0000360012054443,
				"bytes":	1536328,
				"bits_per_second":	12290181.538649479,
				"packets":	1061,
				"omitted":	false
			}
		}, {
			"streams":	[{
					"socket":	5,
					"start":	3.0001299381256104,
					"end":	4.0000710487365723,
					"seconds":	0.99994111061096191,
					"bytes":	1542120,
					"bits_per_second":	12337686.558823593,
					"packets":	1065,
					"omitted":	false
				}],
			"sum":	{
				"start":	3.0001299381256104,
				"end":	4.0000710487365723,
				"seconds":	0.99994111061096191,
				"bytes":	1542120,
				"bits_per_second":	12337686.558823593,
				"packets":	1065,
				"omitted":	false
			}
		}, {
			"streams":	[{
					"socket":	5,
					"start":	4.0000710487365723,
					"end":	4.9996490478515625,
					"seconds":	0.99957799911499023,
					"bytes":	1607280,
					"bits_per_second":	12863668.479482815,
					"packets":	1110,
					"omitted":	false
				}],
			"sum":	{
				"start":	4.0000710487365723,
				"end":	4.9996490478515625,
				"seconds":	0.99957799911499023,
				"bytes":	1607280,
				"bits_per_second":	12863668.479482815,
				"packets":	1110,
				"omitted":	false
			}
		}],
	"end":	{
		"streams":	[{
				"udp":	{
					"socket":	5,
					"start":	0,
					"end":	4.9996490478515625,
					"seconds":	4.9996490478515625,
					"bytes":	7838024,
					"bits_per_second":	12541718.708625179,
					"jitter_ms":	1.1368550762758611,
					"lost_packets":	0,
					"packets":	5413,
					"lost_percent":	0,
					"out_of_order":	0
				}
			}],
		"sum":	{
			"start":	0,
			"end":	5.0643908977508545,
			"seconds":	5.0643908977508545,
			"bytes":	7838024,
			"bits_per_second":	12541718.708625179,
			"jitter_ms":	1.1368550762758611,
			"lost_packets":	0,
			"packets":	5413,
			"lost_percent":	0
		},
		"cpu_utilization_percent":	{
			"host_total":	26.061795804540544,
			"host_user":	3.7694758986266654,
			"host_system":	22.289074878835933,
			"remote_total":	13.451308976686354,
			"remote_user":	4.1326970449287534,
			"remote_system":	9.3674466351718415
		}
	}
}
