{
	"start":	{
		"connected":	[{
				"socket":	5,
				"local_host":	"10.120.137.132",
				"local_port":	54268,
				"remote_host":	"10.120.137.14",
				"remote_port":	5201
			}],
		"version":	"iperf 3.5",
		"system_info":	"Linux KN6GFJ-CHTEST-C 4.9.152 #0 Wed Jan 30 12:21:02 2019 mips",
		"timestamp":	{
			"time":	"Wed, 30 Jan 2019 17:19:16 GMT",
			"timesecs":	1548868756
		},
		"connecting_to":	{
			"host":	"10.120.137.14",
			"port":	5201
		},
		"cookie":	"mymdmav3wcxsh6pwz6z6266sljuhtg4psnd3",
		"sock_bufsize":	0,
		"sndbuf_actual":	163840,
		"rcvbuf_actual":	163840,
		"test_start":	{
			"protocol":	"UDP",
			"num_streams":	1,
			"blksize":	1448,
			"omit":	1,
			"duration":	5,
			"bytes":	0,
			"blocks":	0,
			"reverse":	0,
			"tos":	118
		}
	},
	"intervals":	[{
			"streams":	[{
					"socket":	5,
					"start":	0,
					"end":	1.0001680850982666,
					"seconds":	1.0001680850982666,
					"bytes":	1581216,
					"bits_per_second":	12647602.126553722,
					"packets":	1092,
					"omitted":	true
				}],
			"sum":	{
				"start":	0,
				"end":	1.0001680850982666,
				"seconds":	1.0001680850982666,
				"bytes":	1581216,
				"bits_per_second":	12647602.126553722,
				"packets":	1092,
				"omitted":	true
			}
		}, {
			"streams":	[{
					"socket":	5,
					"start":	0.00041413307189941406,
					"end":	1.0000948905944824,
					"seconds":	1.0005090236663818,
					"bytes":	1426280,
					"bits_per_second":	11404434.87274806,
					"packets":	985,
					"omitted":	false
				}],
			"sum":	{
				"start":	0.00041413307189941406,
				"end":	1.0000948905944824,
				"seconds":	1.0005090236663818,
				"bytes":	1426280,
				"bits_per_second":	11404434.87274806,
				"packets":	985,
				"omitted":	false
			}
		}, {
			"streams":	[{
					"socket":	5,
					"start":	1.0000948905944824,
					"end":	2.0000729560852051,
					"seconds":	0.99997806549072266,
					"bytes":	1585560,
					"bits_per_second":	12684758.233947163,
					"packets":	1095,
					"omitted":	false
				}],
			"sum":	{
				"start":	1.0000948905944824,
				"end":	2.0000729560852051,
				"seconds":	0.99997806549072266,
				"bytes":	1585560,
				"bits_per_second":	12684758.233947163,
				"packets":	1095,
				"omitted":	false
			}
		}, {
			"streams":	[{
					"socket":	5,
					"start":	2.0000729560852051,
					"end":	3.0019679069519043,
					"seconds":	1.0018949508666992,
					"bytes":	1571080,
					"bits_per_second":	12544868.091337692,
					"packets":	1085,
					"omitted":	false
				}],
			"sum":	{
				"start":	2.0000729560852051,
				"end":	3.0019679069519043,
				"seconds":	1.0018949508666992,
				"bytes":	1571080,
				"bits_per_second":	12544868.091337692,
				"packets":	1085,
				"omitted":	false
			}
		}, {
			"streams":	[{
					"socket":	5,
					"start":	3.0019679069519043,
					"end":	4.00020694732666,
					"seconds":	0.99823904037475586,
					"bytes":	1481304,
					"bits_per_second":	11871336.945057916,
					"packets":	1023,
					"omitted":	false
				}],
			"sum":	{
				"start":	3.0019679069519043,
				"end":	4.00020694732666,
				"seconds":	0.99823904037475586,
				"bytes":	1481304,
				"bits_per_second":	11871336.945057916,
				"packets":	1023,
				"omitted":	false
			}
		}, {
			"streams":	[{
					"socket":	5,
					"start":	4.00020694732666,
					"end":	4.99966287612915,
					"seconds":	0.99945592880249023,
					"bytes":	1453792,
					"bits_per_second":	11636667.175445167,
					"packets":	1004,
					"omitted":	false
				}],
			"sum":	{
				"start":	4.00020694732666,
				"end":	4.99966287612915,
				"seconds":	0.99945592880249023,
				"bytes":	1453792,
				"bits_per_second":	11636667.175445167,
				"packets":	1004,
				"omitted":	false
			}
		}],
	"end":	{
		"streams":	[{
				"udp":	{
					"socket":	5,
					"start":	0,
					"end":	4.99966287612915,
					"seconds":	4.99966287612915,
					"bytes":	7518016,
					"bits_per_second":	12029636.695537543,
					"jitter_ms":	1.4933955212942611,
					"lost_packets":	0,
					"packets":	5192,
					"lost_percent":	0,
					"out_of_order":	0
				}
			}],
		"sum":	{
			"start":	0,
			"end":	5.0700080394744873,
			"seconds":	5.0700080394744873,
			"bytes":	7518016,
			"bits_per_second":	12029636.695537543,
			"jitter_ms":	1.4933955212942611,
			"lost_packets":	0,
			"packets":	5192,
			"lost_percent":	0
		},
		"cpu_utilization_percent":	{
			"host_total":	25.412124071942792,
			"host_user":	5.0844585978276893,
			"host_system":	20.337834391310757,
			"remote_total":	13.3744139088427,
			"remote_user":	3.8497571765660883,
			"remote_system":	9.4869016136807183
		}
	}
}
