{
	"start":	{
		"connected":	[{
				"socket":	5,
				"local_host":	"10.120.137.132",
				"local_port":	41264,
				"remote_host":	"10.120.137.14",
				"remote_port":	5201
			}],
		"version":	"iperf 3.5",
		"system_info":	"Linux KN6GFJ-CHTEST-C 4.9.152 #0 Wed Jan 30 12:21:02 2019 mips",
		"timestamp":	{
			"time":	"Wed, 30 Jan 2019 17:03:31 GMT",
			"timesecs":	1548867811
		},
		"connecting_to":	{
			"host":	"10.120.137.14",
			"port":	5201
		},
		"cookie":	"rrc34dikicdq7eiuretuhn3ubswvk53hhtce",
		"sock_bufsize":	0,
		"sndbuf_actual":	163840,
		"rcvbuf_actual":	163840,
		"test_start":	{
			"protocol":	"UDP",
			"num_streams":	1,
			"blksize":	1448,
			"omit":	1,
			"duration":	5,
			"bytes":	0,
			"blocks":	0,
			"reverse":	0,
			"tos":	117
		}
	},
	"intervals":	[{
			"streams":	[{
					"socket":	5,
					"start":	0,
					"end":	1.0002450942993164,
					"seconds":	1.0002450942993164,
					"bytes":	625536,
					"bits_per_second":	5003061.7780790646,
					"packets":	432,
					"omitted":	true
				}],
			"sum":	{
				"start":	0,
				"end":	1.0002450942993164,
				"seconds":	1.0002450942993164,
				"bytes":	625536,
				"bits_per_second":	5003061.7780790646,
				"packets":	432,
				"omitted":	true
			}
		}, {
			"streams":	[{
					"socket":	5,
					"start":	0.000537872314453125,
					"end":	0.99988698959350586,
					"seconds":	1.000424861907959,
					"bytes":	625536,
					"bits_per_second":	5002162.7715809448,
					"packets":	432,
					"omitted":	false
				}],
			"sum":	{
				"start":	0.000537872314453125,
				"end":	0.99988698959350586,
				"seconds":	1.000424861907959,
				"bytes":	625536,
				"bits_per_second":	5002162.7715809448,
				"packets":	432,
				"omitted":	false
			}
		}, {
			"streams":	[{
					"socket":	5,
					"start":	0.99988698959350586,
					"end":	1.99953293800354,
					"seconds":	0.99964594841003418,
					"bytes":	596576,
					"bits_per_second":	4774298.3479210529,
					"packets":	412,
					"omitted":	false
				}],
			"sum":	{
				"start":	0.99988698959350586,
				"end":	1.99953293800354,
				"seconds":	0.99964594841003418,
				"bytes":	596576,
				"bits_per_second":	4774298.3479210529,
				"packets":	412,
				"omitted":	false
			}
		}, {
			"streams":	[{
					"socket":	5,
					"start":	1.99953293800354,
					"end":	2.999528169631958,
					"seconds":	0.999995231628418,
					"bytes":	653048,
					"bits_per_second":	5224408.9119229885,
					"packets":	451,
					"omitted":	false
				}],
			"sum":	{
				"start":	1.99953293800354,
				"end":	2.999528169631958,
				"seconds":	0.999995231628418,
				"bytes":	653048,
				"bits_per_second":	5224408.9119229885,
				"packets":	451,
				"omitted":	false
			}
		}, {
			"streams":	[{
					"socket":	5,
					"start":	2.999528169631958,
					"end":	3.9994781017303467,
					"seconds":	0.99994993209838867,
					"bytes":	579200,
					"bits_per_second":	4633832.0062449723,
					"packets":	400,
					"omitted":	false
				}],
			"sum":	{
				"start":	2.999528169631958,
				"end":	3.9994781017303467,
				"seconds":	0.99994993209838867,
				"bytes":	579200,
				"bits_per_second":	4633832.0062449723,
				"packets":	400,
				"omitted":	false
			}
		}, {
			"streams":	[{
					"socket":	5,
					"start":	3.9994781017303467,
					"end":	5.0000159740448,
					"seconds":	1.0005378723144531,
					"bytes":	670424,
					"bits_per_second":	5360508.7307623383,
					"packets":	463,
					"omitted":	false
				}],
			"sum":	{
				"start":	3.9994781017303467,
				"end":	5.0000159740448,
				"seconds":	1.0005378723144531,
				"bytes":	670424,
				"bits_per_second":	5360508.7307623383,
				"packets":	463,
				"omitted":	false
			}
		}],
	"end":	{
		"streams":	[{
				"udp":	{
					"socket":	5,
					"start":	0,
					"end":	5.0000159740448,
					"seconds":	5.0000159740448,
					"bytes":	3124784,
					"bits_per_second":	4999638.4271103563,
					"jitter_ms":	4.5617620872630669,
					"lost_packets":	0,
					"packets":	2158,
					"lost_percent":	0,
					"out_of_order":	0
				}
			}],
		"sum":	{
			"start":	0,
			"end":	5.116981029510498,
			"seconds":	5.116981029510498,
			"bytes":	3124784,
			"bits_per_second":	4999638.4271103563,
			"jitter_ms":	4.5617620872630669,
			"lost_packets":	0,
			"packets":	2158,
			"lost_percent":	0
		},
		"cpu_utilization_percent":	{
			"host_total":	17.808593678976447,
			"host_user":	3.2760413757473676,
			"host_system":	14.578384122075786,
			"remote_total":	5.8321533175223914,
			"remote_user":	1.0884081269258021,
			"remote_system":	4.7617855553003841
		}
	}
}
