{
	"start":	{
		"connected":	[{
				"socket":	5,
				"local_host":	"10.120.137.132",
				"local_port":	37333,
				"remote_host":	"10.120.137.14",
				"remote_port":	5201
			}],
		"version":	"iperf 3.5",
		"system_info":	"Linux KN6GFJ-CHTEST-C 4.9.152 #0 Wed Jan 30 12:21:02 2019 mips",
		"timestamp":	{
			"time":	"Wed, 30 Jan 2019 17:03:38 GMT",
			"timesecs":	1548867818
		},
		"connecting_to":	{
			"host":	"10.120.137.14",
			"port":	5201
		},
		"cookie":	"ddhksudr5by6vuhv4qathc5fwpctwhobhhzx",
		"sock_bufsize":	0,
		"sndbuf_actual":	163840,
		"rcvbuf_actual":	163840,
		"test_start":	{
			"protocol":	"UDP",
			"num_streams":	1,
			"blksize":	1448,
			"omit":	1,
			"duration":	5,
			"bytes":	0,
			"blocks":	0,
			"reverse":	0,
			"tos":	117
		}
	},
	"intervals":	[{
			"streams":	[{
					"socket":	5,
					"start":	0,
					"end":	1.000187873840332,
					"seconds":	1.000187873840332,
					"bytes":	574856,
					"bits_per_second":	4597984.1590582514,
					"packets":	397,
					"omitted":	true
				}],
			"sum":	{
				"start":	0,
				"end":	1.000187873840332,
				"seconds":	1.000187873840332,
				"bytes":	574856,
				"bits_per_second":	4597984.1590582514,
				"packets":	397,
				"omitted":	true
			}
		}, {
			"streams":	[{
					"socket":	5,
					"start":	0.00056290626525878906,
					"end":	0.99972105026245117,
					"seconds":	1.00028395652771,
					"bytes":	564720,
					"bits_per_second":	4516477.51672687,
					"packets":	390,
					"omitted":	false
				}],
			"sum":	{
				"start":	0.00056290626525878906,
				"end":	0.99972105026245117,
				"seconds":	1.00028395652771,
				"bytes":	564720,
				"bits_per_second":	4516477.51672687,
				"packets":	390,
				"omitted":	false
			}
		}, {
			"streams":	[{
					"socket":	5,
					"start":	0.99972105026245117,
					"end":	1.999481201171875,
					"seconds":	0.99976015090942383,
					"bytes":	693592,
					"bits_per_second":	5550067.1785654156,
					"packets":	479,
					"omitted":	false
				}],
			"sum":	{
				"start":	0.99972105026245117,
				"end":	1.999481201171875,
				"seconds":	0.99976015090942383,
				"bytes":	693592,
				"bits_per_second":	5550067.1785654156,
				"packets":	479,
				"omitted":	false
			}
		}, {
			"streams":	[{
					"socket":	5,
					"start":	1.999481201171875,
					"end":	2.9997801780700684,
					"seconds":	1.0002989768981934,
					"bytes":	435848,
					"bits_per_second":	3485741.8437156631,
					"packets":	301,
					"omitted":	false
				}],
			"sum":	{
				"start":	1.999481201171875,
				"end":	2.9997801780700684,
				"seconds":	1.0002989768981934,
				"bytes":	435848,
				"bits_per_second":	3485741.8437156631,
				"packets":	301,
				"omitted":	false
			}
		}, {
			"streams":	[{
					"socket":	5,
					"start":	2.9997801780700684,
					"end":	3.999453067779541,
					"seconds":	0.99967288970947266,
					"bytes":	666080,
					"bits_per_second":	5330383.6233356511,
					"packets":	460,
					"omitted":	false
				}],
			"sum":	{
				"start":	2.9997801780700684,
				"end":	3.999453067779541,
				"seconds":	0.99967288970947266,
				"bytes":	666080,
				"bits_per_second":	5330383.6233356511,
				"packets":	460,
				"omitted":	false
			}
		}, {
			"streams":	[{
					"socket":	5,
					"start":	3.999453067779541,
					"end":	4.9994990825653076,
					"seconds":	1.0000460147857666,
					"bytes":	480736,
					"bits_per_second":	3845711.0404303544,
					"packets":	332,
					"omitted":	false
				}],
			"sum":	{
				"start":	3.999453067779541,
				"end":	4.9994990825653076,
				"seconds":	1.0000460147857666,
				"bytes":	480736,
				"bits_per_second":	3845711.0404303544,
				"packets":	332,
				"omitted":	false
			}
		}],
	"end":	{
		"streams":	[{
				"udp":	{
					"socket":	5,
					"start":	0,
					"end":	4.9994990825653076,
					"seconds":	4.9994990825653076,
					"bytes":	2840976,
					"bits_per_second":	4546017.035838332,
					"jitter_ms":	7.6555865963895755,
					"lost_packets":	1,
					"packets":	1962,
					"lost_percent":	0.0509683995922528,
					"out_of_order":	0
				}
			}],
		"sum":	{
			"start":	0,
			"end":	5.0801420211791992,
			"seconds":	5.0801420211791992,
			"bytes":	2840976,
			"bits_per_second":	4546017.035838332,
			"jitter_ms":	7.6555865963895755,
			"lost_packets":	1,
			"packets":	1962,
			"lost_percent":	0.0509683995922528
		},
		"cpu_utilization_percent":	{
			"host_total":	16.369312110807481,
			"host_user":	11.15582006515327,
			"host_system":	5.2497976777191857,
			"remote_total":	5.2202727602076147,
			"remote_user":	1.6386751366142978,
			"remote_system":	3.5504627959976451
		}
	}
}
