{
	"start":	{
		"connected":	[{
				"socket":	5,
				"local_host":	"10.120.137.14",
				"local_port":	59193,
				"remote_host":	"10.120.137.132",
				"remote_port":	5201
			}],
		"version":	"iperf 3.5",
		"system_info":	"Linux KN6GFJ-CHTEST-D 4.9.152 #0 Wed Jan 30 12:21:02 2019 mips",
		"timestamp":	{
			"time":	"Fri, 20 Mar 2020 11:11:17 GMT",
			"timesecs":	1584702677
		},
		"connecting_to":	{
			"host":	"10.120.137.132",
			"port":	5201
		},
		"cookie":	"6efpinp3rsunanuuqbfsrqfalf5nuztwdcq3",
		"sock_bufsize":	0,
		"sndbuf_actual":	163840,
		"rcvbuf_actual":	163840,
		"test_start":	{
			"protocol":	"UDP",
			"num_streams":	1,
			"blksize":	1448,
			"omit":	1,
			"duration":	5,
			"bytes":	0,
			"blocks":	0,
			"reverse":	0,
			"tos":	118
		}
	},
	"intervals":	[{
			"streams":	[{
					"socket":	5,
					"start":	0,
					"end":	1.0004940032958984,
					"seconds":	1.0004940032958984,
					"bytes":	1249624,
					"bits_per_second":	9992055.8914568182,
					"packets":	863,
					"omitted":	true
				}],
			"sum":	{
				"start":	0,
				"end":	1.0004940032958984,
				"seconds":	1.0004940032958984,
				"bytes":	1249624,
				"bits_per_second":	9992055.8914568182,
				"packets":	863,
				"omitted":	true
			}
		}, {
			"streams":	[{
					"socket":	5,
					"start":	0.00042009353637695312,
					"end":	0.99965786933898926,
					"seconds":	1.0000779628753662,
					"bytes":	928168,
					"bits_per_second":	7424765.1439604582,
					"packets":	641,
					"omitted":	false
				}],
			"sum":	{
				"start":	0.00042009353637695312,
				"end":	0.99965786933898926,
				"seconds":	1.0000779628753662,
				"bytes":	928168,
				"bits_per_second":	7424765.1439604582,
				"packets":	641,
				"omitted":	false
			}
		}, {
			"streams":	[{
					"socket":	5,
					"start":	0.99965786933898926,
					"end":	1.9998559951782227,
					"seconds":	1.0001981258392334,
					"bytes":	936856,
					"bits_per_second":	7493363.3710934212,
					"packets":	647,
					"omitted":	false
				}],
			"sum":	{
				"start":	0.99965786933898926,
				"end":	1.9998559951782227,
				"seconds":	1.0001981258392334,
				"bytes":	936856,
				"bits_per_second":	7493363.3710934212,
				"packets":	647,
				"omitted":	false
			}
		}, {
			"streams":	[{
					"socket":	5,
					"start":	1.9998559951782227,
					"end":	2.9996500015258789,
					"seconds":	0.99979400634765625,
					"bytes":	1227904,
					"bits_per_second":	9825255.9403563663,
					"packets":	848,
					"omitted":	false
				}],
			"sum":	{
				"start":	1.9998559951782227,
				"end":	2.9996500015258789,
				"seconds":	0.99979400634765625,
				"bytes":	1227904,
				"bits_per_second":	9825255.9403563663,
				"packets":	848,
				"omitted":	false
			}
		}, {
			"streams":	[{
					"socket":	5,
					"start":	2.9996500015258789,
					"end":	3.9996500015258789,
					"seconds":	1,
					"bytes":	1382840,
					"bits_per_second":	11062720,
					"packets":	955,
					"omitted":	false
				}],
			"sum":	{
				"start":	2.9996500015258789,
				"end":	3.9996500015258789,
				"seconds":	1,
				"bytes":	1382840,
				"bits_per_second":	11062720,
				"packets":	955,
				"omitted":	false
			}
		}, {
			"streams":	[{
					"socket":	5,
					"start":	3.9996500015258789,
					"end":	4.9992938041687012,
					"seconds":	0.99964380264282227,
					"bytes":	1332160,
					"bits_per_second":	10661077.447611507,
					"packets":	920,
					"omitted":	false
				}],
			"sum":	{
				"start":	3.9996500015258789,
				"end":	4.9992938041687012,
				"seconds":	0.99964380264282227,
				"bytes":	1332160,
				"bits_per_second":	10661077.447611507,
				"packets":	920,
				"omitted":	false
			}
		}],
	"end":	{
		"streams":	[{
				"udp":	{
					"socket":	5,
					"start":	0,
					"end":	4.9992938041687012,
					"seconds":	4.9992938041687012,
					"bytes":	5807928,
					"bits_per_second":	9293997.4764547944,
					"jitter_ms":	0.53449840930494241,
					"lost_packets":	1,
					"packets":	4011,
					"lost_percent":	0.024931438544003988,
					"out_of_order":	0
				}
			}],
		"sum":	{
			"start":	0,
			"end":	5.0767338275909424,
			"seconds":	5.0767338275909424,
			"bytes":	5807928,
			"bits_per_second":	9293997.4764547944,
			"jitter_ms":	0.53449840930494241,
			"lost_packets":	1,
			"packets":	4011,
			"lost_percent":	0.024931438544003988
		},
		"cpu_utilization_percent":	{
			"host_total":	22.133206165457704,
			"host_user":	4.25931565575359,
			"host_system":	17.856361787582358,
			"remote_total":	8.08899888563715,
			"remote_user":	2.018042103623233,
			"remote_system":	6.054126310869699
		}
	}
}
