{
	"start":	{
		"connected":	[{
				"socket":	5,
				"local_host":	"10.120.137.14",
				"local_port":	42278,
				"remote_host":	"10.120.137.132",
				"remote_port":	5201
			}],
		"version":	"iperf 3.5",
		"system_info":	"Linux KN6GFJ-CHTEST-D 4.9.152 #0 Wed Jan 30 12:21:02 2019 mips",
		"timestamp":	{
			"time":	"Fri, 20 Mar 2020 11:12:47 GMT",
			"timesecs":	1584702767
		},
		"connecting_to":	{
			"host":	"10.120.137.132",
			"port":	5201
		},
		"cookie":	"jvgfw6tqlqr4fjlanccfsvydskqclt4eblec",
		"sock_bufsize":	0,
		"sndbuf_actual":	163840,
		"rcvbuf_actual":	163840,
		"test_start":	{
			"protocol":	"UDP",
			"num_streams":	1,
			"blksize":	1448,
			"omit":	1,
			"duration":	5,
			"bytes":	0,
			"blocks":	0,
			"reverse":	0,
			"tos":	118
		}
	},
	"intervals":	[{
			"streams":	[{
					"socket":	5,
					"start":	0,
					"end":	1.0004150867462158,
					"seconds":	1.0004150867462158,
					"bytes":	818120,
					"bits_per_second":	6542244.4010586161,
					"packets":	565,
					"omitted":	true
				}],
			"sum":	{
				"start":	0,
				"end":	1.0004150867462158,
				"seconds":	1.0004150867462158,
				"bytes":	818120,
				"bits_per_second":	6542244.4010586161,
				"packets":	565,
				"omitted":	true
			}
		}, {
			"streams":	[{
					"socket":	5,
					"start":	0.00046992301940917969,
					"end":	0.99962496757507324,
					"seconds":	1.0000948905944824,
					"bytes":	635672,
					"bits_per_second":	5084893.4914337182,
					"packets":	439,
					"omitted":	false
				}],
			"sum":	{
				"start":	0.00046992301940917969,
				"end":	0.99962496757507324,
				"seconds":	1.0000948905944824,
				"bytes":	635672,
				"bits_per_second":	5084893.4914337182,
				"packets":	439,
				"omitted":	false
			}
		}, {
			"streams":	[{
					"socket":	5,
					"start":	0.99962496757507324,
					"end":	1.999608039855957,
					"seconds":	0.99998307228088379,
					"bytes":	390960,
					"bits_per_second":	3127732.94538477,
					"packets":	270,
					"omitted":	false
				}],
			"sum":	{
				"start":	0.99962496757507324,
				"end":	1.999608039855957,
				"seconds":	0.99998307228088379,
				"bytes":	390960,
				"bits_per_second":	3127732.94538477,
				"packets":	270,
				"omitted":	false
			}
		}, {
			"streams":	[{
					"socket":	5,
					"start":	1.999608039855957,
					"end":	2.9995980262756348,
					"seconds":	0.99998998641967773,
					"bytes":	900656,
					"bits_per_second":	7205320.15105208,
					"packets":	622,
					"omitted":	false
				}],
			"sum":	{
				"start":	1.999608039855957,
				"end":	2.9995980262756348,
				"seconds":	0.99998998641967773,
				"bytes":	900656,
				"bits_per_second":	7205320.15105208,
				"packets":	622,
				"omitted":	false
			}
		}, {
			"streams":	[{
					"socket":	5,
					"start":	2.9995980262756348,
					"end":	3.9995980262756348,
					"seconds":	1,
					"bytes":	1288720,
					"bits_per_second":	10309760,
					"packets":	890,
					"omitted":	false
				}],
			"sum":	{
				"start":	2.9995980262756348,
				"end":	3.9995980262756348,
				"seconds":	1,
				"bytes":	1288720,
				"bits_per_second":	10309760,
				"packets":	890,
				"omitted":	false
			}
		}, {
			"streams":	[{
					"socket":	5,
					"start":	3.9995980262756348,
					"end":	4.99932599067688,
					"seconds":	0.99972796440124512,
					"bytes":	1119304,
					"bits_per_second":	8956868.5871090628,
					"packets":	773,
					"omitted":	false
				}],
			"sum":	{
				"start":	3.9995980262756348,
				"end":	4.99932599067688,
				"seconds":	0.99972796440124512,
				"bytes":	1119304,
				"bits_per_second":	8956868.5871090628,
				"packets":	773,
				"omitted":	false
			}
		}],
	"end":	{
		"streams":	[{
				"udp":	{
					"socket":	5,
					"start":	0,
					"end":	4.99932599067688,
					"seconds":	4.99932599067688,
					"bytes":	4335312,
					"bits_per_second":	6937434.3790900083,
					"jitter_ms":	0.65142030541602047,
					"lost_packets":	8,
					"packets":	2994,
					"lost_percent":	0.26720106880427524,
					"out_of_order":	0
				}
			}],
		"sum":	{
			"start":	0,
			"end":	5.09270715713501,
			"seconds":	5.09270715713501,
			"bytes":	4335312,
			"bits_per_second":	6937434.3790900083,
			"jitter_ms":	0.65142030541602047,
			"lost_packets":	8,
			"packets":	2994,
			"lost_percent":	0.26720106880427524
		},
		"cpu_utilization_percent":	{
			"host_total":	18.995012837517088,
			"host_user":	2.7895160796731737,
			"host_system":	16.244828934567305,
			"remote_total":	5.9223228054920991,
			"remote_user":	1.7784054789115995,
			"remote_system":	4.2408130650968916
		}
	}
}
