{
	"start":	{
		"connected":	[{
				"socket":	5,
				"local_host":	"10.120.137.14",
				"local_port":	49782,
				"remote_host":	"10.120.137.132",
				"remote_port":	5201
			}],
		"version":	"iperf 3.5",
		"system_info":	"Linux KN6GFJ-CHTEST-D 4.9.152 #0 Wed Jan 30 12:21:02 2019 mips",
		"timestamp":	{
			"time":	"Fri, 20 Mar 2020 11:20:09 GMT",
			"timesecs":	1584703209
		},
		"connecting_to":	{
			"host":	"10.120.137.132",
			"port":	5201
		},
		"cookie":	"ynn6cdehyw6dbk72bhrcjtze3in6smhlen6t",
		"sock_bufsize":	0,
		"sndbuf_actual":	163840,
		"rcvbuf_actual":	163840,
		"test_start":	{
			"protocol":	"UDP",
			"num_streams":	1,
			"blksize":	1448,
			"omit":	1,
			"duration":	5,
			"bytes":	0,
			"blocks":	0,
			"reverse":	0,
			"tos":	118
		}
	},
	"intervals":	[{
			"streams":	[{
					"socket":	5,
					"start":	0,
					"end":	1.0000989437103271,
					"seconds":	1.0000989437103271,
					"bytes":	1375600,
					"bits_per_second":	11003711.251981361,
					"packets":	950,
					"omitted":	true
				}],
			"sum":	{
				"start":	0,
				"end":	1.0000989437103271,
				"seconds":	1.0000989437103271,
				"bytes":	1375600,
				"bits_per_second":	11003711.251981361,
				"packets":	950,
				"omitted":	true
			}
		}, {
			"streams":	[{
					"socket":	5,
					"start":	0.00043702125549316406,
					"end":	1.0000729560852051,
					"seconds":	1.0005099773406982,
					"bytes":	1332160,
					"bits_per_second":	10651847.798985951,
					"packets":	920,
					"omitted":	false
				}],
			"sum":	{
				"start":	0.00043702125549316406,
				"end":	1.0000729560852051,
				"seconds":	1.0005099773406982,
				"bytes":	1332160,
				"bits_per_second":	10651847.798985951,
				"packets":	920,
				"omitted":	false
			}
		}, {
			"streams":	[{
					"socket":	5,
					"start":	1.0000729560852051,
					"end":	2.0000870227813721,
					"seconds":	1.000014066696167,
					"bytes":	1417592,
					"bits_per_second":	11340576.475556361,
					"packets":	979,
					"omitted":	false
				}],
			"sum":	{
				"start":	1.0000729560852051,
				"end":	2.0000870227813721,
				"seconds":	1.000014066696167,
				"bytes":	1417592,
				"bits_per_second":	11340576.475556361,
				"packets":	979,
				"omitted":	false
			}
		}, {
			"streams":	[{
					"socket":	5,
					"start":	2.0000870227813721,
					"end":	3.0000929832458496,
					"seconds":	1.0000059604644775,
					"bytes":	1375600,
					"bits_per_second":	11004734.406671485,
					"packets":	950,
					"omitted":	false
				}],
			"sum":	{
				"start":	2.0000870227813721,
				"end":	3.0000929832458496,
				"seconds":	1.0000059604644775,
				"bytes":	1375600,
				"bits_per_second":	11004734.406671485,
				"packets":	950,
				"omitted":	false
			}
		}, {
			"streams":	[{
					"socket":	5,
					"start":	3.0000929832458496,
					"end":	4.0000729560852051,
					"seconds":	0.99997997283935547,
					"bytes":	1369808,
					"bits_per_second":	10958683.471314333,
					"packets":	946,
					"omitted":	false
				}],
			"sum":	{
				"start":	3.0000929832458496,
				"end":	4.0000729560852051,
				"seconds":	0.99997997283935547,
				"bytes":	1369808,
				"bits_per_second":	10958683.471314333,
				"packets":	946,
				"omitted":	false
			}
		}, {
			"streams":	[{
					"socket":	5,
					"start":	4.0000729560852051,
					"end":	4.9996929168701172,
					"seconds":	0.99961996078491211,
					"bytes":	1378496,
					"bits_per_second":	11032160.653675547,
					"packets":	952,
					"omitted":	false
				}],
			"sum":	{
				"start":	4.0000729560852051,
				"end":	4.9996929168701172,
				"seconds":	0.99961996078491211,
				"bytes":	1378496,
				"bits_per_second":	11032160.653675547,
				"packets":	952,
				"omitted":	false
			}
		}],
	"end":	{
		"streams":	[{
				"udp":	{
					"socket":	5,
					"start":	0,
					"end":	4.9996929168701172,
					"seconds":	4.9996929168701172,
					"bytes":	6873656,
					"bits_per_second":	10998525.092301888,
					"jitter_ms":	0.7956851518654936,
					"lost_packets":	0,
					"packets":	4747,
					"lost_percent":	0,
					"out_of_order":	0
				}
			}],
		"sum":	{
			"start":	0,
			"end":	5.064640998840332,
			"seconds":	5.064640998840332,
			"bytes":	6873656,
			"bits_per_second":	10998525.092301888,
			"jitter_ms":	0.7956851518654936,
			"lost_packets":	0,
			"packets":	4747,
			"lost_percent":	0
		},
		"cpu_utilization_percent":	{
			"host_total":	29.105103293302726,
			"host_user":	4.253412422810789,
			"host_system":	24.866103394893845,
			"remote_total":	11.045386581459999,
			"remote_user":	2.1966142760432992,
			"remote_system":	8.9237454964259033
		}
	}
}
