{
	"start":	{
		"connected":	[{
				"socket":	5,
				"local_host":	"10.120.137.14",
				"local_port":	41020,
				"remote_host":	"10.120.137.132",
				"remote_port":	5201
			}],
		"version":	"iperf 3.5",
		"system_info":	"Linux KN6GFJ-CHTEST-D 4.9.152 #0 Wed Jan 30 12:21:02 2019 mips",
		"timestamp":	{
			"time":	"Fri, 20 Mar 2020 11:05:05 GMT",
			"timesecs":	1584702305
		},
		"connecting_to":	{
			"host":	"10.120.137.132",
			"port":	5201
		},
		"cookie":	"4rijzkijb755pv3sngulm4j4uxyawjsqwzb3",
		"sock_bufsize":	0,
		"sndbuf_actual":	163840,
		"rcvbuf_actual":	163840,
		"test_start":	{
			"protocol":	"UDP",
			"num_streams":	1,
			"blksize":	1448,
			"omit":	1,
			"duration":	5,
			"bytes":	0,
			"blocks":	0,
			"reverse":	0,
			"tos":	118
		}
	},
	"intervals":	[{
			"streams":	[{
					"socket":	5,
					"start":	0,
					"end":	1.0001609325408936,
					"seconds":	1.0001609325408936,
					"bytes":	758752,
					"bits_per_second":	6069039.29408562,
					"packets":	524,
					"omitted":	true
				}],
			"sum":	{
				"start":	0,
				"end":	1.0001609325408936,
				"seconds":	1.0001609325408936,
				"bytes":	758752,
				"bits_per_second":	6069039.29408562,
				"packets":	524,
				"omitted":	true
			}
		}, {
			"streams":	[{
					"socket":	5,
					"start":	0.00038194656372070312,
					"end":	1.0002510547637939,
					"seconds":	1.0006330013275146,
					"bytes":	754408,
					"bits_per_second":	6031446.0866203364,
					"packets":	521,
					"omitted":	false
				}],
			"sum":	{
				"start":	0.00038194656372070312,
				"end":	1.0002510547637939,
				"seconds":	1.0006330013275146,
				"bytes":	754408,
				"bits_per_second":	6031446.0866203364,
				"packets":	521,
				"omitted":	false
			}
		}, {
			"streams":	[{
					"socket":	5,
					"start":	1.0002510547637939,
					"end":	1.999669075012207,
					"seconds":	0.99941802024841309,
					"bytes":	538656,
					"bits_per_second":	4311757.3554746425,
					"packets":	372,
					"omitted":	false
				}],
			"sum":	{
				"start":	1.0002510547637939,
				"end":	1.999669075012207,
				"seconds":	0.99941802024841309,
				"bytes":	538656,
				"bits_per_second":	4311757.3554746425,
				"packets":	372,
				"omitted":	false
			}
		}, {
			"streams":	[{
					"socket":	5,
					"start":	1.999669075012207,
					"end":	2.9996590614318848,
					"seconds":	0.99998998641967773,
					"bytes":	489424,
					"bits_per_second":	3915431.2074848926,
					"packets":	338,
					"omitted":	false
				}],
			"sum":	{
				"start":	1.999669075012207,
				"end":	2.9996590614318848,
				"seconds":	0.99998998641967773,
				"bytes":	489424,
				"bits_per_second":	3915431.2074848926,
				"packets":	338,
				"omitted":	false
			}
		}, {
			"streams":	[{
					"socket":	5,
					"start":	2.9996590614318848,
					"end":	4.0015521049499512,
					"seconds":	1.0018930435180664,
					"bytes":	802192,
					"bits_per_second":	6405410.279589667,
					"packets":	554,
					"omitted":	false
				}],
			"sum":	{
				"start":	2.9996590614318848,
				"end":	4.0015521049499512,
				"seconds":	1.0018930435180664,
				"bytes":	802192,
				"bits_per_second":	6405410.279589667,
				"packets":	554,
				"omitted":	false
			}
		}, {
			"streams":	[{
					"socket":	5,
					"start":	4.0015521049499512,
					"end":	5.0002951622009277,
					"seconds":	0.99874305725097656,
					"bytes":	624088,
					"bits_per_second":	4998987.4410164449,
					"packets":	431,
					"omitted":	false
				}],
			"sum":	{
				"start":	4.0015521049499512,
				"end":	5.0002951622009277,
				"seconds":	0.99874305725097656,
				"bytes":	624088,
				"bits_per_second":	4998987.4410164449,
				"packets":	431,
				"omitted":	false
			}
		}],
	"end":	{
		"streams":	[{
				"udp":	{
					"socket":	5,
					"start":	0,
					"end":	5.0002951622009277,
					"seconds":	5.0002951622009277,
					"bytes":	3208768,
					"bits_per_second":	5133725.7436421094,
					"jitter_ms":	3.3530554999853051,
					"lost_packets":	5,
					"packets":	2216,
					"lost_percent":	0.22563176895306858,
					"out_of_order":	0
				}
			}],
		"sum":	{
			"start":	0,
			"end":	5.1011979579925537,
			"seconds":	5.1011979579925537,
			"bytes":	3208768,
			"bits_per_second":	5133725.7436421094,
			"jitter_ms":	3.3530554999853051,
			"lost_packets":	5,
			"packets":	2216,
			"lost_percent":	0.22563176895306858
		},
		"cpu_utilization_percent":	{
			"host_total":	17.528082456654186,
			"host_user":	3.7466080979513219,
			"host_system":	13.846160361994016,
			"remote_total":	5.3544555572567347,
			"remote_user":	0.81367285008308277,
			"remote_system":	4.6108128171374689
		}
	}
}
