{
	"start":	{
		"connected":	[{
				"socket":	5,
				"local_host":	"10.120.137.14",
				"local_port":	33601,
				"remote_host":	"10.120.137.132",
				"remote_port":	5201
			}],
		"version":	"iperf 3.5",
		"system_info":	"Linux KN6GFJ-CHTEST-D 4.9.152 #0 Wed Jan 30 12:21:02 2019 mips",
		"timestamp":	{
			"time":	"Fri, 20 Mar 2020 11:04:57 GMT",
			"timesecs":	1584702297
		},
		"connecting_to":	{
			"host":	"10.120.137.132",
			"port":	5201
		},
		"cookie":	"s3yxctlvkv4izbouekr4sybici6hyy6xnt3z",
		"sock_bufsize":	0,
		"sndbuf_actual":	163840,
		"rcvbuf_actual":	163840,
		"test_start":	{
			"protocol":	"UDP",
			"num_streams":	1,
			"blksize":	1448,
			"omit":	1,
			"duration":	5,
			"bytes":	0,
			"blocks":	0,
			"reverse":	0,
			"tos":	118
		}
	},
	"intervals":	[{
			"streams":	[{
					"socket":	5,
					"start":	0,
					"end":	1.00016188621521,
					"seconds":	1.00016188621521,
					"bytes":	693592,
					"bits_per_second":	5547837.8815227617,
					"packets":	479,
					"omitted":	true
				}],
			"sum":	{
				"start":	0,
				"end":	1.00016188621521,
				"seconds":	1.00016188621521,
				"bytes":	693592,
				"bits_per_second":	5547837.8815227617,
				"packets":	479,
				"omitted":	true
			}
		}, {
			"streams":	[{
					"socket":	5,
					"start":	0.00038313865661621094,
					"end":	0.99968194961547852,
					"seconds":	1.0000650882720947,
					"bytes":	548792,
					"bits_per_second":	4390050.2592142187,
					"packets":	379,
					"omitted":	false
				}],
			"sum":	{
				"start":	0.00038313865661621094,
				"end":	0.99968194961547852,
				"seconds":	1.0000650882720947,
				"bytes":	548792,
				"bits_per_second":	4390050.2592142187,
				"packets":	379,
				"omitted":	false
			}
		}, {
			"streams":	[{
					"socket":	5,
					"start":	0.99968194961547852,
					"end":	2.0018739700317383,
					"seconds":	1.0021920204162598,
					"bytes":	564720,
					"bits_per_second":	4507878.637991501,
					"packets":	390,
					"omitted":	false
				}],
			"sum":	{
				"start":	0.99968194961547852,
				"end":	2.0018739700317383,
				"seconds":	1.0021920204162598,
				"bytes":	564720,
				"bits_per_second":	4507878.637991501,
				"packets":	390,
				"omitted":	false
			}
		}, {
			"streams":	[{
					"socket":	5,
					"start":	2.0018739700317383,
					"end":	3.0002138614654541,
					"seconds":	0.99833989143371582,
					"bytes":	553136,
					"bits_per_second":	4432446.3421421852,
					"packets":	382,
					"omitted":	false
				}],
			"sum":	{
				"start":	2.0018739700317383,
				"end":	3.0002138614654541,
				"seconds":	0.99833989143371582,
				"bytes":	553136,
				"bits_per_second":	4432446.3421421852,
				"packets":	382,
				"omitted":	false
			}
		}, {
			"streams":	[{
					"socket":	5,
					"start":	3.0002138614654541,
					"end":	3.9996838569641113,
					"seconds":	0.99946999549865723,
					"bytes":	658840,
					"bits_per_second":	5273514.9866808392,
					"packets":	455,
					"omitted":	false
				}],
			"sum":	{
				"start":	3.0002138614654541,
				"end":	3.9996838569641113,
				"seconds":	0.99946999549865723,
				"bytes":	658840,
				"bits_per_second":	5273514.9866808392,
				"packets":	455,
				"omitted":	false
			}
		}, {
			"streams":	[{
					"socket":	5,
					"start":	3.9996838569641113,
					"end":	4.9996719360351562,
					"seconds":	0.99998807907104492,
					"bytes":	695040,
					"bits_per_second":	5560386.2849698663,
					"packets":	480,
					"omitted":	false
				}],
			"sum":	{
				"start":	3.9996838569641113,
				"end":	4.9996719360351562,
				"seconds":	0.99998807907104492,
				"bytes":	695040,
				"bits_per_second":	5560386.2849698663,
				"packets":	480,
				"omitted":	false
			}
		}],
	"end":	{
		"streams":	[{
				"udp":	{
					"socket":	5,
					"start":	0,
					"end":	4.9996719360351562,
					"seconds":	4.9996719360351562,
					"bytes":	3020528,
					"bits_per_second":	4833161.9172522612,
					"jitter_ms":	2.5062461264874676,
					"lost_packets":	11,
					"packets":	2086,
					"lost_percent":	0.52732502396931924,
					"out_of_order":	0
				}
			}],
		"sum":	{
			"start":	0,
			"end":	5.148590087890625,
			"seconds":	5.148590087890625,
			"bytes":	3020528,
			"bits_per_second":	4833161.9172522612,
			"jitter_ms":	2.5062461264874676,
			"lost_packets":	11,
			"packets":	2086,
			"lost_percent":	0.52732502396931924
		},
		"cpu_utilization_percent":	{
			"host_total":	17.859545019729762,
			"host_user":	3.5742322549116445,
			"host_system":	14.296929019646578,
			"remote_total":	4.93097734553807,
			"remote_user":	1.2253750668850558,
			"remote_system":	3.676125200655167
		}
	}
}
