{
	"start":	{
		"connected":	[{
				"socket":	5,
				"local_host":	"10.120.137.14",
				"local_port":	34051,
				"remote_host":	"10.120.137.132",
				"remote_port":	5201
			}],
		"version":	"iperf 3.5",
		"system_info":	"Linux KN6GFJ-CHTEST-D 4.9.152 #0 Wed Jan 30 12:21:02 2019 mips",
		"timestamp":	{
			"time":	"Fri, 20 Mar 2020 11:15:01 GMT",
			"timesecs":	1584702901
		},
		"connecting_to":	{
			"host":	"10.120.137.132",
			"port":	5201
		},
		"cookie":	"itb3x35lona7ssxjyovubdf4ipc74hhsvbqa",
		"sock_bufsize":	0,
		"sndbuf_actual":	163840,
		"rcvbuf_actual":	163840,
		"test_start":	{
			"protocol":	"UDP",
			"num_streams":	1,
			"blksize":	1448,
			"omit":	1,
			"duration":	5,
			"bytes":	0,
			"blocks":	0,
			"reverse":	0,
			"tos":	117
		}
	},
	"intervals":	[{
			"streams":	[{
					"socket":	5,
					"start":	0,
					"end":	1.0002551078796387,
					"seconds":	1.0002551078796387,
					"bytes":	625536,
					"bits_per_second":	5003011.6922953706,
					"packets":	432,
					"omitted":	true
				}],
			"sum":	{
				"start":	0,
				"end":	1.0002551078796387,
				"seconds":	1.0002551078796387,
				"bytes":	625536,
				"bits_per_second":	5003011.6922953706,
				"packets":	432,
				"omitted":	true
			}
		}, {
			"streams":	[{
					"socket":	5,
					"start":	0.00052189826965332031,
					"end":	0.999500036239624,
					"seconds":	1.0000219345092773,
					"bytes":	624088,
					"bits_per_second":	4992594.4898898434,
					"packets":	431,
					"omitted":	false
				}],
			"sum":	{
				"start":	0.00052189826965332031,
				"end":	0.999500036239624,
				"seconds":	1.0000219345092773,
				"bytes":	624088,
				"bits_per_second":	4992594.4898898434,
				"packets":	431,
				"omitted":	false
			}
		}, {
			"streams":	[{
					"socket":	5,
					"start":	0.999500036239624,
					"end":	1.9995501041412354,
					"seconds":	1.0000500679016113,
					"bytes":	625536,
					"bits_per_second":	5004037.4583448758,
					"packets":	432,
					"omitted":	false
				}],
			"sum":	{
				"start":	0.999500036239624,
				"end":	1.9995501041412354,
				"seconds":	1.0000500679016113,
				"bytes":	625536,
				"bits_per_second":	5004037.4583448758,
				"packets":	432,
				"omitted":	false
			}
		}, {
			"streams":	[{
					"socket":	5,
					"start":	1.9995501041412354,
					"end":	2.9995501041412354,
					"seconds":	1,
					"bytes":	625536,
					"bits_per_second":	5004288,
					"packets":	432,
					"omitted":	false
				}],
			"sum":	{
				"start":	1.9995501041412354,
				"end":	2.9995501041412354,
				"seconds":	1,
				"bytes":	625536,
				"bits_per_second":	5004288,
				"packets":	432,
				"omitted":	false
			}
		}, {
			"streams":	[{
					"socket":	5,
					"start":	2.9995501041412354,
					"end":	3.9996631145477295,
					"seconds":	1.0001130104064941,
					"bytes":	625536,
					"bits_per_second":	5003722.5272832075,
					"packets":	432,
					"omitted":	false
				}],
			"sum":	{
				"start":	2.9995501041412354,
				"end":	3.9996631145477295,
				"seconds":	1.0001130104064941,
				"bytes":	625536,
				"bits_per_second":	5003722.5272832075,
				"packets":	432,
				"omitted":	false
			}
		}, {
			"streams":	[{
					"socket":	5,
					"start":	3.9996631145477295,
					"end":	4.9994351863861084,
					"seconds":	0.99977207183837891,
					"bytes":	624088,
					"bits_per_second":	4993842.237280569,
					"packets":	431,
					"omitted":	false
				}],
			"sum":	{
				"start":	3.9996631145477295,
				"end":	4.9994351863861084,
				"seconds":	0.99977207183837891,
				"bytes":	624088,
				"bits_per_second":	4993842.237280569,
				"packets":	431,
				"omitted":	false
			}
		}],
	"end":	{
		"streams":	[{
				"udp":	{
					"socket":	5,
					"start":	0,
					"end":	4.9994351863861084,
					"seconds":	4.9994351863861084,
					"bytes":	3124784,
					"bits_per_second":	5000219.2383796563,
					"jitter_ms":	0.52074013377468842,
					"lost_packets":	0,
					"packets":	2158,
					"lost_percent":	0,
					"out_of_order":	0
				}
			}],
		"sum":	{
			"start":	0,
			"end":	5.0487179756164551,
			"seconds":	5.0487179756164551,
			"bytes":	3124784,
			"bits_per_second":	5000219.2383796563,
			"jitter_ms":	0.52074013377468842,
			"lost_packets":	0,
			"packets":	2158,
			"lost_percent":	0
		},
		"cpu_utilization_percent":	{
			"host_total":	22.05389864133161,
			"host_user":	5.237040738121614,
			"host_system":	16.856724875828945,
			"remote_total":	6.375694348984112,
			"remote_user":	2.372321961520147,
			"remote_system":	3.953869935866912
		}
	}
}
