{
	"start":	{
		"connected":	[{
				"socket":	5,
				"local_host":	"10.120.137.14",
				"local_port":	54148,
				"remote_host":	"10.120.137.132",
				"remote_port":	5201
			}],
		"version":	"iperf 3.5",
		"system_info":	"Linux KN6GFJ-CHTEST-D 4.9.152 #0 Wed Jan 30 12:21:02 2019 mips",
		"timestamp":	{
			"time":	"Fri, 20 Mar 2020 11:15:39 GMT",
			"timesecs":	1584702939
		},
		"connecting_to":	{
			"host":	"10.120.137.132",
			"port":	5201
		},
		"cookie":	"n72kr6jwapw2xpbf6532gisqloroajtwn5b2",
		"sock_bufsize":	0,
		"sndbuf_actual":	163840,
		"rcvbuf_actual":	163840,
		"test_start":	{
			"protocol":	"UDP",
			"num_streams":	1,
			"blksize":	1448,
			"omit":	1,
			"duration":	5,
			"bytes":	0,
			"blocks":	0,
			"reverse":	0,
			"tos":	118
		}
	},
	"intervals":	[{
			"streams":	[{
					"socket":	5,
					"start":	0,
					"end":	1.00044584274292,
					"seconds":	1.00044584274292,
					"bytes":	1249624,
					"bits_per_second":	9992536.8999398015,
					"packets":	863,
					"omitted":	true
				}],
			"sum":	{
				"start":	0,
				"end":	1.00044584274292,
				"seconds":	1.00044584274292,
				"bytes":	1249624,
				"bits_per_second":	9992536.8999398015,
				"packets":	863,
				"omitted":	true
			}
		}, {
			"streams":	[{
					"socket":	5,
					"start":	0.00040602684020996094,
					"end":	1.0006909370422363,
					"seconds":	1.0010969638824463,
					"bytes":	1251072,
					"bits_per_second":	9997608.9840336945,
					"packets":	864,
					"omitted":	false
				}],
			"sum":	{
				"start":	0.00040602684020996094,
				"end":	1.0006909370422363,
				"seconds":	1.0010969638824463,
				"bytes":	1251072,
				"bits_per_second":	9997608.9840336945,
				"packets":	864,
				"omitted":	false
			}
		}, {
			"streams":	[{
					"socket":	5,
					"start":	1.0006909370422363,
					"end":	2.0002589225769043,
					"seconds":	0.999567985534668,
					"bytes":	1249624,
					"bits_per_second":	10001312.711763792,
					"packets":	863,
					"omitted":	false
				}],
			"sum":	{
				"start":	1.0006909370422363,
				"end":	2.0002589225769043,
				"seconds":	0.999567985534668,
				"bytes":	1249624,
				"bits_per_second":	10001312.711763792,
				"packets":	863,
				"omitted":	false
			}
		}, {
			"streams":	[{
					"socket":	5,
					"start":	2.0002589225769043,
					"end":	2.9996120929718018,
					"seconds":	0.99935317039489746,
					"bytes":	1249624,
					"bits_per_second":	10003462.535721639,
					"packets":	863,
					"omitted":	false
				}],
			"sum":	{
				"start":	2.0002589225769043,
				"end":	2.9996120929718018,
				"seconds":	0.99935317039489746,
				"bytes":	1249624,
				"bits_per_second":	10003462.535721639,
				"packets":	863,
				"omitted":	false
			}
		}, {
			"streams":	[{
					"socket":	5,
					"start":	2.9996120929718018,
					"end":	3.999669075012207,
					"seconds":	1.0000569820404053,
					"bytes":	1249624,
					"bits_per_second":	9996422.3834558371,
					"packets":	863,
					"omitted":	false
				}],
			"sum":	{
				"start":	2.9996120929718018,
				"end":	3.999669075012207,
				"seconds":	1.0000569820404053,
				"bytes":	1249624,
				"bits_per_second":	9996422.3834558371,
				"packets":	863,
				"omitted":	false
			}
		}, {
			"streams":	[{
					"socket":	5,
					"start":	3.999669075012207,
					"end":	4.9993829727172852,
					"seconds":	0.99971389770507812,
					"bytes":	1249624,
					"bits_per_second":	9999852.9808867127,
					"packets":	863,
					"omitted":	false
				}],
			"sum":	{
				"start":	3.999669075012207,
				"end":	4.9993829727172852,
				"seconds":	0.99971389770507812,
				"bytes":	1249624,
				"bits_per_second":	9999852.9808867127,
				"packets":	863,
				"omitted":	false
			}
		}],
	"end":	{
		"streams":	[{
				"udp":	{
					"socket":	5,
					"start":	0,
					"end":	4.9993829727172852,
					"seconds":	4.9993829727172852,
					"bytes":	6249568,
					"bits_per_second":	10000542.921564912,
					"jitter_ms":	1.4018996189315485,
					"lost_packets":	0,
					"packets":	4316,
					"lost_percent":	0,
					"out_of_order":	0
				}
			}],
		"sum":	{
			"start":	0,
			"end":	5.0596020221710205,
			"seconds":	5.0596020221710205,
			"bytes":	6249568,
			"bits_per_second":	10000542.921564912,
			"jitter_ms":	1.4018996189315485,
			"lost_packets":	0,
			"packets":	4316,
			"lost_percent":	0
		},
		"cpu_utilization_percent":	{
			"host_total":	30.56181886816421,
			"host_user":	7.69386157531652,
			"host_system":	22.91788554349602,
			"remote_total":	11.538928997820557,
			"remote_user":	4.6851935756625691,
			"remote_system":	6.7521907413960554
		}
	}
}
