{
	"start":	{
		"connected":	[{
				"socket":	5,
				"local_host":	"10.120.137.14",
				"local_port":	34465,
				"remote_host":	"10.120.137.132",
				"remote_port":	5201
			}],
		"version":	"iperf 3.5",
		"system_info":	"Linux KN6GFJ-CHTEST-D 4.9.152 #0 Wed Jan 30 12:21:02 2019 mips",
		"timestamp":	{
			"time":	"Fri, 20 Mar 2020 11:07:03 GMT",
			"timesecs":	1584702423
		},
		"connecting_to":	{
			"host":	"10.120.137.132",
			"port":	5201
		},
		"cookie":	"ziafz4dz6rskuwipceajwljaqca3lc5awrdv",
		"sock_bufsize":	0,
		"sndbuf_actual":	163840,
		"rcvbuf_actual":	163840,
		"test_start":	{
			"protocol":	"UDP",
			"num_streams":	1,
			"blksize":	1448,
			"omit":	1,
			"duration":	5,
			"bytes":	0,
			"blocks":	0,
			"reverse":	0,
			"tos":	118
		}
	},
	"intervals":	[{
			"streams":	[{
					"socket":	5,
					"start":	0,
					"end":	1.0006699562072754,
					"seconds":	1.0006699562072754,
					"bytes":	758752,
					"bits_per_second":	6065952.0777524747,
					"packets":	524,
					"omitted":	true
				}],
			"sum":	{
				"start":	0,
				"end":	1.0006699562072754,
				"seconds":	1.0006699562072754,
				"bytes":	758752,
				"bits_per_second":	6065952.0777524747,
				"packets":	524,
				"omitted":	true
			}
		}, {
			"streams":	[{
					"socket":	5,
					"start":	0.0014450550079345703,
					"end":	0.9986259937286377,
					"seconds":	1.0000710487365723,
					"bytes":	509696,
					"bits_per_second":	4077278.3145270995,
					"packets":	352,
					"omitted":	false
				}],
			"sum":	{
				"start":	0.0014450550079345703,
				"end":	0.9986259937286377,
				"seconds":	1.0000710487365723,
				"bytes":	509696,
				"bits_per_second":	4077278.3145270995,
				"packets":	352,
				"omitted":	false
			}
		}, {
			"streams":	[{
					"socket":	5,
					"start":	0.9986259937286377,
					"end":	1.9986259937286377,
					"seconds":	1,
					"bytes":	551688,
					"bits_per_second":	4413504,
					"packets":	381,
					"omitted":	false
				}],
			"sum":	{
				"start":	0.9986259937286377,
				"end":	1.9986259937286377,
				"seconds":	1,
				"bytes":	551688,
				"bits_per_second":	4413504,
				"packets":	381,
				"omitted":	false
			}
		}, {
			"streams":	[{
					"socket":	5,
					"start":	1.9986259937286377,
					"end":	2.9986281394958496,
					"seconds":	1.0000021457672119,
					"bytes":	537208,
					"bits_per_second":	4297654.7782332888,
					"packets":	371,
					"omitted":	false
				}],
			"sum":	{
				"start":	1.9986259937286377,
				"end":	2.9986281394958496,
				"seconds":	1.0000021457672119,
				"bytes":	537208,
				"bits_per_second":	4297654.7782332888,
				"packets":	371,
				"omitted":	false
			}
		}, {
			"streams":	[{
					"socket":	5,
					"start":	2.9986281394958496,
					"end":	3.9986269474029541,
					"seconds":	0.99999880790710449,
					"bytes":	828256,
					"bits_per_second":	6626055.8988741627,
					"packets":	572,
					"omitted":	false
				}],
			"sum":	{
				"start":	2.9986281394958496,
				"end":	3.9986269474029541,
				"seconds":	0.99999880790710449,
				"bytes":	828256,
				"bits_per_second":	6626055.8988741627,
				"packets":	572,
				"omitted":	false
			}
		}, {
			"streams":	[{
					"socket":	5,
					"start":	3.9986269474029541,
					"end":	4.9984159469604492,
					"seconds":	0.99978899955749512,
					"bytes":	631328,
					"bits_per_second":	5051689.9088061554,
					"packets":	436,
					"omitted":	false
				}],
			"sum":	{
				"start":	3.9986269474029541,
				"end":	4.9984159469604492,
				"seconds":	0.99978899955749512,
				"bytes":	631328,
				"bits_per_second":	5051689.9088061554,
				"packets":	436,
				"omitted":	false
			}
		}],
	"end":	{
		"streams":	[{
				"udp":	{
					"socket":	5,
					"start":	0,
					"end":	4.9984159469604492,
					"seconds":	4.9984159469604492,
					"bytes":	3058176,
					"bits_per_second":	4894632.2714254074,
					"jitter_ms":	2.2345454233482993,
					"lost_packets":	3,
					"packets":	2112,
					"lost_percent":	0.14204545454545456,
					"out_of_order":	0
				}
			}],
		"sum":	{
			"start":	0,
			"end":	5.0801699161529541,
			"seconds":	5.0801699161529541,
			"bytes":	3058176,
			"bits_per_second":	4894632.2714254074,
			"jitter_ms":	2.2345454233482993,
			"lost_packets":	3,
			"packets":	2112,
			"lost_percent":	0.14204545454545456
		},
		"cpu_utilization_percent":	{
			"host_total":	13.542122319121574,
			"host_user":	2.4629862427440425,
			"host_system":	11.165537633772992,
			"remote_total":	5.484707528353713,
			"remote_user":	1.6443886265860643,
			"remote_system":	3.973939180916322
		}
	}
}
