{
	"start":	{
		"connected":	[{
				"socket":	5,
				"local_host":	"10.120.137.14",
				"local_port":	49972,
				"remote_host":	"10.120.137.132",
				"remote_port":	5201
			}],
		"version":	"iperf 3.5",
		"system_info":	"Linux KN6GFJ-CHTEST-D 4.9.152 #0 Wed Jan 30 12:21:02 2019 mips",
		"timestamp":	{
			"time":	"Fri, 20 Mar 2020 11:21:54 GMT",
			"timesecs":	1584703314
		},
		"connecting_to":	{
			"host":	"10.120.137.132",
			"port":	5201
		},
		"cookie":	"zxriae4xvlaf3nw7s7bmycwqzvnek6qncdkl",
		"sock_bufsize":	0,
		"sndbuf_actual":	163840,
		"rcvbuf_actual":	163840,
		"test_start":	{
			"protocol":	"UDP",
			"num_streams":	1,
			"blksize":	1448,
			"omit":	1,
			"duration":	5,
			"bytes":	0,
			"blocks":	0,
			"reverse":	0,
			"tos":	118
		}
	},
	"intervals":	[{
			"streams":	[{
					"socket":	5,
					"start":	0,
					"end":	1.0001649856567383,
					"seconds":	1.0001649856567383,
					"bytes":	1436416,
					"bits_per_second":	11489432.408448542,
					"packets":	992,
					"omitted":	true
				}],
			"sum":	{
				"start":	0,
				"end":	1.0001649856567383,
				"seconds":	1.0001649856567383,
				"bytes":	1436416,
				"bits_per_second":	11489432.408448542,
				"packets":	992,
				"omitted":	true
			}
		}, {
			"streams":	[{
					"socket":	5,
					"start":	0.00041699409484863281,
					"end":	0.99976921081542969,
					"seconds":	1.0001862049102783,
					"bytes":	1617416,
					"bits_per_second":	12936919.082143031,
					"packets":	1117,
					"omitted":	false
				}],
			"sum":	{
				"start":	0.00041699409484863281,
				"end":	0.99976921081542969,
				"seconds":	1.0001862049102783,
				"bytes":	1617416,
				"bits_per_second":	12936919.082143031,
				"packets":	1117,
				"omitted":	false
			}
		}, {
			"streams":	[{
					"socket":	5,
					"start":	0.99976921081542969,
					"end":	1.999636173248291,
					"seconds":	0.99986696243286133,
					"bytes":	1132336,
					"bits_per_second":	9059893.3061639871,
					"packets":	782,
					"omitted":	false
				}],
			"sum":	{
				"start":	0.99976921081542969,
				"end":	1.999636173248291,
				"seconds":	0.99986696243286133,
				"bytes":	1132336,
				"bits_per_second":	9059893.3061639871,
				"packets":	782,
				"omitted":	false
			}
		}, {
			"streams":	[{
					"socket":	5,
					"start":	1.999636173248291,
					"end":	2.999622106552124,
					"seconds":	0.999985933303833,
					"bytes":	1322024,
					"bits_per_second":	10576340.77417223,
					"packets":	913,
					"omitted":	false
				}],
			"sum":	{
				"start":	1.999636173248291,
				"end":	2.999622106552124,
				"seconds":	0.999985933303833,
				"bytes":	1322024,
				"bits_per_second":	10576340.77417223,
				"packets":	913,
				"omitted":	false
			}
		}, {
			"streams":	[{
					"socket":	5,
					"start":	2.999622106552124,
					"end":	3.999622106552124,
					"seconds":	1,
					"bytes":	1333608,
					"bits_per_second":	10668864,
					"packets":	921,
					"omitted":	false
				}],
			"sum":	{
				"start":	2.999622106552124,
				"end":	3.999622106552124,
				"seconds":	1,
				"bytes":	1333608,
				"bits_per_second":	10668864,
				"packets":	921,
				"omitted":	false
			}
		}, {
			"streams":	[{
					"socket":	5,
					"start":	3.999622106552124,
					"end":	5.0016191005706787,
					"seconds":	1.0019969940185547,
					"bytes":	1406008,
					"bits_per_second":	11225646.45118258,
					"packets":	971,
					"omitted":	false
				}],
			"sum":	{
				"start":	3.999622106552124,
				"end":	5.0016191005706787,
				"seconds":	1.0019969940185547,
				"bytes":	1406008,
				"bits_per_second":	11225646.45118258,
				"packets":	971,
				"omitted":	false
			}
		}],
	"end":	{
		"streams":	[{
				"udp":	{
					"socket":	5,
					"start":	0,
					"end":	5.0016191005706787,
					"seconds":	5.0016191005706787,
					"bytes":	6811392,
					"bits_per_second":	10894699.277236572,
					"jitter_ms":	1.354726503299744,
					"lost_packets":	2,
					"packets":	4704,
					"lost_percent":	0.042517006802721087,
					"out_of_order":	0
				}
			}],
		"sum":	{
			"start":	0,
			"end":	5.0608131885528564,
			"seconds":	5.0608131885528564,
			"bytes":	6811392,
			"bits_per_second":	10894699.277236572,
			"jitter_ms":	1.354726503299744,
			"lost_packets":	2,
			"packets":	4704,
			"lost_percent":	0.042517006802721087
		},
		"cpu_utilization_percent":	{
			"host_total":	25.458614534722862,
			"host_user":	5.7266993284872365,
			"host_system":	19.634397697670526,
			"remote_total":	8.6575457108521,
			"remote_user":	1.9182205052017347,
			"remote_system":	6.71377176820607
		}
	}
}
