{
	"start":	{
		"connected":	[{
				"socket":	5,
				"local_host":	"10.120.137.14",
				"local_port":	42026,
				"remote_host":	"10.120.137.132",
				"remote_port":	5201
			}],
		"version":	"iperf 3.5",
		"system_info":	"Linux KN6GFJ-CHTEST-D 4.9.152 #0 Wed Jan 30 12:21:02 2019 mips",
		"timestamp":	{
			"time":	"Fri, 20 Mar 2020 11:02:25 GMT",
			"timesecs":	1584702145
		},
		"connecting_to":	{
			"host":	"10.120.137.132",
			"port":	5201
		},
		"cookie":	"t5fsxikjt5irv7uer4twk7vmaalyww5pepnq",
		"sock_bufsize":	0,
		"sndbuf_actual":	163840,
		"rcvbuf_actual":	163840,
		"test_start":	{
			"protocol":	"UDP",
			"num_streams":	1,
			"blksize":	1448,
			"omit":	1,
			"duration":	5,
			"bytes":	0,
			"blocks":	0,
			"reverse":	0,
			"tos":	117
		}
	},
	"intervals":	[{
			"streams":	[{
					"socket":	5,
					"start":	0,
					"end":	1.0001890659332275,
					"seconds":	1.0001890659332275,
					"bytes":	929616,
					"bits_per_second":	7435522.1960569685,
					"packets":	642,
					"omitted":	true
				}],
			"sum":	{
				"start":	0,
				"end":	1.0001890659332275,
				"seconds":	1.0001890659332275,
				"bytes":	929616,
				"bits_per_second":	7435522.1960569685,
				"packets":	642,
				"omitted":	true
			}
		}, {
			"streams":	[{
					"socket":	5,
					"start":	0.00060606002807617188,
					"end":	0.99943399429321289,
					"seconds":	1.0000400543212891,
					"bytes":	628432,
					"bits_per_second":	5027254.6367275789,
					"packets":	434,
					"omitted":	false
				}],
			"sum":	{
				"start":	0.00060606002807617188,
				"end":	0.99943399429321289,
				"seconds":	1.0000400543212891,
				"bytes":	628432,
				"bits_per_second":	5027254.6367275789,
				"packets":	434,
				"omitted":	false
			}
		}, {
			"streams":	[{
					"socket":	5,
					"start":	0.99943399429321289,
					"end":	1.9994039535522461,
					"seconds":	0.9999699592590332,
					"bytes":	628432,
					"bits_per_second":	5027607.0330405626,
					"packets":	434,
					"omitted":	false
				}],
			"sum":	{
				"start":	0.99943399429321289,
				"end":	1.9994039535522461,
				"seconds":	0.9999699592590332,
				"bytes":	628432,
				"bits_per_second":	5027607.0330405626,
				"packets":	434,
				"omitted":	false
			}
		}, {
			"streams":	[{
					"socket":	5,
					"start":	1.9994039535522461,
					"end":	2.9994518756866455,
					"seconds":	1.0000479221343994,
					"bytes":	767440,
					"bits_per_second":	6139225.7951963339,
					"packets":	530,
					"omitted":	false
				}],
			"sum":	{
				"start":	1.9994039535522461,
				"end":	2.9994518756866455,
				"seconds":	1.0000479221343994,
				"bytes":	767440,
				"bits_per_second":	6139225.7951963339,
				"packets":	530,
				"omitted":	false
			}
		}, {
			"streams":	[{
					"socket":	5,
					"start":	2.9994518756866455,
					"end":	3.9994368553161621,
					"seconds":	0.9999849796295166,
					"bytes":	522728,
					"bits_per_second":	4181886.8134892583,
					"packets":	361,
					"omitted":	false
				}],
			"sum":	{
				"start":	2.9994518756866455,
				"end":	3.9994368553161621,
				"seconds":	0.9999849796295166,
				"bytes":	522728,
				"bits_per_second":	4181886.8134892583,
				"packets":	361,
				"omitted":	false
			}
		}, {
			"streams":	[{
					"socket":	5,
					"start":	3.9994368553161621,
					"end":	4.9994549751281738,
					"seconds":	1.0000181198120117,
					"bytes":	425712,
					"bits_per_second":	3405634.2905468745,
					"packets":	294,
					"omitted":	false
				}],
			"sum":	{
				"start":	3.9994368553161621,
				"end":	4.9994549751281738,
				"seconds":	1.0000181198120117,
				"bytes":	425712,
				"bits_per_second":	3405634.2905468745,
				"packets":	294,
				"omitted":	false
			}
		}],
	"end":	{
		"streams":	[{
				"udp":	{
					"socket":	5,
					"start":	0,
					"end":	4.9994549751281738,
					"seconds":	4.9994549751281738,
					"bytes":	2972744,
					"bits_per_second":	4756908.9267356163,
					"jitter_ms":	5.9338243913647615,
					"lost_packets":	4,
					"packets":	2053,
					"lost_percent":	0.19483682415976619,
					"out_of_order":	0
				}
			}],
		"sum":	{
			"start":	0,
			"end":	5.1484320163726807,
			"seconds":	5.1484320163726807,
			"bytes":	2972744,
			"bits_per_second":	4756908.9267356163,
			"jitter_ms":	5.9338243913647615,
			"lost_packets":	4,
			"packets":	2053,
			"lost_percent":	0.19483682415976619
		},
		"cpu_utilization_percent":	{
			"host_total":	17.011888685733545,
			"host_user":	4.2620002353935513,
			"host_system":	12.786000706180655,
			"remote_total":	5.4078764757094273,
			"remote_user":	1.63340064758891,
			"remote_system":	3.6751514570750472
		}
	}
}
