{
	"start":	{
		"connected":	[{
				"socket":	5,
				"local_host":	"10.120.137.14",
				"local_port":	44783,
				"remote_host":	"10.120.137.132",
				"remote_port":	5201
			}],
		"version":	"iperf 3.5",
		"system_info":	"Linux KN6GFJ-CHTEST-D 4.9.152 #0 Wed Jan 30 12:21:02 2019 mips",
		"timestamp":	{
			"time":	"Fri, 20 Mar 2020 11:03:42 GMT",
			"timesecs":	1584702222
		},
		"connecting_to":	{
			"host":	"10.120.137.132",
			"port":	5201
		},
		"cookie":	"fury4n4wsldmnhh3257jexzpb3yb5h3pdocc",
		"sock_bufsize":	0,
		"sndbuf_actual":	163840,
		"rcvbuf_actual":	163840,
		"test_start":	{
			"protocol":	"UDP",
			"num_streams":	1,
			"blksize":	1448,
			"omit":	1,
			"duration":	5,
			"bytes":	0,
			"blocks":	0,
			"reverse":	0,
			"tos":	118
		}
	},
	"intervals":	[{
			"streams":	[{
					"socket":	5,
					"start":	0,
					"end":	1.000514030456543,
					"seconds":	1.000514030456543,
					"bytes":	725448,
					"bits_per_second":	5800602.3137444416,
					"packets":	501,
					"omitted":	true
				}],
			"sum":	{
				"start":	0,
				"end":	1.000514030456543,
				"seconds":	1.000514030456543,
				"bytes":	725448,
				"bits_per_second":	5800602.3137444416,
				"packets":	501,
				"omitted":	true
			}
		}, {
			"streams":	[{
					"socket":	5,
					"start":	0.00040006637573242188,
					"end":	0.99966883659362793,
					"seconds":	1.0000689029693604,
					"bytes":	863008,
					"bits_per_second":	6903588.3222653549,
					"packets":	596,
					"omitted":	false
				}],
			"sum":	{
				"start":	0.00040006637573242188,
				"end":	0.99966883659362793,
				"seconds":	1.0000689029693604,
				"bytes":	863008,
				"bits_per_second":	6903588.3222653549,
				"packets":	596,
				"omitted":	false
			}
		}, {
			"streams":	[{
					"socket":	5,
					"start":	0.99966883659362793,
					"end":	1.9996719360351562,
					"seconds":	1.0000030994415283,
					"bytes":	586440,
					"bits_per_second":	4691505.4589531505,
					"packets":	405,
					"omitted":	false
				}],
			"sum":	{
				"start":	0.99966883659362793,
				"end":	1.9996719360351562,
				"seconds":	1.0000030994415283,
				"bytes":	586440,
				"bits_per_second":	4691505.4589531505,
				"packets":	405,
				"omitted":	false
			}
		}, {
			"streams":	[{
					"socket":	5,
					"start":	1.9996719360351562,
					"end":	2.9996778964996338,
					"seconds":	1.0000059604644775,
					"bytes":	802192,
					"bits_per_second":	6417497.7487326339,
					"packets":	554,
					"omitted":	false
				}],
			"sum":	{
				"start":	1.9996719360351562,
				"end":	2.9996778964996338,
				"seconds":	1.0000059604644775,
				"bytes":	802192,
				"bits_per_second":	6417497.7487326339,
				"packets":	554,
				"omitted":	false
			}
		}, {
			"streams":	[{
					"socket":	5,
					"start":	2.9996778964996338,
					"end":	3.9996688365936279,
					"seconds":	0.99999094009399414,
					"bytes":	744272,
					"bits_per_second":	5954229.9447636371,
					"packets":	514,
					"omitted":	false
				}],
			"sum":	{
				"start":	2.9996778964996338,
				"end":	3.9996688365936279,
				"seconds":	0.99999094009399414,
				"bytes":	744272,
				"bits_per_second":	5954229.9447636371,
				"packets":	514,
				"omitted":	false
			}
		}, {
			"streams":	[{
					"socket":	5,
					"start":	3.9996688365936279,
					"end":	4.9992978572845459,
					"seconds":	0.999629020690918,
					"bytes":	621192,
					"bits_per_second":	4971380.27922117,
					"packets":	429,
					"omitted":	false
				}],
			"sum":	{
				"start":	3.9996688365936279,
				"end":	4.9992978572845459,
				"seconds":	0.999629020690918,
				"bytes":	621192,
				"bits_per_second":	4971380.27922117,
				"packets":	429,
				"omitted":	false
			}
		}],
	"end":	{
		"streams":	[{
				"udp":	{
					"socket":	5,
					"start":	0,
					"end":	4.9992978572845459,
					"seconds":	4.9992978572845459,
					"bytes":	3617104,
					"bits_per_second":	5788179.2255757963,
					"jitter_ms":	2.0520403997353425,
					"lost_packets":	6,
					"packets":	2498,
					"lost_percent":	0.24019215372297839,
					"out_of_order":	0
				}
			}],
		"sum":	{
			"start":	0,
			"end":	5.0841610431671143,
			"seconds":	5.0841610431671143,
			"bytes":	3617104,
			"bits_per_second":	5788179.2255757963,
			"jitter_ms":	2.0520403997353425,
			"lost_packets":	6,
			"packets":	2498,
			"lost_percent":	0.24019215372297839
		},
		"cpu_utilization_percent":	{
			"host_total":	17.90901182700609,
			"host_user":	3.7722035179241988,
			"host_system":	14.104760980064396,
			"remote_total":	5.5751021065693642,
			"remote_user":	1.5042821442529994,
			"remote_system":	4.1025876661445446
		}
	}
}
