{
	"start":	{
		"connected":	[{
				"socket":	5,
				"local_host":	"10.120.137.14",
				"local_port":	48981,
				"remote_host":	"10.120.137.132",
				"remote_port":	5201
			}],
		"version":	"iperf 3.5",
		"system_info":	"Linux KN6GFJ-CHTEST-D 4.9.152 #0 Wed Jan 30 12:21:02 2019 mips",
		"timestamp":	{
			"time":	"Fri, 20 Mar 2020 11:10:16 GMT",
			"timesecs":	1584702616
		},
		"connecting_to":	{
			"host":	"10.120.137.132",
			"port":	5201
		},
		"cookie":	"2mewqx34od6eqtndttnxfzwgcn7qer3ifye5",
		"sock_bufsize":	0,
		"sndbuf_actual":	163840,
		"rcvbuf_actual":	163840,
		"test_start":	{
			"protocol":	"UDP",
			"num_streams":	1,
			"blksize":	1448,
			"omit":	1,
			"duration":	5,
			"bytes":	0,
			"blocks":	0,
			"reverse":	0,
			"tos":	117
		}
	},
	"intervals":	[{
			"streams":	[{
					"socket":	5,
					"start":	0,
					"end":	1.0001649856567383,
					"seconds":	1.0001649856567383,
					"bytes":	250504,
					"bits_per_second":	2003701.4180056429,
					"packets":	173,
					"omitted":	true
				}],
			"sum":	{
				"start":	0,
				"end":	1.0001649856567383,
				"seconds":	1.0001649856567383,
				"bytes":	250504,
				"bits_per_second":	2003701.4180056429,
				"packets":	173,
				"omitted":	true
			}
		}, {
			"streams":	[{
					"socket":	5,
					"start":	0.00040698051452636719,
					"end":	1.0000748634338379,
					"seconds":	1.0004818439483643,
					"bytes":	250504,
					"bits_per_second":	2003066.8343676908,
					"packets":	173,
					"omitted":	false
				}],
			"sum":	{
				"start":	0.00040698051452636719,
				"end":	1.0000748634338379,
				"seconds":	1.0004818439483643,
				"bytes":	250504,
				"bits_per_second":	2003066.8343676908,
				"packets":	173,
				"omitted":	false
			}
		}, {
			"streams":	[{
					"socket":	5,
					"start":	1.0000748634338379,
					"end":	2.0000219345092773,
					"seconds":	0.99994707107543945,
					"bytes":	250504,
					"bits_per_second":	2004138.0768730796,
					"packets":	173,
					"omitted":	false
				}],
			"sum":	{
				"start":	1.0000748634338379,
				"end":	2.0000219345092773,
				"seconds":	0.99994707107543945,
				"bytes":	250504,
				"bits_per_second":	2004138.0768730796,
				"packets":	173,
				"omitted":	false
			}
		}, {
			"streams":	[{
					"socket":	5,
					"start":	2.0000219345092773,
					"end":	3.0000698566436768,
					"seconds":	1.0000479221343994,
					"bytes":	249056,
					"bits_per_second":	1992352.5222146595,
					"packets":	172,
					"omitted":	false
				}],
			"sum":	{
				"start":	2.0000219345092773,
				"end":	3.0000698566436768,
				"seconds":	1.0000479221343994,
				"bytes":	249056,
				"bits_per_second":	1992352.5222146595,
				"packets":	172,
				"omitted":	false
			}
		}, {
			"streams":	[{
					"socket":	5,
					"start":	3.0000698566436768,
					"end":	4.0000710487365723,
					"seconds":	1.0000011920928955,
					"bytes":	250504,
					"bits_per_second":	2004029.6110105384,
					"packets":	173,
					"omitted":	false
				}],
			"sum":	{
				"start":	3.0000698566436768,
				"end":	4.0000710487365723,
				"seconds":	1.0000011920928955,
				"bytes":	250504,
				"bits_per_second":	2004029.6110105384,
				"packets":	173,
				"omitted":	false
			}
		}, {
			"streams":	[{
					"socket":	5,
					"start":	4.0000710487365723,
					"end":	4.9996368885040283,
					"seconds":	0.999565839767456,
					"bytes":	249056,
					"bits_per_second":	1993313.4174168387,
					"packets":	172,
					"omitted":	false
				}],
			"sum":	{
				"start":	4.0000710487365723,
				"end":	4.9996368885040283,
				"seconds":	0.999565839767456,
				"bytes":	249056,
				"bits_per_second":	1993313.4174168387,
				"packets":	172,
				"omitted":	false
			}
		}],
	"end":	{
		"streams":	[{
				"udp":	{
					"socket":	5,
					"start":	0,
					"end":	4.9996368885040283,
					"seconds":	4.9996368885040283,
					"bytes":	1249624,
					"bits_per_second":	1999543.6114544033,
					"jitter_ms":	0.8134737714794712,
					"lost_packets":	0,
					"packets":	863,
					"lost_percent":	0,
					"out_of_order":	0
				}
			}],
		"sum":	{
			"start":	0,
			"end":	5.0408289432525635,
			"seconds":	5.0408289432525635,
			"bytes":	1249624,
			"bits_per_second":	1999543.6114544033,
			"jitter_ms":	0.8134737714794712,
			"lost_packets":	0,
			"packets":	863,
			"lost_percent":	0
		},
		"cpu_utilization_percent":	{
			"host_total":	11.409171124763402,
			"host_user":	1.9697644440774846,
			"host_system":	9.3563811093680513,
			"remote_total":	2.4725857402883227,
			"remote_user":	0,
			"remote_system":	2.4630346392981552
		}
	}
}
