{
	"start":	{
		"connected":	[{
				"socket":	5,
				"local_host":	"10.120.137.14",
				"local_port":	40060,
				"remote_host":	"10.120.137.132",
				"remote_port":	5201
			}],
		"version":	"iperf 3.5",
		"system_info":	"Linux KN6GFJ-CHTEST-D 4.9.152 #0 Wed Jan 30 12:21:02 2019 mips",
		"timestamp":	{
			"time":	"Fri, 20 Mar 2020 11:12:09 GMT",
			"timesecs":	1584702729
		},
		"connecting_to":	{
			"host":	"10.120.137.132",
			"port":	5201
		},
		"cookie":	"biqfalzvq7lj2djtzrbns7apevszcfxpedhv",
		"sock_bufsize":	0,
		"sndbuf_actual":	163840,
		"rcvbuf_actual":	163840,
		"test_start":	{
			"protocol":	"UDP",
			"num_streams":	1,
			"blksize":	1448,
			"omit":	1,
			"duration":	5,
			"bytes":	0,
			"blocks":	0,
			"reverse":	0,
			"tos":	118
		}
	},
	"intervals":	[{
			"streams":	[{
					"socket":	5,
					"start":	0,
					"end":	1.0001661777496338,
					"seconds":	1.0001661777496338,
					"bytes":	1403112,
					"bits_per_second":	11223030.981967347,
					"packets":	969,
					"omitted":	true
				}],
			"sum":	{
				"start":	0,
				"end":	1.0001661777496338,
				"seconds":	1.0001661777496338,
				"bytes":	1403112,
				"bits_per_second":	11223030.981967347,
				"packets":	969,
				"omitted":	true
			}
		}, {
			"streams":	[{
					"socket":	5,
					"start":	0.00038599967956542969,
					"end":	0.99969792366027832,
					"seconds":	1.0000839233398438,
					"bytes":	1240936,
					"bits_per_second":	9926654.9219654724,
					"packets":	857,
					"omitted":	false
				}],
			"sum":	{
				"start":	0.00038599967956542969,
				"end":	0.99969792366027832,
				"seconds":	1.0000839233398438,
				"bytes":	1240936,
				"bits_per_second":	9926654.9219654724,
				"packets":	857,
				"omitted":	false
			}
		}, {
			"streams":	[{
					"socket":	5,
					"start":	0.99969792366027832,
					"end":	1.9996929168701172,
					"seconds":	0.99999499320983887,
					"bytes":	748616,
					"bits_per_second":	5988957.9854559172,
					"packets":	517,
					"omitted":	false
				}],
			"sum":	{
				"start":	0.99969792366027832,
				"end":	1.9996929168701172,
				"seconds":	0.99999499320983887,
				"bytes":	748616,
				"bits_per_second":	5988957.9854559172,
				"packets":	517,
				"omitted":	false
			}
		}, {
			"streams":	[{
					"socket":	5,
					"start":	1.9996929168701172,
					"end":	2.9996519088745117,
					"seconds":	0.99995899200439453,
					"bytes":	935408,
					"bits_per_second":	7483570.8862420162,
					"packets":	646,
					"omitted":	false
				}],
			"sum":	{
				"start":	1.9996929168701172,
				"end":	2.9996519088745117,
				"seconds":	0.99995899200439453,
				"bytes":	935408,
				"bits_per_second":	7483570.8862420162,
				"packets":	646,
				"omitted":	false
			}
		}, {
			"streams":	[{
					"socket":	5,
					"start":	2.9996519088745117,
					"end":	3.9996838569641113,
					"seconds":	1.0000319480895996,
					"bytes":	1078760,
					"bits_per_second":	8629804.29423918,
					"packets":	745,
					"omitted":	false
				}],
			"sum":	{
				"start":	2.9996519088745117,
				"end":	3.9996838569641113,
				"seconds":	1.0000319480895996,
				"bytes":	1078760,
				"bits_per_second":	8629804.29423918,
				"packets":	745,
				"omitted":	false
			}
		}, {
			"streams":	[{
					"socket":	5,
					"start":	3.9996838569641113,
					"end":	4.9996609687805176,
					"seconds":	0.99997711181640625,
					"bytes":	1243832,
					"bits_per_second":	9950883.7576543652,
					"packets":	859,
					"omitted":	false
				}],
			"sum":	{
				"start":	3.9996838569641113,
				"end":	4.9996609687805176,
				"seconds":	0.99997711181640625,
				"bytes":	1243832,
				"bits_per_second":	9950883.7576543652,
				"packets":	859,
				"omitted":	false
			}
		}],
	"end":	{
		"streams":	[{
				"udp":	{
					"socket":	5,
					"start":	0,
					"end":	4.9996609687805176,
					"seconds":	4.9996609687805176,
					"bytes":	5247552,
					"bits_per_second":	8396652.5454704128,
					"jitter_ms":	1.2786791849042327,
					"lost_packets":	5,
					"packets":	3624,
					"lost_percent":	0.13796909492273732,
					"out_of_order":	0
				}
			}],
		"sum":	{
			"start":	0,
			"end":	5.0645501613616943,
			"seconds":	5.0645501613616943,
			"bytes":	5247552,
			"bits_per_second":	8396652.5454704128,
			"jitter_ms":	1.2786791849042327,
			"lost_packets":	5,
			"packets":	3624,
			"lost_percent":	0.13796909492273732
		},
		"cpu_utilization_percent":	{
			"host_total":	20.729566316237186,
			"host_user":	5.0868530938158472,
			"host_system":	15.588743352016305,
			"remote_total":	7.8973988230281371,
			"remote_user":	2.8929058647054049,
			"remote_system":	4.9592671966378372
		}
	}
}
