{
	"start":	{
		"connected":	[{
				"socket":	5,
				"local_host":	"10.120.137.14",
				"local_port":	38178,
				"remote_host":	"10.120.137.132",
				"remote_port":	5201
			}],
		"version":	"iperf 3.5",
		"system_info":	"Linux KN6GFJ-CHTEST-D 4.9.152 #0 Wed Jan 30 12:21:02 2019 mips",
		"timestamp":	{
			"time":	"Fri, 20 Mar 2020 11:18:10 GMT",
			"timesecs":	1584703090
		},
		"connecting_to":	{
			"host":	"10.120.137.132",
			"port":	5201
		},
		"cookie":	"o53v32u3gy6fflw3mfzyep7k7zq6csohjrah",
		"sock_bufsize":	0,
		"sndbuf_actual":	163840,
		"rcvbuf_actual":	163840,
		"test_start":	{
			"protocol":	"UDP",
			"num_streams":	1,
			"blksize":	1448,
			"omit":	1,
			"duration":	5,
			"bytes":	0,
			"blocks":	0,
			"reverse":	0,
			"tos":	118
		}
	},
	"intervals":	[{
			"streams":	[{
					"socket":	5,
					"start":	0,
					"end":	1.0001749992370605,
					"seconds":	1.0001749992370605,
					"bytes":	1362568,
					"bits_per_second":	10898636.746884296,
					"packets":	941,
					"omitted":	true
				}],
			"sum":	{
				"start":	0,
				"end":	1.0001749992370605,
				"seconds":	1.0001749992370605,
				"bytes":	1362568,
				"bits_per_second":	10898636.746884296,
				"packets":	941,
				"omitted":	true
			}
		}, {
			"streams":	[{
					"socket":	5,
					"start":	0.0004119873046875,
					"end":	1.0002341270446777,
					"seconds":	1.0006461143493652,
					"bytes":	1168536,
					"bits_per_second":	9342251.83703271,
					"packets":	807,
					"omitted":	false
				}],
			"sum":	{
				"start":	0.0004119873046875,
				"end":	1.0002341270446777,
				"seconds":	1.0006461143493652,
				"bytes":	1168536,
				"bits_per_second":	9342251.83703271,
				"packets":	807,
				"omitted":	false
			}
		}, {
			"streams":	[{
					"socket":	5,
					"start":	1.0002341270446777,
					"end":	1.9996740818023682,
					"seconds":	0.99943995475769043,
					"bytes":	1009256,
					"bits_per_second":	8078572.3660182422,
					"packets":	697,
					"omitted":	false
				}],
			"sum":	{
				"start":	1.0002341270446777,
				"end":	1.9996740818023682,
				"seconds":	0.99943995475769043,
				"bytes":	1009256,
				"bits_per_second":	8078572.3660182422,
				"packets":	697,
				"omitted":	false
			}
		}, {
			"streams":	[{
					"socket":	5,
					"start":	1.9996740818023682,
					"end":	2.9996161460876465,
					"seconds":	0.99994206428527832,
					"bytes":	1243832,
					"bits_per_second":	9951232.53176909,
					"packets":	859,
					"omitted":	false
				}],
			"sum":	{
				"start":	1.9996740818023682,
				"end":	2.9996161460876465,
				"seconds":	0.99994206428527832,
				"bytes":	1243832,
				"bits_per_second":	9951232.53176909,
				"packets":	859,
				"omitted":	false
			}
		}, {
			"streams":	[{
					"socket":	5,
					"start":	2.9996161460876465,
					"end":	4.000309944152832,
					"seconds":	1.0006937980651855,
					"bytes":	1213424,
					"bits_per_second":	9700661.6996817421,
					"packets":	838,
					"omitted":	false
				}],
			"sum":	{
				"start":	2.9996161460876465,
				"end":	4.000309944152832,
				"seconds":	1.0006937980651855,
				"bytes":	1213424,
				"bits_per_second":	9700661.6996817421,
				"packets":	838,
				"omitted":	false
			}
		}, {
			"streams":	[{
					"socket":	5,
					"start":	4.000309944152832,
					"end":	4.9996240139007568,
					"seconds":	0.9993140697479248,
					"bytes":	1197496,
					"bits_per_second":	9586543.7003369015,
					"packets":	827,
					"omitted":	false
				}],
			"sum":	{
				"start":	4.000309944152832,
				"end":	4.9996240139007568,
				"seconds":	0.9993140697479248,
				"bytes":	1197496,
				"bits_per_second":	9586543.7003369015,
				"packets":	827,
				"omitted":	false
			}
		}],
	"end":	{
		"streams":	[{
				"udp":	{
					"socket":	5,
					"start":	0,
					"end":	4.9996240139007568,
					"seconds":	4.9996240139007568,
					"bytes":	5832544,
					"bits_per_second":	9332772.19852281,
					"jitter_ms":	2.6472771140512692,
					"lost_packets":	2,
					"packets":	4028,
					"lost_percent":	0.049652432969215489,
					"out_of_order":	0
				}
			}],
		"sum":	{
			"start":	0,
			"end":	5.0689101219177246,
			"seconds":	5.0689101219177246,
			"bytes":	5832544,
			"bits_per_second":	9332772.19852281,
			"jitter_ms":	2.6472771140512692,
			"lost_packets":	2,
			"packets":	4028,
			"lost_percent":	0.049652432969215489
		},
		"cpu_utilization_percent":	{
			"host_total":	24.261739711158192,
			"host_user":	4.4183930173680483,
			"host_system":	19.800946485241994,
			"remote_total":	7.6733239993411306,
			"remote_user":	1.7844396859386153,
			"remote_system":	5.9023774227200354
		}
	}
}
