{
	"start":	{
		"connected":	[{
				"socket":	5,
				"local_host":	"10.120.137.14",
				"local_port":	55004,
				"remote_host":	"10.120.137.132",
				"remote_port":	5201
			}],
		"version":	"iperf 3.5",
		"system_info":	"Linux KN6GFJ-CHTEST-D 4.9.152 #0 Wed Jan 30 12:21:02 2019 mips",
		"timestamp":	{
			"time":	"Fri, 20 Mar 2020 11:09:25 GMT",
			"timesecs":	1584702565
		},
		"connecting_to":	{
			"host":	"10.120.137.132",
			"port":	5201
		},
		"cookie":	"mhzpa6seu4yraokqwf4ymsznecazb6v5m67s",
		"sock_bufsize":	0,
		"sndbuf_actual":	163840,
		"rcvbuf_actual":	163840,
		"test_start":	{
			"protocol":	"UDP",
			"num_streams":	1,
			"blksize":	1448,
			"omit":	1,
			"duration":	5,
			"bytes":	0,
			"blocks":	0,
			"reverse":	0,
			"tos":	118
		}
	},
	"intervals":	[{
			"streams":	[{
					"socket":	5,
					"start":	0,
					"end":	1.0001590251922607,
					"seconds":	1.0001590251922607,
					"bytes":	842736,
					"bits_per_second":	6740816.0404331759,
					"packets":	582,
					"omitted":	true
				}],
			"sum":	{
				"start":	0,
				"end":	1.0001590251922607,
				"seconds":	1.0001590251922607,
				"bytes":	842736,
				"bits_per_second":	6740816.0404331759,
				"packets":	582,
				"omitted":	true
			}
		}, {
			"streams":	[{
					"socket":	5,
					"start":	0.0004329681396484375,
					"end":	1.0002250671386719,
					"seconds":	1.0006580352783203,
					"bytes":	443088,
					"bits_per_second":	3542372.9936012411,
					"packets":	306,
					"omitted":	false
				}],
			"sum":	{
				"start":	0.0004329681396484375,
				"end":	1.0002250671386719,
				"seconds":	1.0006580352783203,
				"bytes":	443088,
				"bits_per_second":	3542372.9936012411,
				"packets":	306,
				"omitted":	false
			}
		}, {
			"streams":	[{
					"socket":	5,
					"start":	1.0002250671386719,
					"end":	2.0000731945037842,
					"seconds":	0.9998481273651123,
					"bytes":	419920,
					"bits_per_second":	3359870.272351143,
					"packets":	290,
					"omitted":	false
				}],
			"sum":	{
				"start":	1.0002250671386719,
				"end":	2.0000731945037842,
				"seconds":	0.9998481273651123,
				"bytes":	419920,
				"bits_per_second":	3359870.272351143,
				"packets":	290,
				"omitted":	false
			}
		}, {
			"streams":	[{
					"socket":	5,
					"start":	2.0000731945037842,
					"end":	3.0000720024108887,
					"seconds":	0.99999880790710449,
					"bytes":	661736,
					"bits_per_second":	5293894.3108137976,
					"packets":	457,
					"omitted":	false
				}],
			"sum":	{
				"start":	2.0000731945037842,
				"end":	3.0000720024108887,
				"seconds":	0.99999880790710449,
				"bytes":	661736,
				"bits_per_second":	5293894.3108137976,
				"packets":	457,
				"omitted":	false
			}
		}, {
			"streams":	[{
					"socket":	5,
					"start":	3.0000720024108887,
					"end":	4.0000941753387451,
					"seconds":	1.0000221729278564,
					"bytes":	582096,
					"bits_per_second":	4656664.7481084885,
					"packets":	402,
					"omitted":	false
				}],
			"sum":	{
				"start":	3.0000720024108887,
				"end":	4.0000941753387451,
				"seconds":	1.0000221729278564,
				"bytes":	582096,
				"bits_per_second":	4656664.7481084885,
				"packets":	402,
				"omitted":	false
			}
		}, {
			"streams":	[{
					"socket":	5,
					"start":	4.0000941753387451,
					"end":	4.999643087387085,
					"seconds":	0.99954891204833984,
					"bytes":	447432,
					"bits_per_second":	3581071.3781527197,
					"packets":	309,
					"omitted":	false
				}],
			"sum":	{
				"start":	4.0000941753387451,
				"end":	4.999643087387085,
				"seconds":	0.99954891204833984,
				"bytes":	447432,
				"bits_per_second":	3581071.3781527197,
				"packets":	309,
				"omitted":	false
			}
		}],
	"end":	{
		"streams":	[{
				"udp":	{
					"socket":	5,
					"start":	0,
					"end":	4.999643087387085,
					"seconds":	4.999643087387085,
					"bytes":	2554272,
					"bits_per_second":	4087126.9494317672,
					"jitter_ms":	12.552073951351096,
					"lost_packets":	24,
					"packets":	1764,
					"lost_percent":	1.3605442176870748,
					"out_of_order":	0
				}
			}],
		"sum":	{
			"start":	0,
			"end":	5.1056959629058838,
			"seconds":	5.1056959629058838,
			"bytes":	2554272,
			"bits_per_second":	4087126.9494317672,
			"jitter_ms":	12.552073951351096,
			"lost_packets":	24,
			"packets":	1764,
			"lost_percent":	1.3605442176870748
		},
		"cpu_utilization_percent":	{
			"host_total":	12.851515208232156,
			"host_user":	1.8059888560636732,
			"host_system":	11.000113941478737,
			"remote_total":	4.2758652231025218,
			"remote_user":	1.3693109750411581,
			"remote_system":	3.0124841450905477
		}
	}
}
