{
	"start":	{
		"connected":	[{
				"socket":	5,
				"local_host":	"10.120.137.14",
				"local_port":	46278,
				"remote_host":	"10.120.137.132",
				"remote_port":	5201
			}],
		"version":	"iperf 3.5",
		"system_info":	"Linux KN6GFJ-CHTEST-D 4.9.152 #0 Wed Jan 30 12:21:02 2019 mips",
		"timestamp":	{
			"time":	"Fri, 20 Mar 2020 11:02:02 GMT",
			"timesecs":	1584702122
		},
		"connecting_to":	{
			"host":	"10.120.137.132",
			"port":	5201
		},
		"cookie":	"wvght7ee5un4t3w3xir76p4vnpostffkzl5q",
		"sock_bufsize":	0,
		"sndbuf_actual":	163840,
		"rcvbuf_actual":	163840,
		"test_start":	{
			"protocol":	"UDP",
			"num_streams":	1,
			"blksize":	1448,
			"omit":	1,
			"duration":	5,
			"bytes":	0,
			"blocks":	0,
			"reverse":	0,
			"tos":	117
		}
	},
	"intervals":	[{
			"streams":	[{
					"socket":	5,
					"start":	0,
					"end":	1.000823974609375,
					"seconds":	1.000823974609375,
					"bytes":	738480,
					"bits_per_second":	5902976.09757585,
					"packets":	510,
					"omitted":	true
				}],
			"sum":	{
				"start":	0,
				"end":	1.000823974609375,
				"seconds":	1.000823974609375,
				"bytes":	738480,
				"bits_per_second":	5902976.09757585,
				"packets":	510,
				"omitted":	true
			}
		}, {
			"streams":	[{
					"socket":	5,
					"start":	0.00040602684020996094,
					"end":	0.999769926071167,
					"seconds":	1.000175952911377,
					"bytes":	761648,
					"bits_per_second":	6092112.0751439435,
					"packets":	526,
					"omitted":	false
				}],
			"sum":	{
				"start":	0.00040602684020996094,
				"end":	0.999769926071167,
				"seconds":	1.000175952911377,
				"bytes":	761648,
				"bits_per_second":	6092112.0751439435,
				"packets":	526,
				"omitted":	false
			}
		}, {
			"streams":	[{
					"socket":	5,
					"start":	0.999769926071167,
					"end":	2.0000448226928711,
					"seconds":	1.0002748966217041,
					"bytes":	706624,
					"bits_per_second":	5651438.4386654422,
					"packets":	488,
					"omitted":	false
				}],
			"sum":	{
				"start":	0.999769926071167,
				"end":	2.0000448226928711,
				"seconds":	1.0002748966217041,
				"bytes":	706624,
				"bits_per_second":	5651438.4386654422,
				"packets":	488,
				"omitted":	false
			}
		}, {
			"streams":	[{
					"socket":	5,
					"start":	2.0000448226928711,
					"end":	2.9996538162231445,
					"seconds":	0.99960899353027344,
					"bytes":	793504,
					"bits_per_second":	6350515.0924872588,
					"packets":	548,
					"omitted":	false
				}],
			"sum":	{
				"start":	2.0000448226928711,
				"end":	2.9996538162231445,
				"seconds":	0.99960899353027344,
				"bytes":	793504,
				"bits_per_second":	6350515.0924872588,
				"packets":	548,
				"omitted":	false
			}
		}, {
			"streams":	[{
					"socket":	5,
					"start":	2.9996538162231445,
					"end":	3.9996597766876221,
					"seconds":	1.0000059604644775,
					"bytes":	608160,
					"bits_per_second":	4865251.0008442355,
					"packets":	420,
					"omitted":	false
				}],
			"sum":	{
				"start":	2.9996538162231445,
				"end":	3.9996597766876221,
				"seconds":	1.0000059604644775,
				"bytes":	608160,
				"bits_per_second":	4865251.0008442355,
				"packets":	420,
				"omitted":	false
			}
		}, {
			"streams":	[{
					"socket":	5,
					"start":	3.9996597766876221,
					"end":	4.9996459484100342,
					"seconds":	0.99998617172241211,
					"bytes":	715312,
					"bits_per_second":	5722575.1333574615,
					"packets":	494,
					"omitted":	false
				}],
			"sum":	{
				"start":	3.9996597766876221,
				"end":	4.9996459484100342,
				"seconds":	0.99998617172241211,
				"bytes":	715312,
				"bits_per_second":	5722575.1333574615,
				"packets":	494,
				"omitted":	false
			}
		}],
	"end":	{
		"streams":	[{
				"udp":	{
					"socket":	5,
					"start":	0,
					"end":	4.9996459484100342,
					"seconds":	4.9996459484100342,
					"bytes":	3585248,
					"bits_per_second":	5736803.0248464532,
					"jitter_ms":	1.089380800412163,
					"lost_packets":	5,
					"packets":	2476,
					"lost_percent":	0.20193861066235863,
					"out_of_order":	0
				}
			}],
		"sum":	{
			"start":	0,
			"end":	5.0692601203918457,
			"seconds":	5.0692601203918457,
			"bytes":	3585248,
			"bits_per_second":	5736803.0248464532,
			"jitter_ms":	1.089380800412163,
			"lost_packets":	5,
			"packets":	2476,
			"lost_percent":	0.20193861066235863
		},
		"cpu_utilization_percent":	{
			"host_total":	19.479499871248318,
			"host_user":	6.3762737219862906,
			"host_system":	13.079535839971879,
			"remote_total":	5.8761252204353989,
			"remote_user":	1.3535061697548489,
			"remote_system":	4.4665703601910014
		}
	}
}
