{
	"start":	{
		"connected":	[{
				"socket":	5,
				"local_host":	"10.120.137.14",
				"local_port":	59532,
				"remote_host":	"10.120.137.132",
				"remote_port":	5201
			}],
		"version":	"iperf 3.5",
		"system_info":	"Linux KN6GFJ-CHTEST-D 4.9.152 #0 Wed Jan 30 12:21:02 2019 mips",
		"timestamp":	{
			"time":	"Fri, 20 Mar 2020 11:17:47 GMT",
			"timesecs":	1584703067
		},
		"connecting_to":	{
			"host":	"10.120.137.132",
			"port":	5201
		},
		"cookie":	"ah3f5izjnoqd55y474iibsdgx3rdpxsk54w7",
		"sock_bufsize":	0,
		"sndbuf_actual":	163840,
		"rcvbuf_actual":	163840,
		"test_start":	{
			"protocol":	"UDP",
			"num_streams":	1,
			"blksize":	1448,
			"omit":	1,
			"duration":	5,
			"bytes":	0,
			"blocks":	0,
			"reverse":	0,
			"tos":	118
		}
	},
	"intervals":	[{
			"streams":	[{
					"socket":	5,
					"start":	0,
					"end":	1.0006458759307861,
					"seconds":	1.0006458759307861,
					"bytes":	1245280,
					"bits_per_second":	9955809.7820902634,
					"packets":	860,
					"omitted":	true
				}],
			"sum":	{
				"start":	0,
				"end":	1.0006458759307861,
				"seconds":	1.0006458759307861,
				"bytes":	1245280,
				"bits_per_second":	9955809.7820902634,
				"packets":	860,
				"omitted":	true
			}
		}, {
			"streams":	[{
					"socket":	5,
					"start":	0.0016310214996337891,
					"end":	0.99889612197875977,
					"seconds":	1.0005271434783936,
					"bytes":	1349536,
					"bits_per_second":	10790599.805684479,
					"packets":	932,
					"omitted":	false
				}],
			"sum":	{
				"start":	0.0016310214996337891,
				"end":	0.99889612197875977,
				"seconds":	1.0005271434783936,
				"bytes":	1349536,
				"bits_per_second":	10790599.805684479,
				"packets":	932,
				"omitted":	false
			}
		}, {
			"streams":	[{
					"socket":	5,
					"start":	0.99889612197875977,
					"end":	1.9984390735626221,
					"seconds":	0.9995429515838623,
					"bytes":	1009256,
					"bits_per_second":	8077739.9182356019,
					"packets":	697,
					"omitted":	false
				}],
			"sum":	{
				"start":	0.99889612197875977,
				"end":	1.9984390735626221,
				"seconds":	0.9995429515838623,
				"bytes":	1009256,
				"bits_per_second":	8077739.9182356019,
				"packets":	697,
				"omitted":	false
			}
		}, {
			"streams":	[{
					"socket":	5,
					"start":	1.9984390735626221,
					"end":	2.9984729290008545,
					"seconds":	1.0000338554382324,
					"bytes":	1271344,
					"bits_per_second":	10170407.676391114,
					"packets":	878,
					"omitted":	false
				}],
			"sum":	{
				"start":	1.9984390735626221,
				"end":	2.9984729290008545,
				"seconds":	1.0000338554382324,
				"bytes":	1271344,
				"bits_per_second":	10170407.676391114,
				"packets":	878,
				"omitted":	false
			}
		}, {
			"streams":	[{
					"socket":	5,
					"start":	2.9984729290008545,
					"end":	3.9985780715942383,
					"seconds":	1.0001051425933838,
					"bytes":	1196048,
					"bits_per_second":	9567378.0610587765,
					"packets":	826,
					"omitted":	false
				}],
			"sum":	{
				"start":	2.9984729290008545,
				"end":	3.9985780715942383,
				"seconds":	1.0001051425933838,
				"bytes":	1196048,
				"bits_per_second":	9567378.0610587765,
				"packets":	826,
				"omitted":	false
			}
		}, {
			"streams":	[{
					"socket":	5,
					"start":	3.9985780715942383,
					"end":	4.9979729652404785,
					"seconds":	0.99939489364624023,
					"bytes":	1078760,
					"bits_per_second":	8635305.2780904286,
					"packets":	745,
					"omitted":	false
				}],
			"sum":	{
				"start":	3.9985780715942383,
				"end":	4.9979729652404785,
				"seconds":	0.99939489364624023,
				"bytes":	1078760,
				"bits_per_second":	8635305.2780904286,
				"packets":	745,
				"omitted":	false
			}
		}],
	"end":	{
		"streams":	[{
				"udp":	{
					"socket":	5,
					"start":	0,
					"end":	4.9979729652404785,
					"seconds":	4.9979729652404785,
					"bytes":	5904944,
					"bits_per_second":	9451742.2019962966,
					"jitter_ms":	1.4050822253978248,
					"lost_packets":	2,
					"packets":	4078,
					"lost_percent":	0.049043648847474253,
					"out_of_order":	0
				}
			}],
		"sum":	{
			"start":	0,
			"end":	5.0857918262481689,
			"seconds":	5.0857918262481689,
			"bytes":	5904944,
			"bits_per_second":	9451742.2019962966,
			"jitter_ms":	1.4050822253978248,
			"lost_packets":	2,
			"packets":	4078,
			"lost_percent":	0.049043648847474253
		},
		"cpu_utilization_percent":	{
			"host_total":	24.283881350568297,
			"host_user":	9.9765877289606433,
			"host_system":	14.392454428664536,
			"remote_total":	7.3652097017135372,
			"remote_user":	1.7848064370554373,
			"remote_system":	5.6290049168671485
		}
	}
}
