{
	"start":	{
		"connected":	[{
				"socket":	5,
				"local_host":	"10.120.137.14",
				"local_port":	41243,
				"remote_host":	"10.120.137.132",
				"remote_port":	5201
			}],
		"version":	"iperf 3.5",
		"system_info":	"Linux KN6GFJ-CHTEST-D 4.9.152 #0 Wed Jan 30 12:21:02 2019 mips",
		"timestamp":	{
			"time":	"Fri, 20 Mar 2020 11:04:50 GMT",
			"timesecs":	1584702290
		},
		"connecting_to":	{
			"host":	"10.120.137.132",
			"port":	5201
		},
		"cookie":	"twizcprwp5huvpqblhbk2ui6xamzzn6awilf",
		"sock_bufsize":	0,
		"sndbuf_actual":	163840,
		"rcvbuf_actual":	163840,
		"test_start":	{
			"protocol":	"UDP",
			"num_streams":	1,
			"blksize":	1448,
			"omit":	1,
			"duration":	5,
			"bytes":	0,
			"blocks":	0,
			"reverse":	0,
			"tos":	118
		}
	},
	"intervals":	[{
			"streams":	[{
					"socket":	5,
					"start":	0,
					"end":	1.0001890659332275,
					"seconds":	1.0001890659332275,
					"bytes":	780472,
					"bits_per_second":	6242595.7378110681,
					"packets":	539,
					"omitted":	true
				}],
			"sum":	{
				"start":	0,
				"end":	1.0001890659332275,
				"seconds":	1.0001890659332275,
				"bytes":	780472,
				"bits_per_second":	6242595.7378110681,
				"packets":	539,
				"omitted":	true
			}
		}, {
			"streams":	[{
					"socket":	5,
					"start":	0.00053811073303222656,
					"end":	0.99992990493774414,
					"seconds":	1.0004680156707764,
					"bytes":	567616,
					"bits_per_second":	4538803.7687096652,
					"packets":	392,
					"omitted":	false
				}],
			"sum":	{
				"start":	0.00053811073303222656,
				"end":	0.99992990493774414,
				"seconds":	1.0004680156707764,
				"bytes":	567616,
				"bits_per_second":	4538803.7687096652,
				"packets":	392,
				"omitted":	false
			}
		}, {
			"streams":	[{
					"socket":	5,
					"start":	0.99992990493774414,
					"end":	1.9994819164276123,
					"seconds":	0.99955201148986816,
					"bytes":	716760,
					"bits_per_second":	5736649.9532657117,
					"packets":	495,
					"omitted":	false
				}],
			"sum":	{
				"start":	0.99992990493774414,
				"end":	1.9994819164276123,
				"seconds":	0.99955201148986816,
				"bytes":	716760,
				"bits_per_second":	5736649.9532657117,
				"packets":	495,
				"omitted":	false
			}
		}, {
			"streams":	[{
					"socket":	5,
					"start":	1.9994819164276123,
					"end":	2.9995508193969727,
					"seconds":	1.0000689029693604,
					"bytes":	674768,
					"bits_per_second":	5397772.0774759315,
					"packets":	466,
					"omitted":	false
				}],
			"sum":	{
				"start":	1.9994819164276123,
				"end":	2.9995508193969727,
				"seconds":	1.0000689029693604,
				"bytes":	674768,
				"bits_per_second":	5397772.0774759315,
				"packets":	466,
				"omitted":	false
			}
		}, {
			"streams":	[{
					"socket":	5,
					"start":	2.9995508193969727,
					"end":	3.9998149871826172,
					"seconds":	1.0002641677856445,
					"bytes":	582096,
					"bits_per_second":	4655538.1567941364,
					"packets":	402,
					"omitted":	false
				}],
			"sum":	{
				"start":	2.9995508193969727,
				"end":	3.9998149871826172,
				"seconds":	1.0002641677856445,
				"bytes":	582096,
				"bits_per_second":	4655538.1567941364,
				"packets":	402,
				"omitted":	false
			}
		}, {
			"streams":	[{
					"socket":	5,
					"start":	3.9998149871826172,
					"end":	5.003464937210083,
					"seconds":	1.0036499500274658,
					"bytes":	626984,
					"bits_per_second":	4997630.8969703391,
					"packets":	433,
					"omitted":	false
				}],
			"sum":	{
				"start":	3.9998149871826172,
				"end":	5.003464937210083,
				"seconds":	1.0036499500274658,
				"bytes":	626984,
				"bits_per_second":	4997630.8969703391,
				"packets":	433,
				"omitted":	false
			}
		}],
	"end":	{
		"streams":	[{
				"udp":	{
					"socket":	5,
					"start":	0,
					"end":	5.003464937210083,
					"seconds":	5.003464937210083,
					"bytes":	3168224,
					"bits_per_second":	5065647.96957141,
					"jitter_ms":	1.2862769917823176,
					"lost_packets":	6,
					"packets":	2188,
					"lost_percent":	0.27422303473491771,
					"out_of_order":	0
				}
			}],
		"sum":	{
			"start":	0,
			"end":	5.0843300819396973,
			"seconds":	5.0843300819396973,
			"bytes":	3168224,
			"bits_per_second":	5065647.96957141,
			"jitter_ms":	1.2862769917823176,
			"lost_packets":	6,
			"packets":	2188,
			"lost_percent":	0.27422303473491771
		},
		"cpu_utilization_percent":	{
			"host_total":	16.933568385504781,
			"host_user":	3.6037547192806123,
			"host_system":	13.268369648260434,
			"remote_total":	4.7978184693687611,
			"remote_user":	1.358701190358113,
			"remote_system":	3.3967529758952821
		}
	}
}
