{
	"start":	{
		"connected":	[{
				"socket":	5,
				"local_host":	"10.120.137.14",
				"local_port":	50282,
				"remote_host":	"10.120.137.132",
				"remote_port":	5201
			}],
		"version":	"iperf 3.5",
		"system_info":	"Linux KN6GFJ-CHTEST-D 4.9.152 #0 Wed Jan 30 12:21:02 2019 mips",
		"timestamp":	{
			"time":	"Fri, 20 Mar 2020 11:11:02 GMT",
			"timesecs":	1584702662
		},
		"connecting_to":	{
			"host":	"10.120.137.132",
			"port":	5201
		},
		"cookie":	"muc2myprjxvfixdxh5ccewum5scxav5p2vjs",
		"sock_bufsize":	0,
		"sndbuf_actual":	163840,
		"rcvbuf_actual":	163840,
		"test_start":	{
			"protocol":	"UDP",
			"num_streams":	1,
			"blksize":	1448,
			"omit":	1,
			"duration":	5,
			"bytes":	0,
			"blocks":	0,
			"reverse":	0,
			"tos":	117
		}
	},
	"intervals":	[{
			"streams":	[{
					"socket":	5,
					"start":	0,
					"end":	1.00022292137146,
					"seconds":	1.00022292137146,
					"bytes":	1000568,
					"bits_per_second":	8002760.0137622673,
					"packets":	691,
					"omitted":	true
				}],
			"sum":	{
				"start":	0,
				"end":	1.00022292137146,
				"seconds":	1.00022292137146,
				"bytes":	1000568,
				"bits_per_second":	8002760.0137622673,
				"packets":	691,
				"omitted":	true
			}
		}, {
			"streams":	[{
					"socket":	5,
					"start":	0.00038003921508789062,
					"end":	0.9996650218963623,
					"seconds":	1.0000450611114502,
					"bytes":	999120,
					"bits_per_second":	7992599.8445676267,
					"packets":	690,
					"omitted":	false
				}],
			"sum":	{
				"start":	0.00038003921508789062,
				"end":	0.9996650218963623,
				"seconds":	1.0000450611114502,
				"bytes":	999120,
				"bits_per_second":	7992599.8445676267,
				"packets":	690,
				"omitted":	false
			}
		}, {
			"streams":	[{
					"socket":	5,
					"start":	0.9996650218963623,
					"end":	1.9997351169586182,
					"seconds":	1.0000700950622559,
					"bytes":	1000568,
					"bits_per_second":	8003982.960316102,
					"packets":	691,
					"omitted":	false
				}],
			"sum":	{
				"start":	0.9996650218963623,
				"end":	1.9997351169586182,
				"seconds":	1.0000700950622559,
				"bytes":	1000568,
				"bits_per_second":	8003982.960316102,
				"packets":	691,
				"omitted":	false
			}
		}, {
			"streams":	[{
					"socket":	5,
					"start":	1.9997351169586182,
					"end":	3.0003390312194824,
					"seconds":	1.0006039142608643,
					"bytes":	975952,
					"bits_per_second":	7802903.7151702577,
					"packets":	674,
					"omitted":	false
				}],
			"sum":	{
				"start":	1.9997351169586182,
				"end":	3.0003390312194824,
				"seconds":	1.0006039142608643,
				"bytes":	975952,
				"bits_per_second":	7802903.7151702577,
				"packets":	674,
				"omitted":	false
			}
		}, {
			"streams":	[{
					"socket":	5,
					"start":	3.0003390312194824,
					"end":	3.9996531009674072,
					"seconds":	0.9993140697479248,
					"bytes":	1023736,
					"bits_per_second":	8195509.5479300963,
					"packets":	707,
					"omitted":	false
				}],
			"sum":	{
				"start":	3.0003390312194824,
				"end":	3.9996531009674072,
				"seconds":	0.9993140697479248,
				"bytes":	1023736,
				"bits_per_second":	8195509.5479300963,
				"packets":	707,
				"omitted":	false
			}
		}, {
			"streams":	[{
					"socket":	5,
					"start":	3.9996531009674072,
					"end":	4.9998409748077393,
					"seconds":	1.000187873840332,
					"bytes":	1000568,
					"bits_per_second":	8003040.4380585691,
					"packets":	691,
					"omitted":	false
				}],
			"sum":	{
				"start":	3.9996531009674072,
				"end":	4.9998409748077393,
				"seconds":	1.000187873840332,
				"bytes":	1000568,
				"bits_per_second":	8003040.4380585691,
				"packets":	691,
				"omitted":	false
			}
		}],
	"end":	{
		"streams":	[{
				"udp":	{
					"socket":	5,
					"start":	0,
					"end":	4.9998409748077393,
					"seconds":	4.9998409748077393,
					"bytes":	4999944,
					"bits_per_second":	8000164.8455505362,
					"jitter_ms":	0.11468754816749363,
					"lost_packets":	1,
					"packets":	3453,
					"lost_percent":	0.028960324355632783,
					"out_of_order":	0
				}
			}],
		"sum":	{
			"start":	0,
			"end":	5.0507400035858154,
			"seconds":	5.0507400035858154,
			"bytes":	4999944,
			"bits_per_second":	8000164.8455505362,
			"jitter_ms":	0.11468754816749363,
			"lost_packets":	1,
			"packets":	3453,
			"lost_percent":	0.028960324355632783
		},
		"cpu_utilization_percent":	{
			"host_total":	25.039285755097847,
			"host_user":	2.6119762375461786,
			"host_system":	22.52829504883579,
			"remote_total":	8.5307866139755184,
			"remote_user":	2.6246420644384623,
			"remote_system":	5.8741989061241773
		}
	}
}
