{
	"start":	{
		"connected":	[{
				"socket":	5,
				"local_host":	"10.120.137.14",
				"local_port":	56864,
				"remote_host":	"10.120.137.132",
				"remote_port":	5201
			}],
		"version":	"iperf 3.5",
		"system_info":	"Linux KN6GFJ-CHTEST-D 4.9.152 #0 Wed Jan 30 12:21:02 2019 mips",
		"timestamp":	{
			"time":	"Fri, 20 Mar 2020 11:17:55 GMT",
			"timesecs":	1584703075
		},
		"connecting_to":	{
			"host":	"10.120.137.132",
			"port":	5201
		},
		"cookie":	"u7mppodhs6gq6feuyopfuiq7xdnql7366xmp",
		"sock_bufsize":	0,
		"sndbuf_actual":	163840,
		"rcvbuf_actual":	163840,
		"test_start":	{
			"protocol":	"UDP",
			"num_streams":	1,
			"blksize":	1448,
			"omit":	1,
			"duration":	5,
			"bytes":	0,
			"blocks":	0,
			"reverse":	0,
			"tos":	118
		}
	},
	"intervals":	[{
			"streams":	[{
					"socket":	5,
					"start":	0,
					"end":	1.0007369518280029,
					"seconds":	1.0007369518280029,
					"bytes":	1138128,
					"bits_per_second":	9098318.977198001,
					"packets":	786,
					"omitted":	true
				}],
			"sum":	{
				"start":	0,
				"end":	1.0007369518280029,
				"seconds":	1.0007369518280029,
				"bytes":	1138128,
				"bits_per_second":	9098318.977198001,
				"packets":	786,
				"omitted":	true
			}
		}, {
			"streams":	[{
					"socket":	5,
					"start":	0.00040102005004882812,
					"end":	0.9996640682220459,
					"seconds":	1.0000650882720947,
					"bytes":	1280032,
					"bits_per_second":	10239589.522811001,
					"packets":	884,
					"omitted":	false
				}],
			"sum":	{
				"start":	0.00040102005004882812,
				"end":	0.9996640682220459,
				"seconds":	1.0000650882720947,
				"bytes":	1280032,
				"bits_per_second":	10239589.522811001,
				"packets":	884,
				"omitted":	false
			}
		}, {
			"streams":	[{
					"socket":	5,
					"start":	0.9996640682220459,
					"end":	1.9999570846557617,
					"seconds":	1.0002930164337158,
					"bytes":	1188808,
					"bits_per_second":	9507678.0940719564,
					"packets":	821,
					"omitted":	false
				}],
			"sum":	{
				"start":	0.9996640682220459,
				"end":	1.9999570846557617,
				"seconds":	1.0002930164337158,
				"bytes":	1188808,
				"bits_per_second":	9507678.0940719564,
				"packets":	821,
				"omitted":	false
			}
		}, {
			"streams":	[{
					"socket":	5,
					"start":	1.9999570846557617,
					"end":	2.999614953994751,
					"seconds":	0.99965786933898926,
					"bytes":	1174328,
					"bits_per_second":	9397839.288968008,
					"packets":	811,
					"omitted":	false
				}],
			"sum":	{
				"start":	1.9999570846557617,
				"end":	2.999614953994751,
				"seconds":	0.99965786933898926,
				"bytes":	1174328,
				"bits_per_second":	9397839.288968008,
				"packets":	811,
				"omitted":	false
			}
		}, {
			"streams":	[{
					"socket":	5,
					"start":	2.999614953994751,
					"end":	3.9997949600219727,
					"seconds":	1.0001800060272217,
					"bytes":	1072968,
					"bits_per_second":	8582199.1524257474,
					"packets":	741,
					"omitted":	false
				}],
			"sum":	{
				"start":	2.999614953994751,
				"end":	3.9997949600219727,
				"seconds":	1.0001800060272217,
				"bytes":	1072968,
				"bits_per_second":	8582199.1524257474,
				"packets":	741,
				"omitted":	false
			}
		}, {
			"streams":	[{
					"socket":	5,
					"start":	3.9997949600219727,
					"end":	4.9996509552001953,
					"seconds":	0.99985599517822266,
					"bytes":	1287272,
					"bits_per_second":	10299659.200587548,
					"packets":	889,
					"omitted":	false
				}],
			"sum":	{
				"start":	3.9997949600219727,
				"end":	4.9996509552001953,
				"seconds":	0.99985599517822266,
				"bytes":	1287272,
				"bits_per_second":	10299659.200587548,
				"packets":	889,
				"omitted":	false
			}
		}],
	"end":	{
		"streams":	[{
				"udp":	{
					"socket":	5,
					"start":	0,
					"end":	4.9996509552001953,
					"seconds":	4.9996509552001953,
					"bytes":	6003408,
					"bits_per_second":	9606123.3934833556,
					"jitter_ms":	1.3333097458027297,
					"lost_packets":	0,
					"packets":	4146,
					"lost_percent":	0,
					"out_of_order":	0
				}
			}],
		"sum":	{
			"start":	0,
			"end":	5.08115291595459,
			"seconds":	5.08115291595459,
			"bytes":	6003408,
			"bits_per_second":	9606123.3934833556,
			"jitter_ms":	1.3333097458027297,
			"lost_packets":	0,
			"packets":	4146,
			"lost_percent":	0
		},
		"cpu_utilization_percent":	{
			"host_total":	24.356915129218891,
			"host_user":	3.4348455595297991,
			"host_system":	20.936201505705444,
			"remote_total":	7.4940107127130311,
			"remote_user":	1.7083151715338973,
			"remote_system":	5.7819898113454986
		}
	}
}
