{
	"start":	{
		"connected":	[{
				"socket":	5,
				"local_host":	"10.120.137.14",
				"local_port":	37995,
				"remote_host":	"10.120.137.132",
				"remote_port":	5201
			}],
		"version":	"iperf 3.5",
		"system_info":	"Linux KN6GFJ-CHTEST-D 4.9.152 #0 Wed Jan 30 12:21:02 2019 mips",
		"timestamp":	{
			"time":	"Fri, 20 Mar 2020 11:08:18 GMT",
			"timesecs":	1584702498
		},
		"connecting_to":	{
			"host":	"10.120.137.132",
			"port":	5201
		},
		"cookie":	"g3mrhkwvgkmsgrysrp2bqtghjo6qpta6q25g",
		"sock_bufsize":	0,
		"sndbuf_actual":	163840,
		"rcvbuf_actual":	163840,
		"test_start":	{
			"protocol":	"UDP",
			"num_streams":	1,
			"blksize":	1448,
			"omit":	1,
			"duration":	5,
			"bytes":	0,
			"blocks":	0,
			"reverse":	0,
			"tos":	118
		}
	},
	"intervals":	[{
			"streams":	[{
					"socket":	5,
					"start":	0,
					"end":	1.0007410049438477,
					"seconds":	1.0007410049438477,
					"bytes":	618296,
					"bits_per_second":	4942705.4308397649,
					"packets":	427,
					"omitted":	true
				}],
			"sum":	{
				"start":	0,
				"end":	1.0007410049438477,
				"seconds":	1.0007410049438477,
				"bytes":	618296,
				"bits_per_second":	4942705.4308397649,
				"packets":	427,
				"omitted":	true
			}
		}, {
			"streams":	[{
					"socket":	5,
					"start":	0.00040793418884277344,
					"end":	0.9996190071105957,
					"seconds":	1.0000269412994385,
					"bytes":	512592,
					"bits_per_second":	4100625.5238198778,
					"packets":	354,
					"omitted":	false
				}],
			"sum":	{
				"start":	0.00040793418884277344,
				"end":	0.9996190071105957,
				"seconds":	1.0000269412994385,
				"bytes":	512592,
				"bits_per_second":	4100625.5238198778,
				"packets":	354,
				"omitted":	false
			}
		}, {
			"streams":	[{
					"socket":	5,
					"start":	0.9996190071105957,
					"end":	1.9996199607849121,
					"seconds":	1.0000009536743164,
					"bytes":	629880,
					"bits_per_second":	5039035.1944015557,
					"packets":	435,
					"omitted":	false
				}],
			"sum":	{
				"start":	0.9996190071105957,
				"end":	1.9996199607849121,
				"seconds":	1.0000009536743164,
				"bytes":	629880,
				"bits_per_second":	5039035.1944015557,
				"packets":	435,
				"omitted":	false
			}
		}, {
			"streams":	[{
					"socket":	5,
					"start":	1.9996199607849121,
					"end":	2.9996190071105957,
					"seconds":	0.99999904632568359,
					"bytes":	613952,
					"bits_per_second":	4911620.6840864988,
					"packets":	424,
					"omitted":	false
				}],
			"sum":	{
				"start":	1.9996199607849121,
				"end":	2.9996190071105957,
				"seconds":	0.99999904632568359,
				"bytes":	613952,
				"bits_per_second":	4911620.6840864988,
				"packets":	424,
				"omitted":	false
			}
		}, {
			"streams":	[{
					"socket":	5,
					"start":	2.9996190071105957,
					"end":	3.9996509552001953,
					"seconds":	1.0000319480895996,
					"bytes":	648704,
					"bits_per_second":	5189466.2064686613,
					"packets":	448,
					"omitted":	false
				}],
			"sum":	{
				"start":	2.9996190071105957,
				"end":	3.9996509552001953,
				"seconds":	1.0000319480895996,
				"bytes":	648704,
				"bits_per_second":	5189466.2064686613,
				"packets":	448,
				"omitted":	false
			}
		}, {
			"streams":	[{
					"socket":	5,
					"start":	3.9996509552001953,
					"end":	4.9996330738067627,
					"seconds":	0.99998211860656738,
					"bytes":	476392,
					"bits_per_second":	3811204.1496408517,
					"packets":	329,
					"omitted":	false
				}],
			"sum":	{
				"start":	3.9996509552001953,
				"end":	4.9996330738067627,
				"seconds":	0.99998211860656738,
				"bytes":	476392,
				"bits_per_second":	3811204.1496408517,
				"packets":	329,
				"omitted":	false
			}
		}],
	"end":	{
		"streams":	[{
				"udp":	{
					"socket":	5,
					"start":	0,
					"end":	4.9996330738067627,
					"seconds":	4.9996330738067627,
					"bytes":	2881520,
					"bits_per_second":	4610770.3624834,
					"jitter_ms":	1.6968132169792218,
					"lost_packets":	16,
					"packets":	1990,
					"lost_percent":	0.8040201005025126,
					"out_of_order":	0
				}
			}],
		"sum":	{
			"start":	0,
			"end":	5.0882439613342285,
			"seconds":	5.0882439613342285,
			"bytes":	2881520,
			"bits_per_second":	4610770.3624834,
			"jitter_ms":	1.6968132169792218,
			"lost_packets":	16,
			"packets":	1990,
			"lost_percent":	0.8040201005025126
		},
		"cpu_utilization_percent":	{
			"host_total":	13.144493973687984,
			"host_user":	2.6131058363392219,
			"host_system":	10.452423345356888,
			"remote_total":	4.7889197365323728,
			"remote_user":	0.80112189109629128,
			"remote_system":	4.0056094554814559
		}
	}
}
