{
	"start":	{
		"connected":	[{
				"socket":	5,
				"local_host":	"10.120.137.14",
				"local_port":	46783,
				"remote_host":	"10.120.137.132",
				"remote_port":	5201
			}],
		"version":	"iperf 3.5",
		"system_info":	"Linux KN6GFJ-CHTEST-D 4.9.152 #0 Wed Jan 30 12:21:02 2019 mips",
		"timestamp":	{
			"time":	"Fri, 20 Mar 2020 11:20:53 GMT",
			"timesecs":	1584703253
		},
		"connecting_to":	{
			"host":	"10.120.137.132",
			"port":	5201
		},
		"cookie":	"fko2sefk67b3l5jlu273fmubaswbxhohyao5",
		"sock_bufsize":	0,
		"sndbuf_actual":	163840,
		"rcvbuf_actual":	163840,
		"test_start":	{
			"protocol":	"UDP",
			"num_streams":	1,
			"blksize":	1448,
			"omit":	1,
			"duration":	5,
			"bytes":	0,
			"blocks":	0,
			"reverse":	0,
			"tos":	118
		}
	},
	"intervals":	[{
			"streams":	[{
					"socket":	5,
					"start":	0,
					"end":	1.000175952911377,
					"seconds":	1.000175952911377,
					"bytes":	1419040,
					"bits_per_second":	11350322.87764461,
					"packets":	980,
					"omitted":	true
				}],
			"sum":	{
				"start":	0,
				"end":	1.000175952911377,
				"seconds":	1.000175952911377,
				"bytes":	1419040,
				"bits_per_second":	11350322.87764461,
				"packets":	980,
				"omitted":	true
			}
		}, {
			"streams":	[{
					"socket":	5,
					"start":	0.00039696693420410156,
					"end":	0.9997260570526123,
					"seconds":	1.0001230239868164,
					"bytes":	1485648,
					"bits_per_second":	11883722.017139234,
					"packets":	1026,
					"omitted":	false
				}],
			"sum":	{
				"start":	0.00039696693420410156,
				"end":	0.9997260570526123,
				"seconds":	1.0001230239868164,
				"bytes":	1485648,
				"bits_per_second":	11883722.017139234,
				"packets":	1026,
				"omitted":	false
			}
		}, {
			"streams":	[{
					"socket":	5,
					"start":	0.9997260570526123,
					"end":	2.0005230903625488,
					"seconds":	1.0007970333099365,
					"bytes":	1329264,
					"bits_per_second":	10625643.008582665,
					"packets":	918,
					"omitted":	false
				}],
			"sum":	{
				"start":	0.9997260570526123,
				"end":	2.0005230903625488,
				"seconds":	1.0007970333099365,
				"bytes":	1329264,
				"bits_per_second":	10625643.008582665,
				"packets":	918,
				"omitted":	false
			}
		}, {
			"streams":	[{
					"socket":	5,
					"start":	2.0005230903625488,
					"end":	2.9996209144592285,
					"seconds":	0.99909782409667969,
					"bytes":	1465376,
					"bits_per_second":	11733593.765554633,
					"packets":	1012,
					"omitted":	false
				}],
			"sum":	{
				"start":	2.0005230903625488,
				"end":	2.9996209144592285,
				"seconds":	0.99909782409667969,
				"bytes":	1465376,
				"bits_per_second":	11733593.765554633,
				"packets":	1012,
				"omitted":	false
			}
		}, {
			"streams":	[{
					"socket":	5,
					"start":	2.9996209144592285,
					"end":	4.000640869140625,
					"seconds":	1.0010199546813965,
					"bytes":	1442208,
					"bits_per_second":	11525908.096080057,
					"packets":	996,
					"omitted":	false
				}],
			"sum":	{
				"start":	2.9996209144592285,
				"end":	4.000640869140625,
				"seconds":	1.0010199546813965,
				"bytes":	1442208,
				"bits_per_second":	11525908.096080057,
				"packets":	996,
				"omitted":	false
			}
		}, {
			"streams":	[{
					"socket":	5,
					"start":	4.000640869140625,
					"end":	4.9996380805969238,
					"seconds":	0.99899721145629883,
					"bytes":	1540672,
					"bits_per_second":	12337748.152502399,
					"packets":	1064,
					"omitted":	false
				}],
			"sum":	{
				"start":	4.000640869140625,
				"end":	4.9996380805969238,
				"seconds":	0.99899721145629883,
				"bytes":	1540672,
				"bits_per_second":	12337748.152502399,
				"packets":	1064,
				"omitted":	false
			}
		}],
	"end":	{
		"streams":	[{
				"udp":	{
					"socket":	5,
					"start":	0,
					"end":	4.9996380805969238,
					"seconds":	4.9996380805969238,
					"bytes":	7263168,
					"bits_per_second":	11621910.03894878,
					"jitter_ms":	2.1122651231431213,
					"lost_packets":	0,
					"packets":	5016,
					"lost_percent":	0,
					"out_of_order":	0
				}
			}],
		"sum":	{
			"start":	0,
			"end":	5.0847311019897461,
			"seconds":	5.0847311019897461,
			"bytes":	7263168,
			"bits_per_second":	11621910.03894878,
			"jitter_ms":	2.1122651231431213,
			"lost_packets":	0,
			"packets":	5016,
			"lost_percent":	0
		},
		"cpu_utilization_percent":	{
			"host_total":	25.575831452273839,
			"host_user":	4.0871865557066362,
			"host_system":	21.416857551902773,
			"remote_total":	9.7648717555235667,
			"remote_user":	2.0570790054105292,
			"remote_system":	7.6797616201993089
		}
	}
}
