{
	"start":	{
		"connected":	[{
				"socket":	5,
				"local_host":	"10.120.137.14",
				"local_port":	56579,
				"remote_host":	"10.120.137.132",
				"remote_port":	5201
			}],
		"version":	"iperf 3.5",
		"system_info":	"Linux KN6GFJ-CHTEST-D 4.9.152 #0 Wed Jan 30 12:21:02 2019 mips",
		"timestamp":	{
			"time":	"Fri, 20 Mar 2020 11:02:18 GMT",
			"timesecs":	1584702138
		},
		"connecting_to":	{
			"host":	"10.120.137.132",
			"port":	5201
		},
		"cookie":	"7v4bk2q7l2hj4cyrdibfbtwmqe5hqwl7e64l",
		"sock_bufsize":	0,
		"sndbuf_actual":	163840,
		"rcvbuf_actual":	163840,
		"test_start":	{
			"protocol":	"UDP",
			"num_streams":	1,
			"blksize":	1448,
			"omit":	1,
			"duration":	5,
			"bytes":	0,
			"blocks":	0,
			"reverse":	0,
			"tos":	117
		}
	},
	"intervals":	[{
			"streams":	[{
					"socket":	5,
					"start":	0,
					"end":	1.0001609325408936,
					"seconds":	1.0001609325408936,
					"bytes":	550240,
					"bits_per_second":	4401211.7018178161,
					"packets":	380,
					"omitted":	true
				}],
			"sum":	{
				"start":	0,
				"end":	1.0001609325408936,
				"seconds":	1.0001609325408936,
				"bytes":	550240,
				"bits_per_second":	4401211.7018178161,
				"packets":	380,
				"omitted":	true
			}
		}, {
			"streams":	[{
					"socket":	5,
					"start":	0.00040197372436523438,
					"end":	0.99963092803955078,
					"seconds":	1.000032901763916,
					"bytes":	878936,
					"bits_per_second":	7031256.6592533644,
					"packets":	607,
					"omitted":	false
				}],
			"sum":	{
				"start":	0.00040197372436523438,
				"end":	0.99963092803955078,
				"seconds":	1.000032901763916,
				"bytes":	878936,
				"bits_per_second":	7031256.6592533644,
				"packets":	607,
				"omitted":	false
			}
		}, {
			"streams":	[{
					"socket":	5,
					"start":	0.99963092803955078,
					"end":	1.9996321201324463,
					"seconds":	1.0000011920928955,
					"bytes":	661736,
					"bits_per_second":	5293881.6892012488,
					"packets":	457,
					"omitted":	false
				}],
			"sum":	{
				"start":	0.99963092803955078,
				"end":	1.9996321201324463,
				"seconds":	1.0000011920928955,
				"bytes":	661736,
				"bits_per_second":	5293881.6892012488,
				"packets":	457,
				"omitted":	false
			}
		}, {
			"streams":	[{
					"socket":	5,
					"start":	1.9996321201324463,
					"end":	2.9997808933258057,
					"seconds":	1.0001487731933594,
					"bytes":	670424,
					"bits_per_second":	5362594.1897377027,
					"packets":	463,
					"omitted":	false
				}],
			"sum":	{
				"start":	1.9996321201324463,
				"end":	2.9997808933258057,
				"seconds":	1.0001487731933594,
				"bytes":	670424,
				"bits_per_second":	5362594.1897377027,
				"packets":	463,
				"omitted":	false
			}
		}, {
			"streams":	[{
					"socket":	5,
					"start":	2.9997808933258057,
					"end":	4.000093936920166,
					"seconds":	1.0003130435943604,
					"bytes":	570512,
					"bits_per_second":	4562667.686107669,
					"packets":	394,
					"omitted":	false
				}],
			"sum":	{
				"start":	2.9997808933258057,
				"end":	4.000093936920166,
				"seconds":	1.0003130435943604,
				"bytes":	570512,
				"bits_per_second":	4562667.686107669,
				"packets":	394,
				"omitted":	false
			}
		}, {
			"streams":	[{
					"socket":	5,
					"start":	4.000093936920166,
					"end":	4.9997870922088623,
					"seconds":	0.99969315528869629,
					"bytes":	739928,
					"bits_per_second":	5921240.9014549665,
					"packets":	511,
					"omitted":	false
				}],
			"sum":	{
				"start":	4.000093936920166,
				"end":	4.9997870922088623,
				"seconds":	0.99969315528869629,
				"bytes":	739928,
				"bits_per_second":	5921240.9014549665,
				"packets":	511,
				"omitted":	false
			}
		}],
	"end":	{
		"streams":	[{
				"udp":	{
					"socket":	5,
					"start":	0,
					"end":	4.9997870922088623,
					"seconds":	4.9997870922088623,
					"bytes":	3521536,
					"bits_per_second":	5634697.534201147,
					"jitter_ms":	1.6146237531236236,
					"lost_packets":	10,
					"packets":	2432,
					"lost_percent":	0.41118421052631576,
					"out_of_order":	0
				}
			}],
		"sum":	{
			"start":	0,
			"end":	5.0954420566558838,
			"seconds":	5.0954420566558838,
			"bytes":	3521536,
			"bits_per_second":	5634697.534201147,
			"jitter_ms":	1.6146237531236236,
			"lost_packets":	10,
			"packets":	2432,
			"lost_percent":	0.41118421052631576
		},
		"cpu_utilization_percent":	{
			"host_total":	17.394658709115074,
			"host_user":	3.7570550960695321,
			"host_system":	13.558068390163964,
			"remote_total":	5.59691218768076,
			"remote_user":	0.92974390204218249,
			"remote_system":	4.6487195102109125
		}
	}
}
