{
	"start":	{
		"connected":	[{
				"socket":	5,
				"local_host":	"10.120.137.14",
				"local_port":	59822,
				"remote_host":	"10.120.137.132",
				"remote_port":	5201
			}],
		"version":	"iperf 3.5",
		"system_info":	"Linux KN6GFJ-CHTEST-D 4.9.152 #0 Wed Jan 30 12:21:02 2019 mips",
		"timestamp":	{
			"time":	"Fri, 20 Mar 2020 11:12:17 GMT",
			"timesecs":	1584702737
		},
		"connecting_to":	{
			"host":	"10.120.137.132",
			"port":	5201
		},
		"cookie":	"4rc5744qca3hrfx6jxp7nxx73oabbqdy6hf2",
		"sock_bufsize":	0,
		"sndbuf_actual":	163840,
		"rcvbuf_actual":	163840,
		"test_start":	{
			"protocol":	"UDP",
			"num_streams":	1,
			"blksize":	1448,
			"omit":	1,
			"duration":	5,
			"bytes":	0,
			"blocks":	0,
			"reverse":	0,
			"tos":	118
		}
	},
	"intervals":	[{
			"streams":	[{
					"socket":	5,
					"start":	0,
					"end":	1.0002889633178711,
					"seconds":	1.0002889633178711,
					"bytes":	1057040,
					"bits_per_second":	8453877.1396128628,
					"packets":	730,
					"omitted":	true
				}],
			"sum":	{
				"start":	0,
				"end":	1.0002889633178711,
				"seconds":	1.0002889633178711,
				"bytes":	1057040,
				"bits_per_second":	8453877.1396128628,
				"packets":	730,
				"omitted":	true
			}
		}, {
			"streams":	[{
					"socket":	5,
					"start":	0.00045490264892578125,
					"end":	0.99961304664611816,
					"seconds":	1.0000679492950439,
					"bytes":	1146816,
					"bits_per_second":	9173904.6396469362,
					"packets":	792,
					"omitted":	false
				}],
			"sum":	{
				"start":	0.00045490264892578125,
				"end":	0.99961304664611816,
				"seconds":	1.0000679492950439,
				"bytes":	1146816,
				"bits_per_second":	9173904.6396469362,
				"packets":	792,
				"omitted":	false
			}
		}, {
			"streams":	[{
					"socket":	5,
					"start":	0.99961304664611816,
					"end":	1.9996190071105957,
					"seconds":	1.0000059604644775,
					"bytes":	1104824,
					"bits_per_second":	8838539.318200361,
					"packets":	763,
					"omitted":	false
				}],
			"sum":	{
				"start":	0.99961304664611816,
				"end":	1.9996190071105957,
				"seconds":	1.0000059604644775,
				"bytes":	1104824,
				"bits_per_second":	8838539.318200361,
				"packets":	763,
				"omitted":	false
			}
		}, {
			"streams":	[{
					"socket":	5,
					"start":	1.9996190071105957,
					"end":	2.9996130466461182,
					"seconds":	0.99999403953552246,
					"bytes":	1450896,
					"bits_per_second":	11607237.18452492,
					"packets":	1002,
					"omitted":	false
				}],
			"sum":	{
				"start":	1.9996190071105957,
				"end":	2.9996130466461182,
				"seconds":	0.99999403953552246,
				"bytes":	1450896,
				"bits_per_second":	11607237.18452492,
				"packets":	1002,
				"omitted":	false
			}
		}, {
			"streams":	[{
					"socket":	5,
					"start":	2.9996130466461182,
					"end":	3.9996130466461182,
					"seconds":	1,
					"bytes":	1253968,
					"bits_per_second":	10031744,
					"packets":	866,
					"omitted":	false
				}],
			"sum":	{
				"start":	2.9996130466461182,
				"end":	3.9996130466461182,
				"seconds":	1,
				"bytes":	1253968,
				"bits_per_second":	10031744,
				"packets":	866,
				"omitted":	false
			}
		}, {
			"streams":	[{
					"socket":	5,
					"start":	3.9996130466461182,
					"end":	4.9994850158691406,
					"seconds":	0.99987196922302246,
					"bytes":	1152608,
					"bits_per_second":	9222044.7055489738,
					"packets":	796,
					"omitted":	false
				}],
			"sum":	{
				"start":	3.9996130466461182,
				"end":	4.9994850158691406,
				"seconds":	0.99987196922302246,
				"bytes":	1152608,
				"bits_per_second":	9222044.7055489738,
				"packets":	796,
				"omitted":	false
			}
		}],
	"end":	{
		"streams":	[{
				"udp":	{
					"socket":	5,
					"start":	0,
					"end":	4.9994850158691406,
					"seconds":	4.9994850158691406,
					"bytes":	6109112,
					"bits_per_second":	9775586.0543375667,
					"jitter_ms":	3.1820387300771986,
					"lost_packets":	2,
					"packets":	4219,
					"lost_percent":	0.047404598246029862,
					"out_of_order":	0
				}
			}],
		"sum":	{
			"start":	0,
			"end":	5.0822439193725586,
			"seconds":	5.0822439193725586,
			"bytes":	6109112,
			"bits_per_second":	9775586.0543375667,
			"jitter_ms":	3.1820387300771986,
			"lost_packets":	2,
			"packets":	4219,
			"lost_percent":	0.047404598246029862
		},
		"cpu_utilization_percent":	{
			"host_total":	20.543419370023976,
			"host_user":	4.7368337663724978,
			"host_system":	15.843892253039046,
			"remote_total":	8.4238861603805937,
			"remote_user":	2.610647484544967,
			"remote_system":	5.7709049658362428
		}
	}
}
