{
	"start":	{
		"connected":	[{
				"socket":	5,
				"local_host":	"10.120.137.14",
				"local_port":	47833,
				"remote_host":	"10.120.137.132",
				"remote_port":	5201
			}],
		"version":	"iperf 3.5",
		"system_info":	"Linux KN6GFJ-CHTEST-D 4.9.152 #0 Wed Jan 30 12:21:02 2019 mips",
		"timestamp":	{
			"time":	"Fri, 20 Mar 2020 11:16:16 GMT",
			"timesecs":	1584702976
		},
		"connecting_to":	{
			"host":	"10.120.137.132",
			"port":	5201
		},
		"cookie":	"e44sk3m5bmyjdkzp23jcyht5x3wjzwyfhomu",
		"sock_bufsize":	0,
		"sndbuf_actual":	163840,
		"rcvbuf_actual":	163840,
		"test_start":	{
			"protocol":	"UDP",
			"num_streams":	1,
			"blksize":	1448,
			"omit":	1,
			"duration":	5,
			"bytes":	0,
			"blocks":	0,
			"reverse":	0,
			"tos":	118
		}
	},
	"intervals":	[{
			"streams":	[{
					"socket":	5,
					"start":	0,
					"end":	1.0005719661712646,
					"seconds":	1.0005719661712646,
					"bytes":	1517504,
					"bits_per_second":	12133092.281662056,
					"packets":	1048,
					"omitted":	true
				}],
			"sum":	{
				"start":	0,
				"end":	1.0005719661712646,
				"seconds":	1.0005719661712646,
				"bytes":	1517504,
				"bits_per_second":	12133092.281662056,
				"packets":	1048,
				"omitted":	true
			}
		}, {
			"streams":	[{
					"socket":	5,
					"start":	0.0022349357604980469,
					"end":	0.99783515930175781,
					"seconds":	1.0000700950622559,
					"bytes":	1311888,
					"bits_per_second":	10494368.396593904,
					"packets":	906,
					"omitted":	false
				}],
			"sum":	{
				"start":	0.0022349357604980469,
				"end":	0.99783515930175781,
				"seconds":	1.0000700950622559,
				"bytes":	1311888,
				"bits_per_second":	10494368.396593904,
				"packets":	906,
				"omitted":	false
			}
		}, {
			"streams":	[{
					"socket":	5,
					"start":	0.99783515930175781,
					"end":	1.9978601932525635,
					"seconds":	1.0000250339508057,
					"bytes":	1295960,
					"bits_per_second":	10367420.46250616,
					"packets":	895,
					"omitted":	false
				}],
			"sum":	{
				"start":	0.99783515930175781,
				"end":	1.9978601932525635,
				"seconds":	1.0000250339508057,
				"bytes":	1295960,
				"bits_per_second":	10367420.46250616,
				"packets":	895,
				"omitted":	false
			}
		}, {
			"streams":	[{
					"socket":	5,
					"start":	1.9978601932525635,
					"end":	3.0005261898040771,
					"seconds":	1.0026659965515137,
					"bytes":	1284376,
					"bits_per_second":	10247687.699930996,
					"packets":	887,
					"omitted":	false
				}],
			"sum":	{
				"start":	1.9978601932525635,
				"end":	3.0005261898040771,
				"seconds":	1.0026659965515137,
				"bytes":	1284376,
				"bits_per_second":	10247687.699930996,
				"packets":	887,
				"omitted":	false
			}
		}, {
			"streams":	[{
					"socket":	5,
					"start":	3.0005261898040771,
					"end":	3.9978420734405518,
					"seconds":	0.99731588363647461,
					"bytes":	1262656,
					"bits_per_second":	10128433.895154871,
					"packets":	872,
					"omitted":	false
				}],
			"sum":	{
				"start":	3.0005261898040771,
				"end":	3.9978420734405518,
				"seconds":	0.99731588363647461,
				"bytes":	1262656,
				"bits_per_second":	10128433.895154871,
				"packets":	872,
				"omitted":	false
			}
		}, {
			"streams":	[{
					"socket":	5,
					"start":	3.9978420734405518,
					"end":	4.9974021911621094,
					"seconds":	0.99956011772155762,
					"bytes":	1145368,
					"bits_per_second":	9166976.390461063,
					"packets":	791,
					"omitted":	false
				}],
			"sum":	{
				"start":	3.9978420734405518,
				"end":	4.9974021911621094,
				"seconds":	0.99956011772155762,
				"bytes":	1145368,
				"bits_per_second":	9166976.390461063,
				"packets":	791,
				"omitted":	false
			}
		}],
	"end":	{
		"streams":	[{
				"udp":	{
					"socket":	5,
					"start":	0,
					"end":	4.9974021911621094,
					"seconds":	4.9974021911621094,
					"bytes":	6300248,
					"bits_per_second":	10085636.911340807,
					"jitter_ms":	1.9347903969372402,
					"lost_packets":	0,
					"packets":	4351,
					"lost_percent":	0,
					"out_of_order":	0
				}
			}],
		"sum":	{
			"start":	0,
			"end":	5.0678229331970215,
			"seconds":	5.0678229331970215,
			"bytes":	6300248,
			"bits_per_second":	10085636.911340807,
			"jitter_ms":	1.9347903969372402,
			"lost_packets":	0,
			"packets":	4351,
			"lost_percent":	0
		},
		"cpu_utilization_percent":	{
			"host_total":	24.988686661077608,
			"host_user":	5.0809635145844139,
			"host_system":	19.996049960622532,
			"remote_total":	9.1549860123066917,
			"remote_user":	1.7509028261053148,
			"remote_system":	7.4076658027532547
		}
	}
}
