{
	"start":	{
		"connected":	[{
				"socket":	5,
				"local_host":	"10.120.137.14",
				"local_port":	46893,
				"remote_host":	"10.120.137.132",
				"remote_port":	5201
			}],
		"version":	"iperf 3.5",
		"system_info":	"Linux KN6GFJ-CHTEST-D 4.9.152 #0 Wed Jan 30 12:21:02 2019 mips",
		"timestamp":	{
			"time":	"Fri, 20 Mar 2020 11:20:46 GMT",
			"timesecs":	1584703246
		},
		"connecting_to":	{
			"host":	"10.120.137.132",
			"port":	5201
		},
		"cookie":	"ua2wvr6pth273qnrixj4vf23tgut6p2bcrdx",
		"sock_bufsize":	0,
		"sndbuf_actual":	163840,
		"rcvbuf_actual":	163840,
		"test_start":	{
			"protocol":	"UDP",
			"num_streams":	1,
			"blksize":	1448,
			"omit":	1,
			"duration":	5,
			"bytes":	0,
			"blocks":	0,
			"reverse":	0,
			"tos":	118
		}
	},
	"intervals":	[{
			"streams":	[{
					"socket":	5,
					"start":	0,
					"end":	1.0013961791992188,
					"seconds":	1.0013961791992188,
					"bytes":	1395872,
					"bits_per_second":	11151406.63800998,
					"packets":	964,
					"omitted":	true
				}],
			"sum":	{
				"start":	0,
				"end":	1.0013961791992188,
				"seconds":	1.0013961791992188,
				"bytes":	1395872,
				"bits_per_second":	11151406.63800998,
				"packets":	964,
				"omitted":	true
			}
		}, {
			"streams":	[{
					"socket":	5,
					"start":	0.0016298294067382812,
					"end":	0.99871206283569336,
					"seconds":	1.0003418922424316,
					"bytes":	1177224,
					"bits_per_second":	9414573.2304467056,
					"packets":	813,
					"omitted":	false
				}],
			"sum":	{
				"start":	0.0016298294067382812,
				"end":	0.99871206283569336,
				"seconds":	1.0003418922424316,
				"bytes":	1177224,
				"bits_per_second":	9414573.2304467056,
				"packets":	813,
				"omitted":	false
			}
		}, {
			"streams":	[{
					"socket":	5,
					"start":	0.99871206283569336,
					"end":	1.9987680912017822,
					"seconds":	1.0000560283660889,
					"bytes":	1352432,
					"bits_per_second":	10818849.837520642,
					"packets":	934,
					"omitted":	false
				}],
			"sum":	{
				"start":	0.99871206283569336,
				"end":	1.9987680912017822,
				"seconds":	1.0000560283660889,
				"bytes":	1352432,
				"bits_per_second":	10818849.837520642,
				"packets":	934,
				"omitted":	false
			}
		}, {
			"streams":	[{
					"socket":	5,
					"start":	1.9987680912017822,
					"end":	2.9985699653625488,
					"seconds":	0.9998018741607666,
					"bytes":	1404560,
					"bits_per_second":	11238706.678192515,
					"packets":	970,
					"omitted":	false
				}],
			"sum":	{
				"start":	1.9987680912017822,
				"end":	2.9985699653625488,
				"seconds":	0.9998018741607666,
				"bytes":	1404560,
				"bits_per_second":	11238706.678192515,
				"packets":	970,
				"omitted":	false
			}
		}, {
			"streams":	[{
					"socket":	5,
					"start":	2.9985699653625488,
					"end":	3.9984409809112549,
					"seconds":	0.999871015548706,
					"bytes":	1436416,
					"bits_per_second":	11492810.393842475,
					"packets":	992,
					"omitted":	false
				}],
			"sum":	{
				"start":	2.9985699653625488,
				"end":	3.9984409809112549,
				"seconds":	0.999871015548706,
				"bytes":	1436416,
				"bits_per_second":	11492810.393842475,
				"packets":	992,
				"omitted":	false
			}
		}, {
			"streams":	[{
					"socket":	5,
					"start":	3.9984409809112549,
					"end":	4.9971849918365479,
					"seconds":	0.998744010925293,
					"bytes":	1190256,
					"bits_per_second":	9534022.6282591037,
					"packets":	822,
					"omitted":	false
				}],
			"sum":	{
				"start":	3.9984409809112549,
				"end":	4.9971849918365479,
				"seconds":	0.998744010925293,
				"bytes":	1190256,
				"bits_per_second":	9534022.6282591037,
				"packets":	822,
				"omitted":	false
			}
		}],
	"end":	{
		"streams":	[{
				"udp":	{
					"socket":	5,
					"start":	0,
					"end":	4.9971849918365479,
					"seconds":	4.9971849918365479,
					"bytes":	6560888,
					"bits_per_second":	10503334.194300083,
					"jitter_ms":	2.0961468292306229,
					"lost_packets":	1,
					"packets":	4531,
					"lost_percent":	0.022070183182520416,
					"out_of_order":	0
				}
			}],
		"sum":	{
			"start":	0,
			"end":	5.067296028137207,
			"seconds":	5.067296028137207,
			"bytes":	6560888,
			"bits_per_second":	10503334.194300083,
			"jitter_ms":	2.0961468292306229,
			"lost_packets":	1,
			"packets":	4531,
			"lost_percent":	0.022070183182520416
		},
		"cpu_utilization_percent":	{
			"host_total":	25.148862941987115,
			"host_user":	4.74698333301414,
			"host_system":	20.297445975646667,
			"remote_total":	9.3220908713586272,
			"remote_user":	3.024581738152885,
			"remote_system":	6.3241254525014874
		}
	}
}
