{
	"start":	{
		"connected":	[{
				"socket":	5,
				"local_host":	"10.120.137.14",
				"local_port":	43650,
				"remote_host":	"10.120.137.132",
				"remote_port":	5201
			}],
		"version":	"iperf 3.5",
		"system_info":	"Linux KN6GFJ-CHTEST-D 4.9.152 #0 Wed Jan 30 12:21:02 2019 mips",
		"timestamp":	{
			"time":	"Fri, 20 Mar 2020 11:03:50 GMT",
			"timesecs":	1584702230
		},
		"connecting_to":	{
			"host":	"10.120.137.132",
			"port":	5201
		},
		"cookie":	"hfqnqblkzzf3j24fok5upyagcrhfnawts4xb",
		"sock_bufsize":	0,
		"sndbuf_actual":	163840,
		"rcvbuf_actual":	163840,
		"test_start":	{
			"protocol":	"UDP",
			"num_streams":	1,
			"blksize":	1448,
			"omit":	1,
			"duration":	5,
			"bytes":	0,
			"blocks":	0,
			"reverse":	0,
			"tos":	118
		}
	},
	"intervals":	[{
			"streams":	[{
					"socket":	5,
					"start":	0,
					"end":	1.0007679462432861,
					"seconds":	1.0007679462432861,
					"bytes":	695040,
					"bits_per_second":	5556053.2497793343,
					"packets":	480,
					"omitted":	true
				}],
			"sum":	{
				"start":	0,
				"end":	1.0007679462432861,
				"seconds":	1.0007679462432861,
				"bytes":	695040,
				"bits_per_second":	5556053.2497793343,
				"packets":	480,
				"omitted":	true
			}
		}, {
			"streams":	[{
					"socket":	5,
					"start":	0.0011088848114013672,
					"end":	0.99938416481018066,
					"seconds":	1.000493049621582,
					"bytes":	571960,
					"bits_per_second":	4573425.0744976848,
					"packets":	395,
					"omitted":	false
				}],
			"sum":	{
				"start":	0.0011088848114013672,
				"end":	0.99938416481018066,
				"seconds":	1.000493049621582,
				"bytes":	571960,
				"bits_per_second":	4573425.0744976848,
				"packets":	395,
				"omitted":	false
			}
		}, {
			"streams":	[{
					"socket":	5,
					"start":	0.99938416481018066,
					"end":	1.9993951320648193,
					"seconds":	1.0000109672546387,
					"bytes":	628432,
					"bits_per_second":	5027400.8632145626,
					"packets":	434,
					"omitted":	false
				}],
			"sum":	{
				"start":	0.99938416481018066,
				"end":	1.9993951320648193,
				"seconds":	1.0000109672546387,
				"bytes":	628432,
				"bits_per_second":	5027400.8632145626,
				"packets":	434,
				"omitted":	false
			}
		}, {
			"streams":	[{
					"socket":	5,
					"start":	1.9993951320648193,
					"end":	2.9989290237426758,
					"seconds":	0.99953389167785645,
					"bytes":	684904,
					"bits_per_second":	5481787.1065906007,
					"packets":	473,
					"omitted":	false
				}],
			"sum":	{
				"start":	1.9993951320648193,
				"end":	2.9989290237426758,
				"seconds":	0.99953389167785645,
				"bytes":	684904,
				"bits_per_second":	5481787.1065906007,
				"packets":	473,
				"omitted":	false
			}
		}, {
			"streams":	[{
					"socket":	5,
					"start":	2.9989290237426758,
					"end":	3.9989311695098877,
					"seconds":	1.0000021457672119,
					"bytes":	596576,
					"bits_per_second":	4772597.7591162128,
					"packets":	412,
					"omitted":	false
				}],
			"sum":	{
				"start":	2.9989290237426758,
				"end":	3.9989311695098877,
				"seconds":	1.0000021457672119,
				"bytes":	596576,
				"bits_per_second":	4772597.7591162128,
				"packets":	412,
				"omitted":	false
			}
		}, {
			"streams":	[{
					"socket":	5,
					"start":	3.9989311695098877,
					"end":	4.998913049697876,
					"seconds":	0.99998188018798828,
					"bytes":	583544,
					"bits_per_second":	4668436.5911934208,
					"packets":	403,
					"omitted":	false
				}],
			"sum":	{
				"start":	3.9989311695098877,
				"end":	4.998913049697876,
				"seconds":	0.99998188018798828,
				"bytes":	583544,
				"bits_per_second":	4668436.5911934208,
				"packets":	403,
				"omitted":	false
			}
		}],
	"end":	{
		"streams":	[{
				"udp":	{
					"socket":	5,
					"start":	0,
					"end":	4.998913049697876,
					"seconds":	4.998913049697876,
					"bytes":	3065416,
					"bits_per_second":	4905732.0573883839,
					"jitter_ms":	2.7307077821109624,
					"lost_packets":	15,
					"packets":	2117,
					"lost_percent":	0.70854983467170529,
					"out_of_order":	0
				}
			}],
		"sum":	{
			"start":	0,
			"end":	5.1074581146240234,
			"seconds":	5.1074581146240234,
			"bytes":	3065416,
			"bits_per_second":	4905732.0573883839,
			"jitter_ms":	2.7307077821109624,
			"lost_packets":	15,
			"packets":	2117,
			"lost_percent":	0.70854983467170529
		},
		"cpu_utilization_percent":	{
			"host_total":	16.841925228313674,
			"host_user":	2.1236201777894816,
			"host_system":	14.701985846234871,
			"remote_total":	4.3967938287536743,
			"remote_user":	1.5291511643657825,
			"remote_system":	2.930873065034417
		}
	}
}
