{
	"start":	{
		"connected":	[{
				"socket":	5,
				"local_host":	"10.120.137.14",
				"local_port":	49541,
				"remote_host":	"10.120.137.132",
				"remote_port":	5201
			}],
		"version":	"iperf 3.5",
		"system_info":	"Linux KN6GFJ-CHTEST-D 4.9.152 #0 Wed Jan 30 12:21:02 2019 mips",
		"timestamp":	{
			"time":	"Fri, 20 Mar 2020 11:06:55 GMT",
			"timesecs":	1584702415
		},
		"connecting_to":	{
			"host":	"10.120.137.132",
			"port":	5201
		},
		"cookie":	"73ua35td7amjoa7ypqmo4i7abrjzv5hc6bq2",
		"sock_bufsize":	0,
		"sndbuf_actual":	163840,
		"rcvbuf_actual":	163840,
		"test_start":	{
			"protocol":	"UDP",
			"num_streams":	1,
			"blksize":	1448,
			"omit":	1,
			"duration":	5,
			"bytes":	0,
			"blocks":	0,
			"reverse":	0,
			"tos":	118
		}
	},
	"intervals":	[{
			"streams":	[{
					"socket":	5,
					"start":	0,
					"end":	1.0007278919219971,
					"seconds":	1.0007278919219971,
					"bytes":	586440,
					"bits_per_second":	4688107.5643744385,
					"packets":	405,
					"omitted":	true
				}],
			"sum":	{
				"start":	0,
				"end":	1.0007278919219971,
				"seconds":	1.0007278919219971,
				"bytes":	586440,
				"bits_per_second":	4688107.5643744385,
				"packets":	405,
				"omitted":	true
			}
		}, {
			"streams":	[{
					"socket":	5,
					"start":	0.00086712837219238281,
					"end":	0.99917101860046387,
					"seconds":	1.0000381469726562,
					"bytes":	682008,
					"bits_per_second":	5455855.8756150967,
					"packets":	471,
					"omitted":	false
				}],
			"sum":	{
				"start":	0.00086712837219238281,
				"end":	0.99917101860046387,
				"seconds":	1.0000381469726562,
				"bytes":	682008,
				"bits_per_second":	5455855.8756150967,
				"packets":	471,
				"omitted":	false
			}
		}, {
			"streams":	[{
					"socket":	5,
					"start":	0.99917101860046387,
					"end":	1.9997251033782959,
					"seconds":	1.000554084777832,
					"bytes":	570512,
					"bits_per_second":	4561568.5043287138,
					"packets":	394,
					"omitted":	false
				}],
			"sum":	{
				"start":	0.99917101860046387,
				"end":	1.9997251033782959,
				"seconds":	1.000554084777832,
				"bytes":	570512,
				"bits_per_second":	4561568.5043287138,
				"packets":	394,
				"omitted":	false
			}
		}, {
			"streams":	[{
					"socket":	5,
					"start":	1.9997251033782959,
					"end":	2.9992020130157471,
					"seconds":	0.99947690963745117,
					"bytes":	511144,
					"bits_per_second":	4091292.1154759773,
					"packets":	353,
					"omitted":	false
				}],
			"sum":	{
				"start":	1.9997251033782959,
				"end":	2.9992020130157471,
				"seconds":	0.99947690963745117,
				"bytes":	511144,
				"bits_per_second":	4091292.1154759773,
				"packets":	353,
				"omitted":	false
			}
		}, {
			"streams":	[{
					"socket":	5,
					"start":	2.9992020130157471,
					"end":	3.9992029666900635,
					"seconds":	1.0000009536743164,
					"bytes":	590784,
					"bits_per_second":	4726267.4926800793,
					"packets":	408,
					"omitted":	false
				}],
			"sum":	{
				"start":	2.9992020130157471,
				"end":	3.9992029666900635,
				"seconds":	1.0000009536743164,
				"bytes":	590784,
				"bits_per_second":	4726267.4926800793,
				"packets":	408,
				"omitted":	false
			}
		}, {
			"streams":	[{
					"socket":	5,
					"start":	3.9992029666900635,
					"end":	4.9987790584564209,
					"seconds":	0.99957609176635742,
					"bytes":	618296,
					"bits_per_second":	4948465.6953521576,
					"packets":	427,
					"omitted":	false
				}],
			"sum":	{
				"start":	3.9992029666900635,
				"end":	4.9987790584564209,
				"seconds":	0.99957609176635742,
				"bytes":	618296,
				"bits_per_second":	4948465.6953521576,
				"packets":	427,
				"omitted":	false
			}
		}],
	"end":	{
		"streams":	[{
				"udp":	{
					"socket":	5,
					"start":	0,
					"end":	4.9987790584564209,
					"seconds":	4.9987790584564209,
					"bytes":	2972744,
					"bits_per_second":	4757552.1386103546,
					"jitter_ms":	3.0741793539756821,
					"lost_packets":	3,
					"packets":	2053,
					"lost_percent":	0.14612761811982464,
					"out_of_order":	0
				}
			}],
		"sum":	{
			"start":	0,
			"end":	5.1106669902801514,
			"seconds":	5.1106669902801514,
			"bytes":	2972744,
			"bits_per_second":	4757552.1386103546,
			"jitter_ms":	3.0741793539756821,
			"lost_packets":	3,
			"packets":	2053,
			"lost_percent":	0.14612761811982464
		},
		"cpu_utilization_percent":	{
			"host_total":	13.497825476130206,
			"host_user":	2.9490623210594995,
			"host_system":	10.485554919322666,
			"remote_total":	4.785976069503092,
			"remote_user":	1.7811749808489437,
			"remote_system":	3.0142961214366739
		}
	}
}
