{
	"start":	{
		"connected":	[{
				"socket":	5,
				"local_host":	"10.120.137.14",
				"local_port":	44305,
				"remote_host":	"10.120.137.132",
				"remote_port":	5201
			}],
		"version":	"iperf 3.5",
		"system_info":	"Linux KN6GFJ-CHTEST-D 4.9.152 #0 Wed Jan 30 12:21:02 2019 mips",
		"timestamp":	{
			"time":	"Fri, 20 Mar 2020 11:01:40 GMT",
			"timesecs":	1584702100
		},
		"connecting_to":	{
			"host":	"10.120.137.132",
			"port":	5201
		},
		"cookie":	"4fdc5y57o5el5nwjctv52kvaiue3ck6rtqeb",
		"sock_bufsize":	0,
		"sndbuf_actual":	163840,
		"rcvbuf_actual":	163840,
		"test_start":	{
			"protocol":	"UDP",
			"num_streams":	1,
			"blksize":	1448,
			"omit":	1,
			"duration":	5,
			"bytes":	0,
			"blocks":	0,
			"reverse":	0,
			"tos":	117
		}
	},
	"intervals":	[{
			"streams":	[{
					"socket":	5,
					"start":	0,
					"end":	1.0002021789550781,
					"seconds":	1.0002021789550781,
					"bytes":	375032,
					"bits_per_second":	2999649.5339916172,
					"packets":	259,
					"omitted":	true
				}],
			"sum":	{
				"start":	0,
				"end":	1.0002021789550781,
				"seconds":	1.0002021789550781,
				"bytes":	375032,
				"bits_per_second":	2999649.5339916172,
				"packets":	259,
				"omitted":	true
			}
		}, {
			"streams":	[{
					"socket":	5,
					"start":	0.0004138946533203125,
					"end":	0.99965190887451172,
					"seconds":	1.000065803527832,
					"bytes":	375032,
					"bits_per_second":	3000058.5855613672,
					"packets":	259,
					"omitted":	false
				}],
			"sum":	{
				"start":	0.0004138946533203125,
				"end":	0.99965190887451172,
				"seconds":	1.000065803527832,
				"bytes":	375032,
				"bits_per_second":	3000058.5855613672,
				"packets":	259,
				"omitted":	false
			}
		}, {
			"streams":	[{
					"socket":	5,
					"start":	0.99965190887451172,
					"end":	1.9999620914459229,
					"seconds":	1.0003101825714111,
					"bytes":	375032,
					"bits_per_second":	2999325.661453831,
					"packets":	259,
					"omitted":	false
				}],
			"sum":	{
				"start":	0.99965190887451172,
				"end":	1.9999620914459229,
				"seconds":	1.0003101825714111,
				"bytes":	375032,
				"bits_per_second":	2999325.661453831,
				"packets":	259,
				"omitted":	false
			}
		}, {
			"streams":	[{
					"socket":	5,
					"start":	1.9999620914459229,
					"end":	2.9996500015258789,
					"seconds":	0.999687910079956,
					"bytes":	375032,
					"bits_per_second":	3001192.6419716696,
					"packets":	259,
					"omitted":	false
				}],
			"sum":	{
				"start":	1.9999620914459229,
				"end":	2.9996500015258789,
				"seconds":	0.999687910079956,
				"bytes":	375032,
				"bits_per_second":	3001192.6419716696,
				"packets":	259,
				"omitted":	false
			}
		}, {
			"streams":	[{
					"socket":	5,
					"start":	2.9996500015258789,
					"end":	3.9996509552001953,
					"seconds":	1.0000009536743164,
					"bytes":	375032,
					"bits_per_second":	3000253.1387356389,
					"packets":	259,
					"omitted":	false
				}],
			"sum":	{
				"start":	2.9996500015258789,
				"end":	3.9996509552001953,
				"seconds":	1.0000009536743164,
				"bytes":	375032,
				"bits_per_second":	3000253.1387356389,
				"packets":	259,
				"omitted":	false
			}
		}, {
			"streams":	[{
					"socket":	5,
					"start":	3.9996509552001953,
					"end":	4.9996650218963623,
					"seconds":	1.000014066696167,
					"bytes":	375032,
					"bits_per_second":	3000213.7969040829,
					"packets":	259,
					"omitted":	false
				}],
			"sum":	{
				"start":	3.9996509552001953,
				"end":	4.9996650218963623,
				"seconds":	1.000014066696167,
				"bytes":	375032,
				"bits_per_second":	3000213.7969040829,
				"packets":	259,
				"omitted":	false
			}
		}],
	"end":	{
		"streams":	[{
				"udp":	{
					"socket":	5,
					"start":	0,
					"end":	4.9996650218963623,
					"seconds":	4.9996650218963623,
					"bytes":	1875160,
					"bits_per_second":	3000457.0174803524,
					"jitter_ms":	2.3425950749139108,
					"lost_packets":	0,
					"packets":	1295,
					"lost_percent":	0,
					"out_of_order":	0
				}
			}],
		"sum":	{
			"start":	0,
			"end":	5.05062198638916,
			"seconds":	5.05062198638916,
			"bytes":	1875160,
			"bits_per_second":	3000457.0174803524,
			"jitter_ms":	2.3425950749139108,
			"lost_packets":	0,
			"packets":	1295,
			"lost_percent":	0
		},
		"cpu_utilization_percent":	{
			"host_total":	18.39058062704855,
			"host_user":	1.1452403646837976,
			"host_system":	17.178605470256965,
			"remote_total":	3.8819732418313726,
			"remote_user":	1.3738483029676223,
			"remote_system":	2.47292694534172
		}
	}
}
