{
	"start":	{
		"connected":	[{
				"socket":	5,
				"local_host":	"10.120.137.14",
				"local_port":	32867,
				"remote_host":	"10.120.137.132",
				"remote_port":	5201
			}],
		"version":	"iperf 3.5",
		"system_info":	"Linux KN6GFJ-CHTEST-D 4.9.152 #0 Wed Jan 30 12:21:02 2019 mips",
		"timestamp":	{
			"time":	"Fri, 20 Mar 2020 11:07:40 GMT",
			"timesecs":	1584702460
		},
		"connecting_to":	{
			"host":	"10.120.137.132",
			"port":	5201
		},
		"cookie":	"tn3pqu253ftks3yohqbg6v5r4unfcsvzolwb",
		"sock_bufsize":	0,
		"sndbuf_actual":	163840,
		"rcvbuf_actual":	163840,
		"test_start":	{
			"protocol":	"UDP",
			"num_streams":	1,
			"blksize":	1448,
			"omit":	1,
			"duration":	5,
			"bytes":	0,
			"blocks":	0,
			"reverse":	0,
			"tos":	118
		}
	},
	"intervals":	[{
			"streams":	[{
					"socket":	5,
					"start":	0,
					"end":	1.0001959800720215,
					"seconds":	1.0001959800720215,
					"bytes":	496664,
					"bits_per_second":	3972533.4626058908,
					"packets":	343,
					"omitted":	true
				}],
			"sum":	{
				"start":	0,
				"end":	1.0001959800720215,
				"seconds":	1.0001959800720215,
				"bytes":	496664,
				"bits_per_second":	3972533.4626058908,
				"packets":	343,
				"omitted":	true
			}
		}, {
			"streams":	[{
					"socket":	5,
					"start":	0.00040793418884277344,
					"end":	1.0000889301300049,
					"seconds":	1.0004968643188477,
					"bytes":	460464,
					"bits_per_second":	3681882.6039079321,
					"packets":	318,
					"omitted":	false
				}],
			"sum":	{
				"start":	0.00040793418884277344,
				"end":	1.0000889301300049,
				"seconds":	1.0004968643188477,
				"bytes":	460464,
				"bits_per_second":	3681882.6039079321,
				"packets":	318,
				"omitted":	false
			}
		}, {
			"streams":	[{
					"socket":	5,
					"start":	1.0000889301300049,
					"end":	2.0000739097595215,
					"seconds":	0.9999849796295166,
					"bytes":	603816,
					"bits_per_second":	4830600.55741003,
					"packets":	417,
					"omitted":	false
				}],
			"sum":	{
				"start":	1.0000889301300049,
				"end":	2.0000739097595215,
				"seconds":	0.9999849796295166,
				"bytes":	603816,
				"bits_per_second":	4830600.55741003,
				"packets":	417,
				"omitted":	false
			}
		}, {
			"streams":	[{
					"socket":	5,
					"start":	2.0000739097595215,
					"end":	3.0000710487365723,
					"seconds":	0.99999713897705078,
					"bytes":	275120,
					"bits_per_second":	2200966.2970150863,
					"packets":	190,
					"omitted":	false
				}],
			"sum":	{
				"start":	2.0000739097595215,
				"end":	3.0000710487365723,
				"seconds":	0.99999713897705078,
				"bytes":	275120,
				"bits_per_second":	2200966.2970150863,
				"packets":	190,
				"omitted":	false
			}
		}, {
			"streams":	[{
					"socket":	5,
					"start":	3.0000710487365723,
					"end":	4.0000720024108887,
					"seconds":	1.0000009536743164,
					"bytes":	645808,
					"bits_per_second":	5166459.0728806751,
					"packets":	446,
					"omitted":	false
				}],
			"sum":	{
				"start":	3.0000710487365723,
				"end":	4.0000720024108887,
				"seconds":	1.0000009536743164,
				"bytes":	645808,
				"bits_per_second":	5166459.0728806751,
				"packets":	446,
				"omitted":	false
			}
		}, {
			"streams":	[{
					"socket":	5,
					"start":	4.0000720024108887,
					"end":	4.9996039867401123,
					"seconds":	0.99953198432922363,
					"bytes":	405440,
					"bits_per_second":	3245038.7289774376,
					"packets":	280,
					"omitted":	false
				}],
			"sum":	{
				"start":	4.0000720024108887,
				"end":	4.9996039867401123,
				"seconds":	0.99953198432922363,
				"bytes":	405440,
				"bits_per_second":	3245038.7289774376,
				"packets":	280,
				"omitted":	false
			}
		}],
	"end":	{
		"streams":	[{
				"udp":	{
					"socket":	5,
					"start":	0,
					"end":	4.9996039867401123,
					"seconds":	4.9996039867401123,
					"bytes":	2390648,
					"bits_per_second":	3825339.7770550577,
					"jitter_ms":	5.1216734010146627,
					"lost_packets":	6,
					"packets":	1651,
					"lost_percent":	0.36341611144760749,
					"out_of_order":	0
				}
			}],
		"sum":	{
			"start":	0,
			"end":	5.1123981475830078,
			"seconds":	5.1123981475830078,
			"bytes":	2390648,
			"bits_per_second":	3825339.7770550577,
			"jitter_ms":	5.1216734010146627,
			"lost_packets":	6,
			"packets":	1651,
			"lost_percent":	0.36341611144760749
		},
		"cpu_utilization_percent":	{
			"host_total":	11.776012776829388,
			"host_user":	2.6268152524714226,
			"host_system":	9.1938533836499783,
			"remote_total":	4.1614109089555917,
			"remote_user":	1.2312838021606021,
			"remote_system":	2.8729955383747381
		}
	}
}
