{
	"start":	{
		"connected":	[{
				"socket":	5,
				"local_host":	"10.120.137.14",
				"local_port":	55550,
				"remote_host":	"10.120.137.132",
				"remote_port":	5201
			}],
		"version":	"iperf 3.5",
		"system_info":	"Linux KN6GFJ-CHTEST-D 4.9.152 #0 Wed Jan 30 12:21:02 2019 mips",
		"timestamp":	{
			"time":	"Fri, 20 Mar 2020 11:04:20 GMT",
			"timesecs":	1584702260
		},
		"connecting_to":	{
			"host":	"10.120.137.132",
			"port":	5201
		},
		"cookie":	"bouc4imh5icvlopcsxzhaynmpg654r64qxlg",
		"sock_bufsize":	0,
		"sndbuf_actual":	163840,
		"rcvbuf_actual":	163840,
		"test_start":	{
			"protocol":	"UDP",
			"num_streams":	1,
			"blksize":	1448,
			"omit":	1,
			"duration":	5,
			"bytes":	0,
			"blocks":	0,
			"reverse":	0,
			"tos":	118
		}
	},
	"intervals":	[{
			"streams":	[{
					"socket":	5,
					"start":	0,
					"end":	1.0003519058227539,
					"seconds":	1.0003519058227539,
					"bytes":	838392,
					"bits_per_second":	6704776.5500917593,
					"packets":	579,
					"omitted":	true
				}],
			"sum":	{
				"start":	0,
				"end":	1.0003519058227539,
				"seconds":	1.0003519058227539,
				"bytes":	838392,
				"bits_per_second":	6704776.5500917593,
				"packets":	579,
				"omitted":	true
			}
		}, {
			"streams":	[{
					"socket":	5,
					"start":	0.00039005279541015625,
					"end":	0.99975490570068359,
					"seconds":	1.0001449584960938,
					"bytes":	739928,
					"bits_per_second":	5918566.053565844,
					"packets":	511,
					"omitted":	false
				}],
			"sum":	{
				"start":	0.00039005279541015625,
				"end":	0.99975490570068359,
				"seconds":	1.0001449584960938,
				"bytes":	739928,
				"bits_per_second":	5918566.053565844,
				"packets":	511,
				"omitted":	false
			}
		}, {
			"streams":	[{
					"socket":	5,
					"start":	0.99975490570068359,
					"end":	1.9997110366821289,
					"seconds":	0.99995613098144531,
					"bytes":	734136,
					"bits_per_second":	5873345.6579096448,
					"packets":	507,
					"omitted":	false
				}],
			"sum":	{
				"start":	0.99975490570068359,
				"end":	1.9997110366821289,
				"seconds":	0.99995613098144531,
				"bytes":	734136,
				"bits_per_second":	5873345.6579096448,
				"packets":	507,
				"omitted":	false
			}
		}, {
			"streams":	[{
					"socket":	5,
					"start":	1.9997110366821289,
					"end":	2.9996778964996338,
					"seconds":	0.99996685981750488,
					"bytes":	705176,
					"bits_per_second":	5641594.9634866538,
					"packets":	487,
					"omitted":	false
				}],
			"sum":	{
				"start":	1.9997110366821289,
				"end":	2.9996778964996338,
				"seconds":	0.99996685981750488,
				"bytes":	705176,
				"bits_per_second":	5641594.9634866538,
				"packets":	487,
				"omitted":	false
			}
		}, {
			"streams":	[{
					"socket":	5,
					"start":	2.9996778964996338,
					"end":	4.0015261173248291,
					"seconds":	1.0018482208251953,
					"bytes":	605264,
					"bits_per_second":	4833179.2175182812,
					"packets":	418,
					"omitted":	false
				}],
			"sum":	{
				"start":	2.9996778964996338,
				"end":	4.0015261173248291,
				"seconds":	1.0018482208251953,
				"bytes":	605264,
				"bits_per_second":	4833179.2175182812,
				"packets":	418,
				"omitted":	false
			}
		}, {
			"streams":	[{
					"socket":	5,
					"start":	4.0015261173248291,
					"end":	4.9998199939727783,
					"seconds":	0.99829387664794922,
					"bytes":	670424,
					"bits_per_second":	5372558.2470856057,
					"packets":	463,
					"omitted":	false
				}],
			"sum":	{
				"start":	4.0015261173248291,
				"end":	4.9998199939727783,
				"seconds":	0.99829387664794922,
				"bytes":	670424,
				"bits_per_second":	5372558.2470856057,
				"packets":	463,
				"omitted":	false
			}
		}],
	"end":	{
		"streams":	[{
				"udp":	{
					"socket":	5,
					"start":	0,
					"end":	4.9998199939727783,
					"seconds":	4.9998199939727783,
					"bytes":	3454928,
					"bits_per_second":	5528083.8176812334,
					"jitter_ms":	1.5652073839009824,
					"lost_packets":	6,
					"packets":	2386,
					"lost_percent":	0.25146689019279128,
					"out_of_order":	0
				}
			}],
		"sum":	{
			"start":	0,
			"end":	5.1053111553192139,
			"seconds":	5.1053111553192139,
			"bytes":	3454928,
			"bits_per_second":	5528083.8176812334,
			"jitter_ms":	1.5652073839009824,
			"lost_packets":	6,
			"packets":	2386,
			"lost_percent":	0.25146689019279128
		},
		"cpu_utilization_percent":	{
			"host_total":	17.400718482294682,
			"host_user":	2.4592082923192038,
			"host_system":	14.919196973403171,
			"remote_total":	5.3240847604715977,
			"remote_user":	1.9178436861503605,
			"remote_system":	3.4247208681256436
		}
	}
}
