{
	"start":	{
		"connected":	[{
				"socket":	5,
				"local_host":	"10.120.137.14",
				"local_port":	42366,
				"remote_host":	"10.120.137.132",
				"remote_port":	5201
			}],
		"version":	"iperf 3.5",
		"system_info":	"Linux KN6GFJ-CHTEST-D 4.9.152 #0 Wed Jan 30 12:21:02 2019 mips",
		"timestamp":	{
			"time":	"Fri, 20 Mar 2020 11:17:24 GMT",
			"timesecs":	1584703044
		},
		"connecting_to":	{
			"host":	"10.120.137.132",
			"port":	5201
		},
		"cookie":	"he7e6ewmmy3hxmxnmbp2q5lqu4iype6enkzo",
		"sock_bufsize":	0,
		"sndbuf_actual":	163840,
		"rcvbuf_actual":	163840,
		"test_start":	{
			"protocol":	"UDP",
			"num_streams":	1,
			"blksize":	1448,
			"omit":	1,
			"duration":	5,
			"bytes":	0,
			"blocks":	0,
			"reverse":	0,
			"tos":	118
		}
	},
	"intervals":	[{
			"streams":	[{
					"socket":	5,
					"start":	0,
					"end":	1.0001051425933838,
					"seconds":	1.0001051425933838,
					"bytes":	2887312,
					"bits_per_second":	23096067.619553514,
					"packets":	1994,
					"omitted":	true
				}],
			"sum":	{
				"start":	0,
				"end":	1.0001051425933838,
				"seconds":	1.0001051425933838,
				"bytes":	2887312,
				"bits_per_second":	23096067.619553514,
				"packets":	1994,
				"omitted":	true
			}
		}, {
			"streams":	[{
					"socket":	5,
					"start":	0.00059485435485839844,
					"end":	1.0000720024108887,
					"seconds":	1.0006668567657471,
					"bytes":	1702848,
					"bits_per_second":	13613705.608308211,
					"packets":	1177,
					"omitted":	false
				}],
			"sum":	{
				"start":	0.00059485435485839844,
				"end":	1.0000720024108887,
				"seconds":	1.0006668567657471,
				"bytes":	1702848,
				"bits_per_second":	13613705.608308211,
				"packets":	1177,
				"omitted":	false
			}
		}, {
			"streams":	[{
					"socket":	5,
					"start":	1.0000720024108887,
					"end":	2.0006370544433594,
					"seconds":	1.0005650520324707,
					"bytes":	1261208,
					"bits_per_second":	10083966.034496842,
					"packets":	871,
					"omitted":	false
				}],
			"sum":	{
				"start":	1.0000720024108887,
				"end":	2.0006370544433594,
				"seconds":	1.0005650520324707,
				"bytes":	1261208,
				"bits_per_second":	10083966.034496842,
				"packets":	871,
				"omitted":	false
			}
		}, {
			"streams":	[{
					"socket":	5,
					"start":	2.0006370544433594,
					"end":	3.0001001358032227,
					"seconds":	0.99946308135986328,
					"bytes":	1116408,
					"bits_per_second":	8936061.93822405,
					"packets":	771,
					"omitted":	false
				}],
			"sum":	{
				"start":	2.0006370544433594,
				"end":	3.0001001358032227,
				"seconds":	0.99946308135986328,
				"bytes":	1116408,
				"bits_per_second":	8936061.93822405,
				"packets":	771,
				"omitted":	false
			}
		}, {
			"streams":	[{
					"socket":	5,
					"start":	3.0001001358032227,
					"end":	4.000709056854248,
					"seconds":	1.0006089210510254,
					"bytes":	1003464,
					"bits_per_second":	8022826.7319142083,
					"packets":	693,
					"omitted":	false
				}],
			"sum":	{
				"start":	3.0001001358032227,
				"end":	4.000709056854248,
				"seconds":	1.0006089210510254,
				"bytes":	1003464,
				"bits_per_second":	8022826.7319142083,
				"packets":	693,
				"omitted":	false
			}
		}, {
			"streams":	[{
					"socket":	5,
					"start":	4.000709056854248,
					"end":	4.9995181560516357,
					"seconds":	0.9988090991973877,
					"bytes":	1120752,
					"bits_per_second":	8976706.3668170571,
					"packets":	774,
					"omitted":	false
				}],
			"sum":	{
				"start":	4.000709056854248,
				"end":	4.9995181560516357,
				"seconds":	0.9988090991973877,
				"bytes":	1120752,
				"bits_per_second":	8976706.3668170571,
				"packets":	774,
				"omitted":	false
			}
		}],
	"end":	{
		"streams":	[{
				"udp":	{
					"socket":	5,
					"start":	0,
					"end":	4.9995181560516357,
					"seconds":	4.9995181560516357,
					"bytes":	6204680,
					"bits_per_second":	9928444.7922079582,
					"jitter_ms":	0.98947665525424078,
					"lost_packets":	5,
					"packets":	4285,
					"lost_percent":	0.11668611435239207,
					"out_of_order":	0
				}
			}],
		"sum":	{
			"start":	0,
			"end":	5.0858821868896484,
			"seconds":	5.0858821868896484,
			"bytes":	6204680,
			"bits_per_second":	9928444.7922079582,
			"jitter_ms":	0.98947665525424078,
			"lost_packets":	5,
			"packets":	4285,
			"lost_percent":	0.11668611435239207
		},
		"cpu_utilization_percent":	{
			"host_total":	25.71694162822417,
			"host_user":	4.2618262810762948,
			"host_system":	21.473047800807485,
			"remote_total":	10.419504321131265,
			"remote_user":	3.149462681126626,
			"remote_system":	7.2574574825961369
		}
	}
}
