{
	"start":	{
		"connected":	[{
				"socket":	5,
				"local_host":	"10.120.137.14",
				"local_port":	56871,
				"remote_host":	"10.120.137.132",
				"remote_port":	5201
			}],
		"version":	"iperf 3.5",
		"system_info":	"Linux KN6GFJ-CHTEST-D 4.9.152 #0 Wed Jan 30 12:21:02 2019 mips",
		"timestamp":	{
			"time":	"Fri, 20 Mar 2020 11:17:09 GMT",
			"timesecs":	1584703029
		},
		"connecting_to":	{
			"host":	"10.120.137.132",
			"port":	5201
		},
		"cookie":	"435q2pbcidatzwrjmacew6w5lqncqxxv34bn",
		"sock_bufsize":	0,
		"sndbuf_actual":	163840,
		"rcvbuf_actual":	163840,
		"test_start":	{
			"protocol":	"UDP",
			"num_streams":	1,
			"blksize":	1448,
			"omit":	1,
			"duration":	5,
			"bytes":	0,
			"blocks":	0,
			"reverse":	0,
			"tos":	118
		}
	},
	"intervals":	[{
			"streams":	[{
					"socket":	5,
					"start":	0,
					"end":	1.0007669925689697,
					"seconds":	1.0007669925689697,
					"bytes":	1449448,
					"bits_per_second":	11586697.0894335,
					"packets":	1001,
					"omitted":	true
				}],
			"sum":	{
				"start":	0,
				"end":	1.0007669925689697,
				"seconds":	1.0007669925689697,
				"bytes":	1449448,
				"bits_per_second":	11586697.0894335,
				"packets":	1001,
				"omitted":	true
			}
		}, {
			"streams":	[{
					"socket":	5,
					"start":	0.00043511390686035156,
					"end":	1.0000720024108887,
					"seconds":	1.000507116317749,
					"bytes":	1142472,
					"bits_per_second":	9135143.4197068885,
					"packets":	789,
					"omitted":	false
				}],
			"sum":	{
				"start":	0.00043511390686035156,
				"end":	1.0000720024108887,
				"seconds":	1.000507116317749,
				"bytes":	1142472,
				"bits_per_second":	9135143.4197068885,
				"packets":	789,
				"omitted":	false
			}
		}, {
			"streams":	[{
					"socket":	5,
					"start":	1.0000720024108887,
					"end":	2.0000720024108887,
					"seconds":	1,
					"bytes":	945544,
					"bits_per_second":	7564352,
					"packets":	653,
					"omitted":	false
				}],
			"sum":	{
				"start":	1.0000720024108887,
				"end":	2.0000720024108887,
				"seconds":	1,
				"bytes":	945544,
				"bits_per_second":	7564352,
				"packets":	653,
				"omitted":	false
			}
		}, {
			"streams":	[{
					"socket":	5,
					"start":	2.0000720024108887,
					"end":	3.0002779960632324,
					"seconds":	1.0002059936523438,
					"bytes":	1252520,
					"bits_per_second":	10018096.335746268,
					"packets":	865,
					"omitted":	false
				}],
			"sum":	{
				"start":	2.0000720024108887,
				"end":	3.0002779960632324,
				"seconds":	1.0002059936523438,
				"bytes":	1252520,
				"bits_per_second":	10018096.335746268,
				"packets":	865,
				"omitted":	false
			}
		}, {
			"streams":	[{
					"socket":	5,
					"start":	3.0002779960632324,
					"end":	4.0000729560852051,
					"seconds":	0.99979496002197266,
					"bytes":	1107720,
					"bits_per_second":	8863577.38771282,
					"packets":	765,
					"omitted":	false
				}],
			"sum":	{
				"start":	3.0002779960632324,
				"end":	4.0000729560852051,
				"seconds":	0.99979496002197266,
				"bytes":	1107720,
				"bits_per_second":	8863577.38771282,
				"packets":	765,
				"omitted":	false
			}
		}, {
			"streams":	[{
					"socket":	5,
					"start":	4.0000729560852051,
					"end":	4.9996469020843506,
					"seconds":	0.99957394599914551,
					"bytes":	1379944,
					"bits_per_second":	11044257.450073071,
					"packets":	953,
					"omitted":	false
				}],
			"sum":	{
				"start":	4.0000729560852051,
				"end":	4.9996469020843506,
				"seconds":	0.99957394599914551,
				"bytes":	1379944,
				"bits_per_second":	11044257.450073071,
				"packets":	953,
				"omitted":	false
			}
		}],
	"end":	{
		"streams":	[{
				"udp":	{
					"socket":	5,
					"start":	0,
					"end":	4.9996469020843506,
					"seconds":	4.9996469020843506,
					"bytes":	5828200,
					"bits_per_second":	9325778.5825958643,
					"jitter_ms":	1.4080643684804093,
					"lost_packets":	3,
					"packets":	4025,
					"lost_percent":	0.074534161490683232,
					"out_of_order":	0
				}
			}],
		"sum":	{
			"start":	0,
			"end":	5.0636270046234131,
			"seconds":	5.0636270046234131,
			"bytes":	5828200,
			"bits_per_second":	9325778.5825958643,
			"jitter_ms":	1.4080643684804093,
			"lost_packets":	3,
			"packets":	4025,
			"lost_percent":	0.074534161490683232
		},
		"cpu_utilization_percent":	{
			"host_total":	24.454389785999957,
			"host_user":	3.7659344052820019,
			"host_system":	20.630771089805748,
			"remote_total":	8.2430977131947838,
			"remote_user":	2.6092227509941823,
			"remote_system":	5.6304280416190258
		}
	}
}
