{
	"start":	{
		"connected":	[{
				"socket":	5,
				"local_host":	"10.120.137.14",
				"local_port":	36339,
				"remote_host":	"10.120.137.132",
				"remote_port":	5201
			}],
		"version":	"iperf 3.5",
		"system_info":	"Linux KN6GFJ-CHTEST-D 4.9.152 #0 Wed Jan 30 12:21:02 2019 mips",
		"timestamp":	{
			"time":	"Fri, 20 Mar 2020 11:13:25 GMT",
			"timesecs":	1584702805
		},
		"connecting_to":	{
			"host":	"10.120.137.132",
			"port":	5201
		},
		"cookie":	"xy3tt2zv3cmdabpznwcebvjz6lqnq2xze2ks",
		"sock_bufsize":	0,
		"sndbuf_actual":	163840,
		"rcvbuf_actual":	163840,
		"test_start":	{
			"protocol":	"UDP",
			"num_streams":	1,
			"blksize":	1448,
			"omit":	1,
			"duration":	5,
			"bytes":	0,
			"blocks":	0,
			"reverse":	0,
			"tos":	118
		}
	},
	"intervals":	[{
			"streams":	[{
					"socket":	5,
					"start":	0,
					"end":	1.0001220703125,
					"seconds":	1.0001220703125,
					"bytes":	2416712,
					"bits_per_second":	19331336.217746858,
					"packets":	1669,
					"omitted":	true
				}],
			"sum":	{
				"start":	0,
				"end":	1.0001220703125,
				"seconds":	1.0001220703125,
				"bytes":	2416712,
				"bits_per_second":	19331336.217746858,
				"packets":	1669,
				"omitted":	true
			}
		}, {
			"streams":	[{
					"socket":	5,
					"start":	0.00040602684020996094,
					"end":	0.99971890449523926,
					"seconds":	1.0001249313354492,
					"bytes":	1329264,
					"bits_per_second":	10632783.632141294,
					"packets":	918,
					"omitted":	false
				}],
			"sum":	{
				"start":	0.00040602684020996094,
				"end":	0.99971890449523926,
				"seconds":	1.0001249313354492,
				"bytes":	1329264,
				"bits_per_second":	10632783.632141294,
				"packets":	918,
				"omitted":	false
			}
		}, {
			"streams":	[{
					"socket":	5,
					"start":	0.99971890449523926,
					"end":	1.999669075012207,
					"seconds":	0.99995017051696777,
					"bytes":	1012152,
					"bits_per_second":	8097619.500193486,
					"packets":	699,
					"omitted":	false
				}],
			"sum":	{
				"start":	0.99971890449523926,
				"end":	1.999669075012207,
				"seconds":	0.99995017051696777,
				"bytes":	1012152,
				"bits_per_second":	8097619.500193486,
				"packets":	699,
				"omitted":	false
			}
		}, {
			"streams":	[{
					"socket":	5,
					"start":	1.999669075012207,
					"end":	2.9996678829193115,
					"seconds":	0.99999880790710449,
					"bytes":	1029528,
					"bits_per_second":	8236233.81835582,
					"packets":	711,
					"omitted":	false
				}],
			"sum":	{
				"start":	1.999669075012207,
				"end":	2.9996678829193115,
				"seconds":	0.99999880790710449,
				"bytes":	1029528,
				"bits_per_second":	8236233.81835582,
				"packets":	711,
				"omitted":	false
			}
		}, {
			"streams":	[{
					"socket":	5,
					"start":	2.9996678829193115,
					"end":	3.9996268749237061,
					"seconds":	0.99995899200439453,
					"bytes":	790608,
					"bits_per_second":	6325123.380631797,
					"packets":	546,
					"omitted":	false
				}],
			"sum":	{
				"start":	2.9996678829193115,
				"end":	3.9996268749237061,
				"seconds":	0.99995899200439453,
				"bytes":	790608,
				"bits_per_second":	6325123.380631797,
				"packets":	546,
				"omitted":	false
			}
		}, {
			"streams":	[{
					"socket":	5,
					"start":	3.9996268749237061,
					"end":	4.9996860027313232,
					"seconds":	1.0000591278076172,
					"bytes":	502456,
					"bits_per_second":	4019410.3410786181,
					"packets":	347,
					"omitted":	false
				}],
			"sum":	{
				"start":	3.9996268749237061,
				"end":	4.9996860027313232,
				"seconds":	1.0000591278076172,
				"bytes":	502456,
				"bits_per_second":	4019410.3410786181,
				"packets":	347,
				"omitted":	false
			}
		}],
	"end":	{
		"streams":	[{
				"udp":	{
					"socket":	5,
					"start":	0,
					"end":	4.9996860027313232,
					"seconds":	4.9996860027313232,
					"bytes":	4664008,
					"bits_per_second":	7462881.4648792865,
					"jitter_ms":	4.1066643838359749,
					"lost_packets":	9,
					"packets":	3221,
					"lost_percent":	0.279416330332195,
					"out_of_order":	0
				}
			}],
		"sum":	{
			"start":	0,
			"end":	5.1239550113677979,
			"seconds":	5.1239550113677979,
			"bytes":	4664008,
			"bits_per_second":	7462881.4648792865,
			"jitter_ms":	4.1066643838359749,
			"lost_packets":	9,
			"packets":	3221,
			"lost_percent":	0.279416330332195
		},
		"cpu_utilization_percent":	{
			"host_total":	21.286854052358585,
			"host_user":	3.7731305204590622,
			"host_system":	17.553259377787811,
			"remote_total":	7.938811426431112,
			"remote_user":	2.4392170817830192,
			"remote_system":	5.4204824039622643
		}
	}
}
