{
	"start":	{
		"connected":	[{
				"socket":	5,
				"local_host":	"10.120.137.14",
				"local_port":	60171,
				"remote_host":	"10.120.137.132",
				"remote_port":	5201
			}],
		"version":	"iperf 3.5",
		"system_info":	"Linux KN6GFJ-CHTEST-D 4.9.152 #0 Wed Jan 30 12:21:02 2019 mips",
		"timestamp":	{
			"time":	"Fri, 20 Mar 2020 11:10:39 GMT",
			"timesecs":	1584702639
		},
		"connecting_to":	{
			"host":	"10.120.137.132",
			"port":	5201
		},
		"cookie":	"m6ou5bhvekdkkljjawafszpr2f2ji7qtvbqd",
		"sock_bufsize":	0,
		"sndbuf_actual":	163840,
		"rcvbuf_actual":	163840,
		"test_start":	{
			"protocol":	"UDP",
			"num_streams":	1,
			"blksize":	1448,
			"omit":	1,
			"duration":	5,
			"bytes":	0,
			"blocks":	0,
			"reverse":	0,
			"tos":	117
		}
	},
	"intervals":	[{
			"streams":	[{
					"socket":	5,
					"start":	0,
					"end":	1.0005919933319092,
					"seconds":	1.0005919933319092,
					"bytes":	625536,
					"bits_per_second":	5001327.2476187143,
					"packets":	432,
					"omitted":	true
				}],
			"sum":	{
				"start":	0,
				"end":	1.0005919933319092,
				"seconds":	1.0005919933319092,
				"bytes":	625536,
				"bits_per_second":	5001327.2476187143,
				"packets":	432,
				"omitted":	true
			}
		}, {
			"streams":	[{
					"socket":	5,
					"start":	0.00086307525634765625,
					"end":	0.9992368221282959,
					"seconds":	1.0000998973846436,
					"bytes":	625536,
					"bits_per_second":	5003788.1346520381,
					"packets":	432,
					"omitted":	false
				}],
			"sum":	{
				"start":	0.00086307525634765625,
				"end":	0.9992368221282959,
				"seconds":	1.0000998973846436,
				"bytes":	625536,
				"bits_per_second":	5003788.1346520381,
				"packets":	432,
				"omitted":	false
			}
		}, {
			"streams":	[{
					"socket":	5,
					"start":	0.9992368221282959,
					"end":	1.9994640350341797,
					"seconds":	1.0002272129058838,
					"bytes":	624088,
					"bits_per_second":	4991569.8509092527,
					"packets":	431,
					"omitted":	false
				}],
			"sum":	{
				"start":	0.9992368221282959,
				"end":	1.9994640350341797,
				"seconds":	1.0002272129058838,
				"bytes":	624088,
				"bits_per_second":	4991569.8509092527,
				"packets":	431,
				"omitted":	false
			}
		}, {
			"streams":	[{
					"socket":	5,
					"start":	1.9994640350341797,
					"end":	2.9995620250701904,
					"seconds":	1.0000979900360107,
					"bytes":	625536,
					"bits_per_second":	5003797.6776853735,
					"packets":	432,
					"omitted":	false
				}],
			"sum":	{
				"start":	1.9994640350341797,
				"end":	2.9995620250701904,
				"seconds":	1.0000979900360107,
				"bytes":	625536,
				"bits_per_second":	5003797.6776853735,
				"packets":	432,
				"omitted":	false
			}
		}, {
			"streams":	[{
					"socket":	5,
					"start":	2.9995620250701904,
					"end":	3.9992890357971191,
					"seconds":	0.99972701072692871,
					"bytes":	625536,
					"bits_per_second":	5005654.4899804657,
					"packets":	432,
					"omitted":	false
				}],
			"sum":	{
				"start":	2.9995620250701904,
				"end":	3.9992890357971191,
				"seconds":	0.99972701072692871,
				"bytes":	625536,
				"bits_per_second":	5005654.4899804657,
				"packets":	432,
				"omitted":	false
			}
		}, {
			"streams":	[{
					"socket":	5,
					"start":	3.9992890357971191,
					"end":	4.998898983001709,
					"seconds":	0.99960994720458984,
					"bytes":	624088,
					"bits_per_second":	4994652.1780441478,
					"packets":	431,
					"omitted":	false
				}],
			"sum":	{
				"start":	3.9992890357971191,
				"end":	4.998898983001709,
				"seconds":	0.99960994720458984,
				"bytes":	624088,
				"bits_per_second":	4994652.1780441478,
				"packets":	431,
				"omitted":	false
			}
		}],
	"end":	{
		"streams":	[{
				"udp":	{
					"socket":	5,
					"start":	0,
					"end":	4.998898983001709,
					"seconds":	4.998898983001709,
					"bytes":	3124784,
					"bits_per_second":	5000755.58338032,
					"jitter_ms":	1.243108561336441,
					"lost_packets":	0,
					"packets":	2158,
					"lost_percent":	0,
					"out_of_order":	0
				}
			}],
		"sum":	{
			"start":	0,
			"end":	5.0453000068664551,
			"seconds":	5.0453000068664551,
			"bytes":	3124784,
			"bits_per_second":	5000755.58338032,
			"jitter_ms":	1.243108561336441,
			"lost_packets":	0,
			"packets":	2158,
			"lost_percent":	0
		},
		"cpu_utilization_percent":	{
			"host_total":	22.258373820791842,
			"host_user":	3.4431828913816807,
			"host_system":	18.855525357566343,
			"remote_total":	6.4043368961339429,
			"remote_user":	1.9281459870943678,
			"remote_system":	4.5449155410081525
		}
	}
}
