{
	"start":	{
		"connected":	[{
				"socket":	5,
				"local_host":	"10.120.137.14",
				"local_port":	40696,
				"remote_host":	"10.120.137.132",
				"remote_port":	5201
			}],
		"version":	"iperf 3.5",
		"system_info":	"Linux KN6GFJ-CHTEST-D 4.9.152 #0 Wed Jan 30 12:21:02 2019 mips",
		"timestamp":	{
			"time":	"Fri, 20 Mar 2020 11:22:09 GMT",
			"timesecs":	1584703329
		},
		"connecting_to":	{
			"host":	"10.120.137.132",
			"port":	5201
		},
		"cookie":	"br3byv4kn62iosgvg67caizusiahj5ks73wc",
		"sock_bufsize":	0,
		"sndbuf_actual":	163840,
		"rcvbuf_actual":	163840,
		"test_start":	{
			"protocol":	"UDP",
			"num_streams":	1,
			"blksize":	1448,
			"omit":	1,
			"duration":	5,
			"bytes":	0,
			"blocks":	0,
			"reverse":	0,
			"tos":	118
		}
	},
	"intervals":	[{
			"streams":	[{
					"socket":	5,
					"start":	0,
					"end":	1.0001568794250488,
					"seconds":	1.0001568794250488,
					"bytes":	1278584,
					"bits_per_second":	10227067.583517563,
					"packets":	883,
					"omitted":	true
				}],
			"sum":	{
				"start":	0,
				"end":	1.0001568794250488,
				"seconds":	1.0001568794250488,
				"bytes":	1278584,
				"bits_per_second":	10227067.583517563,
				"packets":	883,
				"omitted":	true
			}
		}, {
			"streams":	[{
					"socket":	5,
					"start":	0.00039815902709960938,
					"end":	0.99963498115539551,
					"seconds":	1.0000331401824951,
					"bytes":	1329264,
					"bits_per_second":	10633759.595266404,
					"packets":	918,
					"omitted":	false
				}],
			"sum":	{
				"start":	0.00039815902709960938,
				"end":	0.99963498115539551,
				"seconds":	1.0000331401824951,
				"bytes":	1329264,
				"bits_per_second":	10633759.595266404,
				"packets":	918,
				"omitted":	false
			}
		}, {
			"streams":	[{
					"socket":	5,
					"start":	0.99963498115539551,
					"end":	2.0001809597015381,
					"seconds":	1.0005459785461426,
					"bytes":	1146816,
					"bits_per_second":	9169521.6379073132,
					"packets":	792,
					"omitted":	false
				}],
			"sum":	{
				"start":	0.99963498115539551,
				"end":	2.0001809597015381,
				"seconds":	1.0005459785461426,
				"bytes":	1146816,
				"bits_per_second":	9169521.6379073132,
				"packets":	792,
				"omitted":	false
			}
		}, {
			"streams":	[{
					"socket":	5,
					"start":	2.0001809597015381,
					"end":	3.0004539489746094,
					"seconds":	1.0002729892730713,
					"bytes":	1141024,
					"bits_per_second":	9125700.7815773711,
					"packets":	788,
					"omitted":	false
				}],
			"sum":	{
				"start":	2.0001809597015381,
				"end":	3.0004539489746094,
				"seconds":	1.0002729892730713,
				"bytes":	1141024,
				"bits_per_second":	9125700.7815773711,
				"packets":	788,
				"omitted":	false
			}
		}, {
			"streams":	[{
					"socket":	5,
					"start":	3.0004539489746094,
					"end":	3.9996390342712402,
					"seconds":	0.99918508529663086,
					"bytes":	1368360,
					"bits_per_second":	10955808.049066475,
					"packets":	945,
					"omitted":	false
				}],
			"sum":	{
				"start":	3.0004539489746094,
				"end":	3.9996390342712402,
				"seconds":	0.99918508529663086,
				"bytes":	1368360,
				"bits_per_second":	10955808.049066475,
				"packets":	945,
				"omitted":	false
			}
		}, {
			"streams":	[{
					"socket":	5,
					"start":	3.9996390342712402,
					"end":	5.0002288818359375,
					"seconds":	1.0005898475646973,
					"bytes":	1146816,
					"bits_per_second":	9169119.6171234213,
					"packets":	792,
					"omitted":	false
				}],
			"sum":	{
				"start":	3.9996390342712402,
				"end":	5.0002288818359375,
				"seconds":	1.0005898475646973,
				"bytes":	1146816,
				"bits_per_second":	9169119.6171234213,
				"packets":	792,
				"omitted":	false
			}
		}],
	"end":	{
		"streams":	[{
				"udp":	{
					"socket":	5,
					"start":	0,
					"end":	5.0002288818359375,
					"seconds":	5.0002288818359375,
					"bytes":	6132280,
					"bits_per_second":	9811198.8789575677,
					"jitter_ms":	1.481334534363532,
					"lost_packets":	9,
					"packets":	4235,
					"lost_percent":	0.21251475796930341,
					"out_of_order":	0
				}
			}],
		"sum":	{
			"start":	0,
			"end":	5.0680580139160156,
			"seconds":	5.0680580139160156,
			"bytes":	6132280,
			"bits_per_second":	9811198.8789575677,
			"jitter_ms":	1.481334534363532,
			"lost_packets":	9,
			"packets":	4235,
			"lost_percent":	0.21251475796930341
		},
		"cpu_utilization_percent":	{
			"host_total":	23.475763334347565,
			"host_user":	4.414440058525666,
			"host_system":	19.129240253611215,
			"remote_total":	7.9043079457623522,
			"remote_user":	1.7868278623642233,
			"remote_system":	6.1851733697223121
		}
	}
}
