{
	"start":	{
		"connected":	[{
				"socket":	5,
				"local_host":	"10.120.137.14",
				"local_port":	59253,
				"remote_host":	"10.120.137.132",
				"remote_port":	5201
			}],
		"version":	"iperf 3.5",
		"system_info":	"Linux KN6GFJ-CHTEST-D 4.9.152 #0 Wed Jan 30 12:21:02 2019 mips",
		"timestamp":	{
			"time":	"Fri, 20 Mar 2020 11:12:24 GMT",
			"timesecs":	1584702744
		},
		"connecting_to":	{
			"host":	"10.120.137.132",
			"port":	5201
		},
		"cookie":	"dkajpta7ohtd65vwb77iiqewdjvwo3o5s7hw",
		"sock_bufsize":	0,
		"sndbuf_actual":	163840,
		"rcvbuf_actual":	163840,
		"test_start":	{
			"protocol":	"UDP",
			"num_streams":	1,
			"blksize":	1448,
			"omit":	1,
			"duration":	5,
			"bytes":	0,
			"blocks":	0,
			"reverse":	0,
			"tos":	118
		}
	},
	"intervals":	[{
			"streams":	[{
					"socket":	5,
					"start":	0,
					"end":	1.0001630783081055,
					"seconds":	1.0001630783081055,
					"bytes":	2273360,
					"bits_per_second":	18183914.597972628,
					"packets":	1570,
					"omitted":	true
				}],
			"sum":	{
				"start":	0,
				"end":	1.0001630783081055,
				"seconds":	1.0001630783081055,
				"bytes":	2273360,
				"bits_per_second":	18183914.597972628,
				"packets":	1570,
				"omitted":	true
			}
		}, {
			"streams":	[{
					"socket":	5,
					"start":	0.00044083595275878906,
					"end":	1.0000741481781006,
					"seconds":	1.0005149841308594,
					"bytes":	1162744,
					"bits_per_second":	9297164.1080223732,
					"packets":	803,
					"omitted":	false
				}],
			"sum":	{
				"start":	0.00044083595275878906,
				"end":	1.0000741481781006,
				"seconds":	1.0005149841308594,
				"bytes":	1162744,
				"bits_per_second":	9297164.1080223732,
				"packets":	803,
				"omitted":	false
			}
		}, {
			"streams":	[{
					"socket":	5,
					"start":	1.0000741481781006,
					"end":	2.000075101852417,
					"seconds":	1.0000009536743164,
					"bytes":	755856,
					"bits_per_second":	6046842.2332818666,
					"packets":	522,
					"omitted":	false
				}],
			"sum":	{
				"start":	1.0000741481781006,
				"end":	2.000075101852417,
				"seconds":	1.0000009536743164,
				"bytes":	755856,
				"bits_per_second":	6046842.2332818666,
				"packets":	522,
				"omitted":	false
			}
		}, {
			"streams":	[{
					"socket":	5,
					"start":	2.000075101852417,
					"end":	3.0003490447998047,
					"seconds":	1.0002739429473877,
					"bytes":	712416,
					"bits_per_second":	5697767.1368769947,
					"packets":	492,
					"omitted":	false
				}],
			"sum":	{
				"start":	2.000075101852417,
				"end":	3.0003490447998047,
				"seconds":	1.0002739429473877,
				"bytes":	712416,
				"bits_per_second":	5697767.1368769947,
				"packets":	492,
				"omitted":	false
			}
		}, {
			"streams":	[{
					"socket":	5,
					"start":	3.0003490447998047,
					"end":	4.000150203704834,
					"seconds":	0.9998011589050293,
					"bytes":	891968,
					"bits_per_second":	7137163.1613379847,
					"packets":	616,
					"omitted":	false
				}],
			"sum":	{
				"start":	3.0003490447998047,
				"end":	4.000150203704834,
				"seconds":	0.9998011589050293,
				"bytes":	891968,
				"bits_per_second":	7137163.1613379847,
				"packets":	616,
				"omitted":	false
			}
		}, {
			"streams":	[{
					"socket":	5,
					"start":	4.000150203704834,
					"end":	4.9996020793914795,
					"seconds":	0.99945187568664551,
					"bytes":	1097584,
					"bits_per_second":	8785487.5393249765,
					"packets":	758,
					"omitted":	false
				}],
			"sum":	{
				"start":	4.000150203704834,
				"end":	4.9996020793914795,
				"seconds":	0.99945187568664551,
				"bytes":	1097584,
				"bits_per_second":	8785487.5393249765,
				"packets":	758,
				"omitted":	false
			}
		}],
	"end":	{
		"streams":	[{
				"udp":	{
					"socket":	5,
					"start":	0,
					"end":	4.9996020793914795,
					"seconds":	4.9996020793914795,
					"bytes":	4620568,
					"bits_per_second":	7393497.20498138,
					"jitter_ms":	1.1282016861634097,
					"lost_packets":	15,
					"packets":	3191,
					"lost_percent":	0.4700720777185835,
					"out_of_order":	0
				}
			}],
		"sum":	{
			"start":	0,
			"end":	5.0735478401184082,
			"seconds":	5.0735478401184082,
			"bytes":	4620568,
			"bits_per_second":	7393497.20498138,
			"jitter_ms":	1.1282016861634097,
			"lost_packets":	15,
			"packets":	3191,
			"lost_percent":	0.4700720777185835
		},
		"cpu_utilization_percent":	{
			"host_total":	21.123248185267272,
			"host_user":	5.896642664601095,
			"host_system":	15.232993550219495,
			"remote_total":	8.7574372381718515,
			"remote_user":	2.7474097420951527,
			"remote_system":	5.9069309455045786
		}
	}
}
