{
	"start":	{
		"connected":	[{
				"socket":	5,
				"local_host":	"10.120.137.14",
				"local_port":	44966,
				"remote_host":	"10.120.137.132",
				"remote_port":	5201
			}],
		"version":	"iperf 3.5",
		"system_info":	"Linux KN6GFJ-CHTEST-D 4.9.152 #0 Wed Jan 30 12:21:02 2019 mips",
		"timestamp":	{
			"time":	"Fri, 20 Mar 2020 11:16:32 GMT",
			"timesecs":	1584702992
		},
		"connecting_to":	{
			"host":	"10.120.137.132",
			"port":	5201
		},
		"cookie":	"fu4jg6ddow4rlnh2vakxlyhwjgft4m5p3nyq",
		"sock_bufsize":	0,
		"sndbuf_actual":	163840,
		"rcvbuf_actual":	163840,
		"test_start":	{
			"protocol":	"UDP",
			"num_streams":	1,
			"blksize":	1448,
			"omit":	1,
			"duration":	5,
			"bytes":	0,
			"blocks":	0,
			"reverse":	0,
			"tos":	118
		}
	},
	"intervals":	[{
			"streams":	[{
					"socket":	5,
					"start":	0,
					"end":	1.0010831356048584,
					"seconds":	1.0010831356048584,
					"bytes":	1285824,
					"bits_per_second":	10275462.280947126,
					"packets":	888,
					"omitted":	true
				}],
			"sum":	{
				"start":	0,
				"end":	1.0010831356048584,
				"seconds":	1.0010831356048584,
				"bytes":	1285824,
				"bits_per_second":	10275462.280947126,
				"packets":	888,
				"omitted":	true
			}
		}, {
			"streams":	[{
					"socket":	5,
					"start":	0.0016329288482666016,
					"end":	0.99849700927734375,
					"seconds":	1.0001299381256104,
					"bytes":	1395872,
					"bits_per_second":	11165525.172587618,
					"packets":	964,
					"omitted":	false
				}],
			"sum":	{
				"start":	0.0016329288482666016,
				"end":	0.99849700927734375,
				"seconds":	1.0001299381256104,
				"bytes":	1395872,
				"bits_per_second":	11165525.172587618,
				"packets":	964,
				"omitted":	false
			}
		}, {
			"streams":	[{
					"socket":	5,
					"start":	0.99849700927734375,
					"end":	1.9986410140991211,
					"seconds":	1.0001440048217773,
					"bytes":	1298856,
					"bits_per_second":	10389351.883233672,
					"packets":	897,
					"omitted":	false
				}],
			"sum":	{
				"start":	0.99849700927734375,
				"end":	1.9986410140991211,
				"seconds":	1.0001440048217773,
				"bytes":	1298856,
				"bits_per_second":	10389351.883233672,
				"packets":	897,
				"omitted":	false
			}
		}, {
			"streams":	[{
					"socket":	5,
					"start":	1.9986410140991211,
					"end":	2.9984560012817383,
					"seconds":	0.99981498718261719,
					"bytes":	978848,
					"bits_per_second":	7832233.0635054782,
					"packets":	676,
					"omitted":	false
				}],
			"sum":	{
				"start":	1.9986410140991211,
				"end":	2.9984560012817383,
				"seconds":	0.99981498718261719,
				"bytes":	978848,
				"bits_per_second":	7832233.0635054782,
				"packets":	676,
				"omitted":	false
			}
		}, {
			"streams":	[{
					"socket":	5,
					"start":	2.9984560012817383,
					"end":	3.9985220432281494,
					"seconds":	1.0000660419464111,
					"bytes":	1077312,
					"bits_per_second":	8617926.8553364445,
					"packets":	744,
					"omitted":	false
				}],
			"sum":	{
				"start":	2.9984560012817383,
				"end":	3.9985220432281494,
				"seconds":	1.0000660419464111,
				"bytes":	1077312,
				"bits_per_second":	8617926.8553364445,
				"packets":	744,
				"omitted":	false
			}
		}, {
			"streams":	[{
					"socket":	5,
					"start":	3.9985220432281494,
					"end":	4.9976129531860352,
					"seconds":	0.99909090995788574,
					"bytes":	1233696,
					"bits_per_second":	9878548.4900628589,
					"packets":	852,
					"omitted":	false
				}],
			"sum":	{
				"start":	3.9985220432281494,
				"end":	4.9976129531860352,
				"seconds":	0.99909090995788574,
				"bytes":	1233696,
				"bits_per_second":	9878548.4900628589,
				"packets":	852,
				"omitted":	false
			}
		}],
	"end":	{
		"streams":	[{
				"udp":	{
					"socket":	5,
					"start":	0,
					"end":	4.9976129531860352,
					"seconds":	4.9976129531860352,
					"bytes":	5984584,
					"bits_per_second":	9579907.9377441742,
					"jitter_ms":	2.4999767838711775,
					"lost_packets":	3,
					"packets":	4133,
					"lost_percent":	0.072586498911202516,
					"out_of_order":	0
				}
			}],
		"sum":	{
			"start":	0,
			"end":	5.059269905090332,
			"seconds":	5.059269905090332,
			"bytes":	5984584,
			"bits_per_second":	9579907.9377441742,
			"jitter_ms":	2.4999767838711775,
			"lost_packets":	3,
			"packets":	4133,
			"lost_percent":	0.072586498911202516
		},
		"cpu_utilization_percent":	{
			"host_total":	23.964533604990269,
			"host_user":	3.9389599077889486,
			"host_system":	20.023046197927155,
			"remote_total":	8.0467741567297679,
			"remote_user":	1.8158273739608279,
			"remote_system":	6.2256938535799815
		}
	}
}
