{
	"start":	{
		"connected":	[{
				"socket":	5,
				"local_host":	"10.120.137.14",
				"local_port":	51230,
				"remote_host":	"10.120.137.132",
				"remote_port":	5201
			}],
		"version":	"iperf 3.5",
		"system_info":	"Linux KN6GFJ-CHTEST-D 4.9.152 #0 Wed Jan 30 12:21:02 2019 mips",
		"timestamp":	{
			"time":	"Fri, 20 Mar 2020 11:06:40 GMT",
			"timesecs":	1584702400
		},
		"connecting_to":	{
			"host":	"10.120.137.132",
			"port":	5201
		},
		"cookie":	"p4ugmssp2bxh72fg4dhb2dhnsi3qnsghrruf",
		"sock_bufsize":	0,
		"sndbuf_actual":	163840,
		"rcvbuf_actual":	163840,
		"test_start":	{
			"protocol":	"UDP",
			"num_streams":	1,
			"blksize":	1448,
			"omit":	1,
			"duration":	5,
			"bytes":	0,
			"blocks":	0,
			"reverse":	0,
			"tos":	117
		}
	},
	"intervals":	[{
			"streams":	[{
					"socket":	5,
					"start":	0,
					"end":	1.0001881122589111,
					"seconds":	1.0001881122589111,
					"bytes":	757304,
					"bits_per_second":	6057292.5490157194,
					"packets":	523,
					"omitted":	true
				}],
			"sum":	{
				"start":	0,
				"end":	1.0001881122589111,
				"seconds":	1.0001881122589111,
				"bytes":	757304,
				"bits_per_second":	6057292.5490157194,
				"packets":	523,
				"omitted":	true
			}
		}, {
			"streams":	[{
					"socket":	5,
					"start":	0.00040292739868164062,
					"end":	0.9996039867401123,
					"seconds":	1.0000069141387939,
					"bytes":	556032,
					"bits_per_second":	4448225.2443532739,
					"packets":	384,
					"omitted":	false
				}],
			"sum":	{
				"start":	0.00040292739868164062,
				"end":	0.9996039867401123,
				"seconds":	1.0000069141387939,
				"bytes":	556032,
				"bits_per_second":	4448225.2443532739,
				"packets":	384,
				"omitted":	false
			}
		}, {
			"streams":	[{
					"socket":	5,
					"start":	0.9996039867401123,
					"end":	1.9996039867401123,
					"seconds":	1,
					"bytes":	590784,
					"bits_per_second":	4726272,
					"packets":	408,
					"omitted":	false
				}],
			"sum":	{
				"start":	0.9996039867401123,
				"end":	1.9996039867401123,
				"seconds":	1,
				"bytes":	590784,
				"bits_per_second":	4726272,
				"packets":	408,
				"omitted":	false
			}
		}, {
			"streams":	[{
					"socket":	5,
					"start":	1.9996039867401123,
					"end":	2.9996170997619629,
					"seconds":	1.0000131130218506,
					"bytes":	447432,
					"bits_per_second":	3579409.0631307429,
					"packets":	309,
					"omitted":	false
				}],
			"sum":	{
				"start":	1.9996039867401123,
				"end":	2.9996170997619629,
				"seconds":	1.0000131130218506,
				"bytes":	447432,
				"bits_per_second":	3579409.0631307429,
				"packets":	309,
				"omitted":	false
			}
		}, {
			"streams":	[{
					"socket":	5,
					"start":	2.9996170997619629,
					"end":	3.9998471736907959,
					"seconds":	1.000230073928833,
					"bytes":	667528,
					"bits_per_second":	5338995.6362979347,
					"packets":	461,
					"omitted":	false
				}],
			"sum":	{
				"start":	2.9996170997619629,
				"end":	3.9998471736907959,
				"seconds":	1.000230073928833,
				"bytes":	667528,
				"bits_per_second":	5338995.6362979347,
				"packets":	461,
				"omitted":	false
			}
		}, {
			"streams":	[{
					"socket":	5,
					"start":	3.9998471736907959,
					"end":	4.999614953994751,
					"seconds":	0.99976778030395508,
					"bytes":	554584,
					"bits_per_second":	4437702.52193078,
					"packets":	383,
					"omitted":	false
				}],
			"sum":	{
				"start":	3.9998471736907959,
				"end":	4.999614953994751,
				"seconds":	0.99976778030395508,
				"bytes":	554584,
				"bits_per_second":	4437702.52193078,
				"packets":	383,
				"omitted":	false
			}
		}],
	"end":	{
		"streams":	[{
				"udp":	{
					"socket":	5,
					"start":	0,
					"end":	4.999614953994751,
					"seconds":	4.999614953994751,
					"bytes":	2816360,
					"bits_per_second":	4506523.0437391112,
					"jitter_ms":	3.2367419614905089,
					"lost_packets":	4,
					"packets":	1945,
					"lost_percent":	0.20565552699228792,
					"out_of_order":	0
				}
			}],
		"sum":	{
			"start":	0,
			"end":	5.093641996383667,
			"seconds":	5.093641996383667,
			"bytes":	2816360,
			"bits_per_second":	4506523.0437391112,
			"jitter_ms":	3.2367419614905089,
			"lost_packets":	4,
			"packets":	1945,
			"lost_percent":	0.20565552699228792
		},
		"cpu_utilization_percent":	{
			"host_total":	13.073030470500079,
			"host_user":	4.2612416471469023,
			"host_system":	8.8502711133051033,
			"remote_total":	4.9736118706538646,
			"remote_user":	1.5110722445013798,
			"remote_system":	3.4342551011394997
		}
	}
}
