{
	"start":	{
		"connected":	[{
				"socket":	5,
				"local_host":	"10.120.137.14",
				"local_port":	52713,
				"remote_host":	"10.120.137.132",
				"remote_port":	5201
			}],
		"version":	"iperf 3.5",
		"system_info":	"Linux KN6GFJ-CHTEST-D 4.9.152 #0 Wed Jan 30 12:21:02 2019 mips",
		"timestamp":	{
			"time":	"Fri, 20 Mar 2020 11:10:32 GMT",
			"timesecs":	1584702632
		},
		"connecting_to":	{
			"host":	"10.120.137.132",
			"port":	5201
		},
		"cookie":	"f67cnhy4bqjidyzvck7tufx3st4mt4hrug4i",
		"sock_bufsize":	0,
		"sndbuf_actual":	163840,
		"rcvbuf_actual":	163840,
		"test_start":	{
			"protocol":	"UDP",
			"num_streams":	1,
			"blksize":	1448,
			"omit":	1,
			"duration":	5,
			"bytes":	0,
			"blocks":	0,
			"reverse":	0,
			"tos":	117
		}
	},
	"intervals":	[{
			"streams":	[{
					"socket":	5,
					"start":	0,
					"end":	1.0002470016479492,
					"seconds":	1.0002470016479492,
					"bytes":	501008,
					"bits_per_second":	4007074.2460577688,
					"packets":	346,
					"omitted":	true
				}],
			"sum":	{
				"start":	0,
				"end":	1.0002470016479492,
				"seconds":	1.0002470016479492,
				"bytes":	501008,
				"bits_per_second":	4007074.2460577688,
				"packets":	346,
				"omitted":	true
			}
		}, {
			"streams":	[{
					"socket":	5,
					"start":	0.00040316581726074219,
					"end":	0.99966979026794434,
					"seconds":	1.0000729560852051,
					"bytes":	499560,
					"bits_per_second":	3996188.4537346736,
					"packets":	345,
					"omitted":	false
				}],
			"sum":	{
				"start":	0.00040316581726074219,
				"end":	0.99966979026794434,
				"seconds":	1.0000729560852051,
				"bytes":	499560,
				"bits_per_second":	3996188.4537346736,
				"packets":	345,
				"omitted":	false
			}
		}, {
			"streams":	[{
					"socket":	5,
					"start":	0.99966979026794434,
					"end":	1.9996669292449951,
					"seconds":	0.99999713897705078,
					"bytes":	499560,
					"bits_per_second":	3996491.4340537093,
					"packets":	345,
					"omitted":	false
				}],
			"sum":	{
				"start":	0.99966979026794434,
				"end":	1.9996669292449951,
				"seconds":	0.99999713897705078,
				"bytes":	499560,
				"bits_per_second":	3996491.4340537093,
				"packets":	345,
				"omitted":	false
			}
		}, {
			"streams":	[{
					"socket":	5,
					"start":	1.9996669292449951,
					"end":	2.9997940063476562,
					"seconds":	1.0001270771026611,
					"bytes":	501008,
					"bits_per_second":	4007554.7315559578,
					"packets":	346,
					"omitted":	false
				}],
			"sum":	{
				"start":	1.9996669292449951,
				"end":	2.9997940063476562,
				"seconds":	1.0001270771026611,
				"bytes":	501008,
				"bits_per_second":	4007554.7315559578,
				"packets":	346,
				"omitted":	false
			}
		}, {
			"streams":	[{
					"socket":	5,
					"start":	2.9997940063476562,
					"end":	3.9996669292449951,
					"seconds":	0.99987292289733887,
					"bytes":	499560,
					"bits_per_second":	3996987.9256449626,
					"packets":	345,
					"omitted":	false
				}],
			"sum":	{
				"start":	2.9997940063476562,
				"end":	3.9996669292449951,
				"seconds":	0.99987292289733887,
				"bytes":	499560,
				"bits_per_second":	3996987.9256449626,
				"packets":	345,
				"omitted":	false
			}
		}, {
			"streams":	[{
					"socket":	5,
					"start":	3.9996669292449951,
					"end":	4.9995808601379395,
					"seconds":	0.99991393089294434,
					"bytes":	499560,
					"bits_per_second":	3996824.0030730031,
					"packets":	345,
					"omitted":	false
				}],
			"sum":	{
				"start":	3.9996669292449951,
				"end":	4.9995808601379395,
				"seconds":	0.99991393089294434,
				"bytes":	499560,
				"bits_per_second":	3996824.0030730031,
				"packets":	345,
				"omitted":	false
			}
		}],
	"end":	{
		"streams":	[{
				"udp":	{
					"socket":	5,
					"start":	0,
					"end":	4.9995808601379395,
					"seconds":	4.9995808601379395,
					"bytes":	2499248,
					"bits_per_second":	3999132.0391302486,
					"jitter_ms":	1.0698638279532615,
					"lost_packets":	0,
					"packets":	1726,
					"lost_percent":	0,
					"out_of_order":	0
				}
			}],
		"sum":	{
			"start":	0,
			"end":	5.0509090423583984,
			"seconds":	5.0509090423583984,
			"bytes":	2499248,
			"bits_per_second":	3999132.0391302486,
			"jitter_ms":	1.0698638279532615,
			"lost_packets":	0,
			"packets":	1726,
			"lost_percent":	0
		},
		"cpu_utilization_percent":	{
			"host_total":	19.879401309077277,
			"host_user":	2.4576534030389374,
			"host_system":	17.367417381475157,
			"remote_total":	4.9187582792391806,
			"remote_user":	1.6802436818636954,
			"remote_system":	3.2312378497378753
		}
	}
}
