{
	"start":	{
		"connected":	[{
				"socket":	5,
				"local_host":	"10.120.137.14",
				"local_port":	37897,
				"remote_host":	"10.120.137.132",
				"remote_port":	5201
			}],
		"version":	"iperf 3.5",
		"system_info":	"Linux KN6GFJ-CHTEST-D 4.9.152 #0 Wed Jan 30 12:21:02 2019 mips",
		"timestamp":	{
			"time":	"Fri, 20 Mar 2020 11:07:48 GMT",
			"timesecs":	1584702468
		},
		"connecting_to":	{
			"host":	"10.120.137.132",
			"port":	5201
		},
		"cookie":	"bsivodizz4hn7vwmpu444hemuy6dp6z2jqa7",
		"sock_bufsize":	0,
		"sndbuf_actual":	163840,
		"rcvbuf_actual":	163840,
		"test_start":	{
			"protocol":	"UDP",
			"num_streams":	1,
			"blksize":	1448,
			"omit":	1,
			"duration":	5,
			"bytes":	0,
			"blocks":	0,
			"reverse":	0,
			"tos":	118
		}
	},
	"intervals":	[{
			"streams":	[{
					"socket":	5,
					"start":	0,
					"end":	1.00016188621521,
					"seconds":	1.00016188621521,
					"bytes":	784816,
					"bits_per_second":	6277511.7573806616,
					"packets":	542,
					"omitted":	true
				}],
			"sum":	{
				"start":	0,
				"end":	1.00016188621521,
				"seconds":	1.00016188621521,
				"bytes":	784816,
				"bits_per_second":	6277511.7573806616,
				"packets":	542,
				"omitted":	true
			}
		}, {
			"streams":	[{
					"socket":	5,
					"start":	0.00040793418884277344,
					"end":	1.0000710487365723,
					"seconds":	1.000478982925415,
					"bytes":	692144,
					"bits_per_second":	5534501.0684875036,
					"packets":	478,
					"omitted":	false
				}],
			"sum":	{
				"start":	0.00040793418884277344,
				"end":	1.0000710487365723,
				"seconds":	1.000478982925415,
				"bytes":	692144,
				"bits_per_second":	5534501.0684875036,
				"packets":	478,
				"omitted":	false
			}
		}, {
			"streams":	[{
					"socket":	5,
					"start":	1.0000710487365723,
					"end":	2.0003840923309326,
					"seconds":	1.0003130435943604,
					"bytes":	453224,
					"bits_per_second":	3624657.3242428945,
					"packets":	313,
					"omitted":	false
				}],
			"sum":	{
				"start":	1.0000710487365723,
				"end":	2.0003840923309326,
				"seconds":	1.0003130435943604,
				"bytes":	453224,
				"bits_per_second":	3624657.3242428945,
				"packets":	313,
				"omitted":	false
			}
		}, {
			"streams":	[{
					"socket":	5,
					"start":	2.0003840923309326,
					"end":	3.0000731945037842,
					"seconds":	0.99968910217285156,
					"bytes":	574856,
					"bits_per_second":	4600278.2165017882,
					"packets":	397,
					"omitted":	false
				}],
			"sum":	{
				"start":	2.0003840923309326,
				"end":	3.0000731945037842,
				"seconds":	0.99968910217285156,
				"bytes":	574856,
				"bits_per_second":	4600278.2165017882,
				"packets":	397,
				"omitted":	false
			}
		}, {
			"streams":	[{
					"socket":	5,
					"start":	3.0000731945037842,
					"end":	4.0000832080841064,
					"seconds":	1.0000100135803223,
					"bytes":	417024,
					"bits_per_second":	3336158.59310796,
					"packets":	288,
					"omitted":	false
				}],
			"sum":	{
				"start":	3.0000731945037842,
				"end":	4.0000832080841064,
				"seconds":	1.0000100135803223,
				"bytes":	417024,
				"bits_per_second":	3336158.59310796,
				"packets":	288,
				"omitted":	false
			}
		}, {
			"streams":	[{
					"socket":	5,
					"start":	4.0000832080841064,
					"end":	4.9996240139007568,
					"seconds":	0.99954080581665039,
					"bytes":	632776,
					"bits_per_second":	5064533.604372506,
					"packets":	437,
					"omitted":	false
				}],
			"sum":	{
				"start":	4.0000832080841064,
				"end":	4.9996240139007568,
				"seconds":	0.99954080581665039,
				"bytes":	632776,
				"bits_per_second":	5064533.604372506,
				"packets":	437,
				"omitted":	false
			}
		}],
	"end":	{
		"streams":	[{
				"udp":	{
					"socket":	5,
					"start":	0,
					"end":	4.9996240139007568,
					"seconds":	4.9996240139007568,
					"bytes":	2770024,
					"bits_per_second":	4432371.7020293288,
					"jitter_ms":	2.7415894968979515,
					"lost_packets":	4,
					"packets":	1913,
					"lost_percent":	0.20909566126502874,
					"out_of_order":	0
				}
			}],
		"sum":	{
			"start":	0,
			"end":	5.0859339237213135,
			"seconds":	5.0859339237213135,
			"bytes":	2770024,
			"bits_per_second":	4432371.7020293288,
			"jitter_ms":	2.7415894968979515,
			"lost_packets":	4,
			"packets":	1913,
			"lost_percent":	0.20909566126502874
		},
		"cpu_utilization_percent":	{
			"host_total":	12.967852331960895,
			"host_user":	2.1340071105116922,
			"host_system":	10.834189945674746,
			"remote_total":	5.3844492826776733,
			"remote_user":	1.5129029995365015,
			"remote_system":	3.8510258170020037
		}
	}
}
