{
	"start":	{
		"connected":	[{
				"socket":	5,
				"local_host":	"10.120.137.14",
				"local_port":	57559,
				"remote_host":	"10.120.137.132",
				"remote_port":	5201
			}],
		"version":	"iperf 3.5",
		"system_info":	"Linux KN6GFJ-CHTEST-D 4.9.152 #0 Wed Jan 30 12:21:02 2019 mips",
		"timestamp":	{
			"time":	"Fri, 20 Mar 2020 11:03:20 GMT",
			"timesecs":	1584702200
		},
		"connecting_to":	{
			"host":	"10.120.137.132",
			"port":	5201
		},
		"cookie":	"kqsuyacxq3erdq2n576naqzhhsccnkizz5so",
		"sock_bufsize":	0,
		"sndbuf_actual":	163840,
		"rcvbuf_actual":	163840,
		"test_start":	{
			"protocol":	"UDP",
			"num_streams":	1,
			"blksize":	1448,
			"omit":	1,
			"duration":	5,
			"bytes":	0,
			"blocks":	0,
			"reverse":	0,
			"tos":	118
		}
	},
	"intervals":	[{
			"streams":	[{
					"socket":	5,
					"start":	0,
					"end":	1.0004379749298096,
					"seconds":	1.0004379749298096,
					"bytes":	847080,
					"bits_per_second":	6773673.3009114806,
					"packets":	585,
					"omitted":	true
				}],
			"sum":	{
				"start":	0,
				"end":	1.0004379749298096,
				"seconds":	1.0004379749298096,
				"bytes":	847080,
				"bits_per_second":	6773673.3009114806,
				"packets":	585,
				"omitted":	true
			}
		}, {
			"streams":	[{
					"socket":	5,
					"start":	0.00046396255493164062,
					"end":	0.99973607063293457,
					"seconds":	1.0002000331878662,
					"bytes":	677664,
					"bits_per_second":	5420227.7745592939,
					"packets":	468,
					"omitted":	false
				}],
			"sum":	{
				"start":	0.00046396255493164062,
				"end":	0.99973607063293457,
				"seconds":	1.0002000331878662,
				"bytes":	677664,
				"bits_per_second":	5420227.7745592939,
				"packets":	468,
				"omitted":	false
			}
		}, {
			"streams":	[{
					"socket":	5,
					"start":	0.99973607063293457,
					"end":	1.9996480941772461,
					"seconds":	0.99991202354431152,
					"bytes":	653048,
					"bits_per_second":	5224843.663227017,
					"packets":	451,
					"omitted":	false
				}],
			"sum":	{
				"start":	0.99973607063293457,
				"end":	1.9996480941772461,
				"seconds":	0.99991202354431152,
				"bytes":	653048,
				"bits_per_second":	5224843.663227017,
				"packets":	451,
				"omitted":	false
			}
		}, {
			"streams":	[{
					"socket":	5,
					"start":	1.9996480941772461,
					"end":	2.9996061325073242,
					"seconds":	0.99995803833007812,
					"bytes":	670424,
					"bits_per_second":	5363617.0663289251,
					"packets":	463,
					"omitted":	false
				}],
			"sum":	{
				"start":	1.9996480941772461,
				"end":	2.9996061325073242,
				"seconds":	0.99995803833007812,
				"bytes":	670424,
				"bits_per_second":	5363617.0663289251,
				"packets":	463,
				"omitted":	false
			}
		}, {
			"streams":	[{
					"socket":	5,
					"start":	2.9996061325073242,
					"end":	3.999629020690918,
					"seconds":	1.0000228881835938,
					"bytes":	537208,
					"bits_per_second":	4297565.6365287052,
					"packets":	371,
					"omitted":	false
				}],
			"sum":	{
				"start":	2.9996061325073242,
				"end":	3.999629020690918,
				"seconds":	1.0000228881835938,
				"bytes":	537208,
				"bits_per_second":	4297565.6365287052,
				"packets":	371,
				"omitted":	false
			}
		}, {
			"streams":	[{
					"socket":	5,
					"start":	3.999629020690918,
					"end":	4.9993069171905518,
					"seconds":	0.99967789649963379,
					"bytes":	676216,
					"bits_per_second":	5411471.0537685491,
					"packets":	467,
					"omitted":	false
				}],
			"sum":	{
				"start":	3.999629020690918,
				"end":	4.9993069171905518,
				"seconds":	0.99967789649963379,
				"bytes":	676216,
				"bits_per_second":	5411471.0537685491,
				"packets":	467,
				"omitted":	false
			}
		}],
	"end":	{
		"streams":	[{
				"udp":	{
					"socket":	5,
					"start":	0,
					"end":	4.9993069171905518,
					"seconds":	4.9993069171905518,
					"bytes":	3214560,
					"bits_per_second":	5144009.0448481264,
					"jitter_ms":	1.5452384866257842,
					"lost_packets":	2,
					"packets":	2220,
					"lost_percent":	0.090090090090090086,
					"out_of_order":	0
				}
			}],
		"sum":	{
			"start":	0,
			"end":	5.1558980941772461,
			"seconds":	5.1558980941772461,
			"bytes":	3214560,
			"bits_per_second":	5144009.0448481264,
			"jitter_ms":	1.5452384866257842,
			"lost_packets":	2,
			"packets":	2220,
			"lost_percent":	0.090090090090090086
		},
		"cpu_utilization_percent":	{
			"host_total":	17.35917236921221,
			"host_user":	3.7620770852866143,
			"host_system":	13.576191220816913,
			"remote_total":	5.8103879854050211,
			"remote_user":	1.3544469948681357,
			"remote_system":	4.469675083064848
		}
	}
}
