{
	"start":	{
		"connected":	[{
				"socket":	5,
				"local_host":	"10.120.137.14",
				"local_port":	37622,
				"remote_host":	"10.120.137.132",
				"remote_port":	5201
			}],
		"version":	"iperf 3.5",
		"system_info":	"Linux KN6GFJ-CHTEST-D 4.9.152 #0 Wed Jan 30 12:21:02 2019 mips",
		"timestamp":	{
			"time":	"Fri, 20 Mar 2020 11:17:33 GMT",
			"timesecs":	1584703053
		},
		"connecting_to":	{
			"host":	"10.120.137.132",
			"port":	5201
		},
		"cookie":	"pyoez4uqw6fcab6vzrdlmk2a5lu3oqigtejb",
		"sock_bufsize":	0,
		"sndbuf_actual":	163840,
		"rcvbuf_actual":	163840,
		"test_start":	{
			"protocol":	"UDP",
			"num_streams":	1,
			"blksize":	1448,
			"omit":	1,
			"duration":	5,
			"bytes":	0,
			"blocks":	0,
			"reverse":	0,
			"tos":	118
		}
	},
	"intervals":	[{
			"streams":	[{
					"socket":	5,
					"start":	0,
					"end":	1.0001580715179443,
					"seconds":	1.0001580715179443,
					"bytes":	1411800,
					"bits_per_second":	11292614.959211836,
					"packets":	975,
					"omitted":	true
				}],
			"sum":	{
				"start":	0,
				"end":	1.0001580715179443,
				"seconds":	1.0001580715179443,
				"bytes":	1411800,
				"bits_per_second":	11292614.959211836,
				"packets":	975,
				"omitted":	true
			}
		}, {
			"streams":	[{
					"socket":	5,
					"start":	0.00042009353637695312,
					"end":	1.0001778602600098,
					"seconds":	1.0005979537963867,
					"bytes":	996224,
					"bits_per_second":	7965029.2805033913,
					"packets":	688,
					"omitted":	false
				}],
			"sum":	{
				"start":	0.00042009353637695312,
				"end":	1.0001778602600098,
				"seconds":	1.0005979537963867,
				"bytes":	996224,
				"bits_per_second":	7965029.2805033913,
				"packets":	688,
				"omitted":	false
			}
		}, {
			"streams":	[{
					"socket":	5,
					"start":	1.0001778602600098,
					"end":	1.9996140003204346,
					"seconds":	0.9994361400604248,
					"bytes":	1220664,
					"bits_per_second":	9770821.374749966,
					"packets":	843,
					"omitted":	false
				}],
			"sum":	{
				"start":	1.0001778602600098,
				"end":	1.9996140003204346,
				"seconds":	0.9994361400604248,
				"bytes":	1220664,
				"bits_per_second":	9770821.374749966,
				"packets":	843,
				"omitted":	false
			}
		}, {
			"streams":	[{
					"socket":	5,
					"start":	1.9996140003204346,
					"end":	2.9998447895050049,
					"seconds":	1.0002307891845703,
					"bytes":	1294512,
					"bits_per_second":	10353706.476525003,
					"packets":	894,
					"omitted":	false
				}],
			"sum":	{
				"start":	1.9996140003204346,
				"end":	2.9998447895050049,
				"seconds":	1.0002307891845703,
				"bytes":	1294512,
				"bits_per_second":	10353706.476525003,
				"packets":	894,
				"omitted":	false
			}
		}, {
			"streams":	[{
					"socket":	5,
					"start":	2.9998447895050049,
					"end":	3.9996228218078613,
					"seconds":	0.99977803230285645,
					"bytes":	1301752,
					"bits_per_second":	10416328.088358466,
					"packets":	899,
					"omitted":	false
				}],
			"sum":	{
				"start":	2.9998447895050049,
				"end":	3.9996228218078613,
				"seconds":	0.99977803230285645,
				"bytes":	1301752,
				"bits_per_second":	10416328.088358466,
				"packets":	899,
				"omitted":	false
			}
		}, {
			"streams":	[{
					"socket":	5,
					"start":	3.9996228218078613,
					"end":	4.9996638298034668,
					"seconds":	1.0000410079956055,
					"bytes":	1427728,
					"bits_per_second":	11421355.63309839,
					"packets":	986,
					"omitted":	false
				}],
			"sum":	{
				"start":	3.9996228218078613,
				"end":	4.9996638298034668,
				"seconds":	1.0000410079956055,
				"bytes":	1427728,
				"bits_per_second":	11421355.63309839,
				"packets":	986,
				"omitted":	false
			}
		}],
	"end":	{
		"streams":	[{
				"udp":	{
					"socket":	5,
					"start":	0,
					"end":	4.9996638298034668,
					"seconds":	4.9996638298034668,
					"bytes":	6240880,
					"bits_per_second":	9986079.404455198,
					"jitter_ms":	1.7198484208076954,
					"lost_packets":	1,
					"packets":	4310,
					"lost_percent":	0.023201856148491878,
					"out_of_order":	0
				}
			}],
		"sum":	{
			"start":	0,
			"end":	5.0676870346069336,
			"seconds":	5.0676870346069336,
			"bytes":	6240880,
			"bits_per_second":	9986079.404455198,
			"jitter_ms":	1.7198484208076954,
			"lost_packets":	1,
			"packets":	4310,
			"lost_percent":	0.023201856148491878
		},
		"cpu_utilization_percent":	{
			"host_total":	24.684726476694777,
			"host_user":	4.2528822682780287,
			"host_system":	20.446549366721296,
			"remote_total":	7.752210787075259,
			"remote_user":	2.0411329104105942,
			"remote_system":	5.7631988058652075
		}
	}
}
