{
	"start":	{
		"connected":	[{
				"socket":	5,
				"local_host":	"10.120.137.14",
				"local_port":	33986,
				"remote_host":	"10.120.137.132",
				"remote_port":	5201
			}],
		"version":	"iperf 3.5",
		"system_info":	"Linux KN6GFJ-CHTEST-D 4.9.152 #0 Wed Jan 30 12:21:02 2019 mips",
		"timestamp":	{
			"time":	"Fri, 20 Mar 2020 11:15:46 GMT",
			"timesecs":	1584702946
		},
		"connecting_to":	{
			"host":	"10.120.137.132",
			"port":	5201
		},
		"cookie":	"uil2raf2xbnwnk5ewjsh7lwdhe6ldxd7c36q",
		"sock_bufsize":	0,
		"sndbuf_actual":	163840,
		"rcvbuf_actual":	163840,
		"test_start":	{
			"protocol":	"UDP",
			"num_streams":	1,
			"blksize":	1448,
			"omit":	1,
			"duration":	5,
			"bytes":	0,
			"blocks":	0,
			"reverse":	0,
			"tos":	118
		}
	},
	"intervals":	[{
			"streams":	[{
					"socket":	5,
					"start":	0,
					"end":	1.0002450942993164,
					"seconds":	1.0002450942993164,
					"bytes":	1374152,
					"bits_per_second":	10990522.285641279,
					"packets":	949,
					"omitted":	true
				}],
			"sum":	{
				"start":	0,
				"end":	1.0002450942993164,
				"seconds":	1.0002450942993164,
				"bytes":	1374152,
				"bits_per_second":	10990522.285641279,
				"packets":	949,
				"omitted":	true
			}
		}, {
			"streams":	[{
					"socket":	5,
					"start":	0.0013549327850341797,
					"end":	0.99880719184875488,
					"seconds":	1.0001621246337891,
					"bytes":	1377048,
					"bits_per_second":	11014598.262290392,
					"packets":	951,
					"omitted":	false
				}],
			"sum":	{
				"start":	0.0013549327850341797,
				"end":	0.99880719184875488,
				"seconds":	1.0001621246337891,
				"bytes":	1377048,
				"bits_per_second":	11014598.262290392,
				"packets":	951,
				"omitted":	false
			}
		}, {
			"streams":	[{
					"socket":	5,
					"start":	0.99880719184875488,
					"end":	1.9987051486968994,
					"seconds":	0.99989795684814453,
					"bytes":	1374152,
					"bits_per_second":	10994337.896891562,
					"packets":	949,
					"omitted":	false
				}],
			"sum":	{
				"start":	0.99880719184875488,
				"end":	1.9987051486968994,
				"seconds":	0.99989795684814453,
				"bytes":	1374152,
				"bits_per_second":	10994337.896891562,
				"packets":	949,
				"omitted":	false
			}
		}, {
			"streams":	[{
					"socket":	5,
					"start":	1.9987051486968994,
					"end":	2.998682975769043,
					"seconds":	0.99997782707214355,
					"bytes":	1374152,
					"bits_per_second":	10993459.75719009,
					"packets":	949,
					"omitted":	false
				}],
			"sum":	{
				"start":	1.9987051486968994,
				"end":	2.998682975769043,
				"seconds":	0.99997782707214355,
				"bytes":	1374152,
				"bits_per_second":	10993459.75719009,
				"packets":	949,
				"omitted":	false
			}
		}, {
			"streams":	[{
					"socket":	5,
					"start":	2.998682975769043,
					"end":	3.9989731311798096,
					"seconds":	1.0002901554107666,
					"bytes":	1183016,
					"bits_per_second":	9461382.72860796,
					"packets":	817,
					"omitted":	false
				}],
			"sum":	{
				"start":	2.998682975769043,
				"end":	3.9989731311798096,
				"seconds":	1.0002901554107666,
				"bytes":	1183016,
				"bits_per_second":	9461382.72860796,
				"packets":	817,
				"omitted":	false
			}
		}, {
			"streams":	[{
					"socket":	5,
					"start":	3.9989731311798096,
					"end":	4.9986550807952881,
					"seconds":	0.99968194961547852,
					"bytes":	1501576,
					"bits_per_second":	12016429.830128048,
					"packets":	1037,
					"omitted":	false
				}],
			"sum":	{
				"start":	3.9989731311798096,
				"end":	4.9986550807952881,
				"seconds":	0.99968194961547852,
				"bytes":	1501576,
				"bits_per_second":	12016429.830128048,
				"packets":	1037,
				"omitted":	false
			}
		}],
	"end":	{
		"streams":	[{
				"udp":	{
					"socket":	5,
					"start":	0,
					"end":	4.9986550807952881,
					"seconds":	4.9986550807952881,
					"bytes":	6809944,
					"bits_per_second":	10898842.012386316,
					"jitter_ms":	2.2937494310150184,
					"lost_packets":	0,
					"packets":	4703,
					"lost_percent":	0,
					"out_of_order":	0
				}
			}],
		"sum":	{
			"start":	0,
			"end":	5.0770039558410645,
			"seconds":	5.0770039558410645,
			"bytes":	6809944,
			"bits_per_second":	10898842.012386316,
			"jitter_ms":	2.2937494310150184,
			"lost_packets":	0,
			"packets":	4703,
			"lost_percent":	0
		},
		"cpu_utilization_percent":	{
			"host_total":	28.548381736869789,
			"host_user":	6.0569560129121207,
			"host_system":	22.427107399161095,
			"remote_total":	11.519334198978767,
			"remote_user":	3.0241688827867881,
			"remote_system":	8.5226577605809481
		}
	}
}
