{
	"start":	{
		"connected":	[{
				"socket":	5,
				"local_host":	"10.120.137.14",
				"local_port":	53585,
				"remote_host":	"10.120.137.132",
				"remote_port":	5201
			}],
		"version":	"iperf 3.5",
		"system_info":	"Linux KN6GFJ-CHTEST-D 4.9.152 #0 Wed Jan 30 12:21:02 2019 mips",
		"timestamp":	{
			"time":	"Fri, 20 Mar 2020 11:06:18 GMT",
			"timesecs":	1584702378
		},
		"connecting_to":	{
			"host":	"10.120.137.132",
			"port":	5201
		},
		"cookie":	"siptwfdsck674ruu7bmidzwltm44hly7hleu",
		"sock_bufsize":	0,
		"sndbuf_actual":	163840,
		"rcvbuf_actual":	163840,
		"test_start":	{
			"protocol":	"UDP",
			"num_streams":	1,
			"blksize":	1448,
			"omit":	1,
			"duration":	5,
			"bytes":	0,
			"blocks":	0,
			"reverse":	0,
			"tos":	117
		}
	},
	"intervals":	[{
			"streams":	[{
					"socket":	5,
					"start":	0,
					"end":	1.0001599788665771,
					"seconds":	1.0001599788665771,
					"bytes":	583544,
					"bits_per_second":	4667605.2817973886,
					"packets":	403,
					"omitted":	true
				}],
			"sum":	{
				"start":	0,
				"end":	1.0001599788665771,
				"seconds":	1.0001599788665771,
				"bytes":	583544,
				"bits_per_second":	4667605.2817973886,
				"packets":	403,
				"omitted":	true
			}
		}, {
			"streams":	[{
					"socket":	5,
					"start":	0.00041103363037109375,
					"end":	0.99962711334228516,
					"seconds":	1.0000381469726562,
					"bytes":	625536,
					"bits_per_second":	5004097.10884442,
					"packets":	432,
					"omitted":	false
				}],
			"sum":	{
				"start":	0.00041103363037109375,
				"end":	0.99962711334228516,
				"seconds":	1.0000381469726562,
				"bytes":	625536,
				"bits_per_second":	5004097.10884442,
				"packets":	432,
				"omitted":	false
			}
		}, {
			"streams":	[{
					"socket":	5,
					"start":	0.99962711334228516,
					"end":	2.0000209808349609,
					"seconds":	1.0003938674926758,
					"bytes":	666080,
					"bits_per_second":	5326542.0482388278,
					"packets":	460,
					"omitted":	false
				}],
			"sum":	{
				"start":	0.99962711334228516,
				"end":	2.0000209808349609,
				"seconds":	1.0003938674926758,
				"bytes":	666080,
				"bits_per_second":	5326542.0482388278,
				"packets":	460,
				"omitted":	false
			}
		}, {
			"streams":	[{
					"socket":	5,
					"start":	2.0000209808349609,
					"end":	2.9996271133422852,
					"seconds":	0.99960613250732422,
					"bytes":	577752,
					"bits_per_second":	4623837.179156295,
					"packets":	399,
					"omitted":	false
				}],
			"sum":	{
				"start":	2.0000209808349609,
				"end":	2.9996271133422852,
				"seconds":	0.99960613250732422,
				"bytes":	577752,
				"bits_per_second":	4623837.179156295,
				"packets":	399,
				"omitted":	false
			}
		}, {
			"streams":	[{
					"socket":	5,
					"start":	2.9996271133422852,
					"end":	3.9996249675750732,
					"seconds":	0.99999785423278809,
					"bytes":	599472,
					"bits_per_second":	4795786.2906409781,
					"packets":	414,
					"omitted":	false
				}],
			"sum":	{
				"start":	2.9996271133422852,
				"end":	3.9996249675750732,
				"seconds":	0.99999785423278809,
				"bytes":	599472,
				"bits_per_second":	4795786.2906409781,
				"packets":	414,
				"omitted":	false
			}
		}, {
			"streams":	[{
					"socket":	5,
					"start":	3.9996249675750732,
					"end":	4.9996340274810791,
					"seconds":	1.0000090599060059,
					"bytes":	692144,
					"bits_per_second":	5537101.8343778355,
					"packets":	478,
					"omitted":	false
				}],
			"sum":	{
				"start":	3.9996249675750732,
				"end":	4.9996340274810791,
				"seconds":	1.0000090599060059,
				"bytes":	692144,
				"bits_per_second":	5537101.8343778355,
				"packets":	478,
				"omitted":	false
			}
		}],
	"end":	{
		"streams":	[{
				"udp":	{
					"socket":	5,
					"start":	0,
					"end":	4.9996340274810791,
					"seconds":	4.9996340274810791,
					"bytes":	3160984,
					"bits_per_second":	5057944.6137461709,
					"jitter_ms":	4.48795364722844,
					"lost_packets":	2,
					"packets":	2183,
					"lost_percent":	0.091617040769583144,
					"out_of_order":	0
				}
			}],
		"sum":	{
			"start":	0,
			"end":	5.1255910396575928,
			"seconds":	5.1255910396575928,
			"bytes":	3160984,
			"bits_per_second":	5057944.6137461709,
			"jitter_ms":	4.48795364722844,
			"lost_packets":	2,
			"packets":	2183,
			"lost_percent":	0.091617040769583144
		},
		"cpu_utilization_percent":	{
			"host_total":	14.299941738091269,
			"host_user":	4.4212241026798189,
			"host_system":	9.8249424503995968,
			"remote_total":	5.3621901092571411,
			"remote_user":	1.365902084762693,
			"remote_system":	3.96111604581181
		}
	}
}
