{
	"start":	{
		"connected":	[{
				"socket":	5,
				"local_host":	"10.120.137.14",
				"local_port":	35514,
				"remote_host":	"10.120.137.132",
				"remote_port":	5201
			}],
		"version":	"iperf 3.5",
		"system_info":	"Linux KN6GFJ-CHTEST-D 4.9.152 #0 Wed Jan 30 12:21:02 2019 mips",
		"timestamp":	{
			"time":	"Fri, 20 Mar 2020 11:22:33 GMT",
			"timesecs":	1584703353
		},
		"connecting_to":	{
			"host":	"10.120.137.132",
			"port":	5201
		},
		"cookie":	"xhv7snvaz5xdb4losa5ekr6rrywsk7igm5qx",
		"sock_bufsize":	0,
		"sndbuf_actual":	163840,
		"rcvbuf_actual":	163840,
		"test_start":	{
			"protocol":	"UDP",
			"num_streams":	1,
			"blksize":	1448,
			"omit":	1,
			"duration":	5,
			"bytes":	0,
			"blocks":	0,
			"reverse":	0,
			"tos":	118
		}
	},
	"intervals":	[{
			"streams":	[{
					"socket":	5,
					"start":	0,
					"end":	1.00016188621521,
					"seconds":	1.00016188621521,
					"bytes":	1319128,
					"bits_per_second":	10551315.887405504,
					"packets":	911,
					"omitted":	true
				}],
			"sum":	{
				"start":	0,
				"end":	1.00016188621521,
				"seconds":	1.00016188621521,
				"bytes":	1319128,
				"bits_per_second":	10551315.887405504,
				"packets":	911,
				"omitted":	true
			}
		}, {
			"streams":	[{
					"socket":	5,
					"start":	0.00042104721069335938,
					"end":	1.0000739097595215,
					"seconds":	1.0004949569702148,
					"bytes":	1294512,
					"bits_per_second":	10350972.713906748,
					"packets":	894,
					"omitted":	false
				}],
			"sum":	{
				"start":	0.00042104721069335938,
				"end":	1.0000739097595215,
				"seconds":	1.0004949569702148,
				"bytes":	1294512,
				"bits_per_second":	10350972.713906748,
				"packets":	894,
				"omitted":	false
			}
		}, {
			"streams":	[{
					"socket":	5,
					"start":	1.0000739097595215,
					"end":	2.0000729560852051,
					"seconds":	0.99999904632568359,
					"bytes":	1217768,
					"bits_per_second":	9742153.29084138,
					"packets":	841,
					"omitted":	false
				}],
			"sum":	{
				"start":	1.0000739097595215,
				"end":	2.0000729560852051,
				"seconds":	0.99999904632568359,
				"bytes":	1217768,
				"bits_per_second":	9742153.29084138,
				"packets":	841,
				"omitted":	false
			}
		}, {
			"streams":	[{
					"socket":	5,
					"start":	2.0000729560852051,
					"end":	3.0006978511810303,
					"seconds":	1.0006248950958252,
					"bytes":	1326368,
					"bits_per_second":	10604317.414053384,
					"packets":	916,
					"omitted":	false
				}],
			"sum":	{
				"start":	2.0000729560852051,
				"end":	3.0006978511810303,
				"seconds":	1.0006248950958252,
				"bytes":	1326368,
				"bits_per_second":	10604317.414053384,
				"packets":	916,
				"omitted":	false
			}
		}, {
			"streams":	[{
					"socket":	5,
					"start":	3.0006978511810303,
					"end":	4.0000729560852051,
					"seconds":	0.9993751049041748,
					"bytes":	1220664,
					"bits_per_second":	9771418.1112569813,
					"packets":	843,
					"omitted":	false
				}],
			"sum":	{
				"start":	3.0006978511810303,
				"end":	4.0000729560852051,
				"seconds":	0.9993751049041748,
				"bytes":	1220664,
				"bits_per_second":	9771418.1112569813,
				"packets":	843,
				"omitted":	false
			}
		}, {
			"streams":	[{
					"socket":	5,
					"start":	4.0000729560852051,
					"end":	4.9996559619903564,
					"seconds":	0.99958300590515137,
					"bytes":	1220664,
					"bits_per_second":	9769385.7761789653,
					"packets":	843,
					"omitted":	false
				}],
			"sum":	{
				"start":	4.0000729560852051,
				"end":	4.9996559619903564,
				"seconds":	0.99958300590515137,
				"bytes":	1220664,
				"bits_per_second":	9769385.7761789653,
				"packets":	843,
				"omitted":	false
			}
		}],
	"end":	{
		"streams":	[{
				"udp":	{
					"socket":	5,
					"start":	0,
					"end":	4.9996559619903564,
					"seconds":	4.9996559619903564,
					"bytes":	6279976,
					"bits_per_second":	10048653.023717176,
					"jitter_ms":	3.8897739760025041,
					"lost_packets":	0,
					"packets":	4337,
					"lost_percent":	0,
					"out_of_order":	0
				}
			}],
		"sum":	{
			"start":	0,
			"end":	5.0694880485534668,
			"seconds":	5.0694880485534668,
			"bytes":	6279976,
			"bits_per_second":	10048653.023717176,
			"jitter_ms":	3.8897739760025041,
			"lost_packets":	0,
			"packets":	4337,
			"lost_percent":	0
		},
		"cpu_utilization_percent":	{
			"host_total":	23.533203485849207,
			"host_user":	3.770506019940731,
			"host_system":	19.6722053214299,
			"remote_total":	6.142292996903354,
			"remote_user":	1.3205824296747837,
			"remote_system":	4.8021179260901228
		}
	}
}
